track_id,edge,sigma_used_cm,vehicle_id,class_name,frame,time,lon_m,lat_m,speed_mps,speed_kmph,accel_mps2,jerk_mps3,lat_speed_mps,lat_accel_mps2,raw_lon_m,raw_lat_m,box_w_px,box_h_px,confidence,flag_implausible,direction
10212_0,1,2.0951912688858583,10212,Car,7181,239.3002344105313,-25.478674134741688,1.9955138146810902,-0.378094370030835,-1.3611397321110061,5.9201586285924295,0.0013867442428363574,-0.21900718738104435,0.5301581345008178,-25.50080680847168,2.0107976889948147,41.2750244140625,70.14910888671875,0.3106306493282318,1,with_flow
10212_0,1,2.0951912688858583,10212,Car,7182,239.33355849274972,-25.48798662172833,1.9885099706341307,-0.18080968182133517,-0.6509148545568066,5.920209556858748,0.0016698000295735868,-0.20134010765017696,0.5301592853190245,-25.48794937133789,1.9949427032211484,40.727935791015625,69.16456604003906,0.32404471188783646,1,with_flow
10212_0,1,2.0951912688858583,10212,Car,7183,239.36688257496814,-25.49072474795254,1.9820948636709812,0.016476834796271156,0.059316605266576165,5.920269917699377,0.0020844914078142554,-0.1836732689542131,0.5301400252054792,-25.4750919342041,1.9790877174474824,40.18084716796875,68.18002319335938,0.3374587744474411,1,with_flow
10212_0,1,2.0951912688858583,10212,Car,7184,239.40020665718657,-25.48688844555178,1.9762684702444628,0.21376564491994984,0.7695563217118194,5.9203484843848635,0.0027164859164337135,-0.16600773032190447,0.5300774319572599,-25.462234497070312,1.9632327316738163,39.633758544921875,67.19548034667969,0.35087283700704575,1,with_flow
10212_0,1,2.0951912688858583,10212,Car,7185,239.433530739405,-25.47647762673808,1.9710307188697724,0.4110574621650903,1.4798068637943251,5.920450966499426,0.003445321538995036,-0.14834529865669505,0.5299505925503134,-25.449377059936523,1.94737774590015,39.086669921875,66.2109375,0.3642868995666504,1,with_flow
10212_0,1,2.0951912688858583,10212,Car,7186,239.46685482162343,-25.459492177633525,1.9663814675011604,0.60835311104437,2.190071199759732,5.920578108741332,0.004110138450171582,-0.130688354725019,0.5297470918646099,-25.428672790527344,1.9509378774227764,39.5478515625,65.2044677734375,0.4863625466823578,1,with_flow
10212_0,0,2.0951912688858583,10212,Car,7187,239.50017890384186,-25.43593195750628,1.9623204902644782,0.8056533467822155,2.9003520484159755,5.920724899682711,0.004554671994374871,-0.11303947401015199,0.5294677885945736,-25.45368003845215,1.9552895829365309,41.118408203125,64.313232421875,0.4076497554779053,1,with_flow
10212_0,0,2.0951912688858583,10212,Car,7188,239.53350298606028,-25.40579680430385,1.9588474780307155,1.0029586668556825,3.610651200680457,5.920881669269369,0.004725779058345526,-0.09540102231912748,0.5291235118738307,-25.397417068481445,1.9678770641033856,42.210693359375,64.975341796875,0.4211584031581878,1,with_flow
10212_0,0,2.0951912688858583,10212,Car,7189,239.5668270682787,-25.36908654469204,1.9559620498933978,1.200269258536794,4.320969330732458,5.921039864182484,0.00462397950934875,-0.07777492054467688,0.5287288152782401,-25.354050636291504,1.954358569869422,41.45123291015625,64.33404541015625,0.41151881217956543,1,with_flow
10212_0,0,2.0951912688858583,10212,Car,7190,239.60015115049714,-25.325801003879295,1.9536637685742309,1.3975850156297474,5.03130605626709,5.921189849016061,0.004188957421720055,-0.06016264910187119,0.5282952885901306,-25.31068420410156,1.9408400756354585,40.6917724609375,63.6927490234375,0.401879221200943,1,with_flow
10212_0,0,2.0951912688858583,10212,Car,7191,239.63347523271557,-25.27594001647173,1.9519521537738462,1.5949054638684246,5.741659669926329,5.921319050505546,0.003371385060102356,-0.04256530347808525,0.5278356223972285,-25.34148597717285,1.9330109085856004,40.0770263671875,62.38922119140625,0.3585813641548157,1,with_flow
10212_0,0,2.0951912688858583,10212,Car,7192,239.666799314934,-25.219503440292588,1.9508266969023813,1.7922296805863387,6.452026850110819,5.921414545641927,0.002317516675867574,-0.024983442754312413,0.5273702542584711,-25.259904861450195,1.9537497213849864,41.7672119140625,64.4417724609375,0.3021189570426941,1,with_flow
10212_0,0,2.0951912688858583,10212,Car,7193,239.70012339715242,-25.15649116952386,1.9502868840045815,1.9895564644654045,7.162403272075456,5.921473508738044,0.0013075452464690307,-0.007416776878874737,0.5269288596778456,-25.17352549235026,1.9603332799969897,42.398844401041664,64.0545654296875,0.3153464098771413,1,with_flow
10212_0,0,2.0951912688858583,10212,Car,7194,239.73344747937085,-25.086903138124732,1.9503322276609392,2.1868846771307444,7.87278483767068,5.921501691132522,0.0005274920957014834,0.010135994125107184,0.5265408125118798,-25.087146123250324,1.966916838608993,43.030476888020836,63.6673583984375,0.3285738627115885,1,with_flow
10212_0,1,2.0951912688858583,10212,Car,7195,239.76677156158928,-25.010739313891147,1.9509622990959172,2.3842134472818413,8.583168410214629,5.921508665117978,3.892137453391928e-05,0.027677054108737553,0.526229049466473,-25.00076675415039,1.9735003972209963,43.662109375,63.2801513671875,0.3418013155460357,1,with_flow
10212_0,1,2.0951912688858583,10212,Car,7196,239.8000956438077,-24.927999688153307,1.9521767532575474,2.581542235210747,9.29355204675869,5.921504285170692,-0.00018208665678067485,0.04520918474671104,0.5260058396734362,-24.914226531982425,1.9776498628535573,45.778076171875,65.5494384765625,0.3395274877548218,1,with_flow
10212_0,1,2.0951912688858583,10212,Car,7197,239.83341972602614,-24.838684265031876,1.953975342100333,2.7788708024379076,10.003934888776469,5.921496529376535,-0.0002070997830697329,0.06273534700310088,0.5258691950941283,-24.821372985839847,1.9670375024913251,46.9180908203125,65.48255920410156,0.3264085575938225,1,with_flow
10212_0,1,2.0951912688858583,10212,Car,7198,239.86674380824456,-24.74279305266448,1.9563579122756163,2.9761991302825277,10.7143168690171,5.921490482350295,-0.00013080697296306558,0.08025818003402946,0.5258023008603186,-24.728519439697266,1.9564251421290932,48.05810546875,65.41567993164062,0.3132896274328232,1,with_flow
10212_0,1,2.0951912688858583,10212,Car,7199,239.900067890463,-24.640326057615976,1.9593243871134944,3.1735273127099357,11.424698325755768,5.921487811331891,-4.6152456086442276e-05,0.0977796000607708,0.5257799535566843,-24.635665893554688,1.9458127817668611,49.1981201171875,65.34880065917969,0.3001706972718239,1,with_flow
10212_0,1,2.0951912688858583,10212,Car,7200,239.93339197268142,-24.531283282967724,1.9628747394126547,3.3708554492690364,12.13507961736853,5.921487406373813,2.184822614026416e-05,0.11530065987456613,0.5257769692352914,-24.54281234741211,1.935200421404629,50.338134765625,65.28192138671875,0.2870517671108246,1,with_flow
12098_2,1,4.420841383377495,12098,Rickshaw,8791,292.9520067822003,1.320993776720476,2.1399963064843033,5.560815150535395,20.018934541927422,-8.099964869892391,-0.002187463755788599,0.9710482468172102,-4.800162428891283,1.1043390035629272,2.1333997626561145,79.4454345703125,144.9801025390625,0.535726010799408,1,with_flow
12098_2,1,4.420841383377495,12098,Rickshaw,8792,292.98533086441876,1.5018053425875482,2.169690313882457,5.290890150780253,19.047204542808913,-8.10002970414583,-0.001703671370735065,0.8110865834111345,-4.800201131230271,1.862536191940308,2.0609503410763668,79.1793212890625,136.347412109375,0.3917060792446136,1,with_flow
12098_2,1,4.420841383377495,12098,Rickshaw,8793,293.0186549466372,1.6736218719744496,2.194053725954234,5.020963225856379,18.075467613082964,-8.100078416462054,-0.0011111764621089795,0.6511238420105395,-4.800219840704295,1.551546573638916,2.2044782107254544,81.7464599609375,155.0052490234375,0.5243093967437744,1,with_flow
12098_2,1,4.420841383377495,12098,Rickshaw,8794,293.0519790288556,1.8364433113158674,2.213086528510255,4.751035049412482,17.103726177884937,-8.100103762017396,-0.00028926396489071496,0.4911617009471978,-4.800152514146452,1.862536191940308,2.258105131081828,84.1873779296875,160.70849609375,0.4641400873661041,1,with_flow
12098_2,1,4.420841383377495,12098,Rickshaw,8795,293.08530311107404,1.9902696332535088,2.2267888027858747,4.481106527869087,16.13198350032871,-8.100097695374352,0.0007702143465213834,0.33120421708807446,-4.799930733444281,2.0406177043914795,2.2701838192844166,87.6129150390625,162.9290771484375,0.6914965510368347,1,with_flow
12098_2,1,4.420841383377495,12098,Rickshaw,8796,293.11862719329247,2.135100845252132,2.23516079905823,4.211178842795307,15.160243834063104,-8.100052428644977,0.0020239059873496425,0.17125733663363574,-4.79951130295353,2.2411969900131226,2.282887499681255,90.40692138671875,164.673828125,0.6185340583324432,1,with_flow
12098_2,0,4.420841383377495,12098,Rickshaw,8797,293.1519512755109,2.2709369980736187,2.23820298445946,3.9412533966915553,14.1885122280896,-8.099962805755302,0.0033559022786185146,0.01132796914225398,-4.798879746816064,2.4417762756347656,2.2955911800780937,93.200927734375,166.4185791015625,0.5455715656280518,1,with_flow
12098_2,0,4.420841383377495,12098,Rickshaw,8798,293.1852753577293,2.397778191268409,2.2359160587964455,3.6713316869347885,13.21679407296524,-8.099828763918078,0.004585216773406494,-0.1485770049668182,-4.7980530442127325,2.491658926010132,2.262257789975671,93.6058349609375,162.8048095703125,0.4800161123275757,1,with_flow
12098_2,0,4.420841383377495,12098,Rickshaw,8799,293.21859943994775,2.515624573027622,2.2283009353926873,3.401415096071499,12.245094345857396,-8.09965720947381,0.005536814183591293,-0.3084518358450195,-4.797080915990627,2.564561128616333,2.244100196712573,92.6961669921875,160.32861328125,0.5912807583808899,1,with_flow
12098_2,0,4.420841383377495,12098,Rickshaw,8800,293.2519235221662,2.6244763327746394,2.2153586873660136,3.1315046902324752,11.27341688483691,-8.099459745415913,0.006097329226373187,-0.46829278873304464,-4.796032337804077,2.697218179702759,2.2211924498890867,93.4481201171875,160.0234375,0.8071478605270386,1,with_flow
12098_2,0,4.420841383377495,12098,Rickshaw,8801,293.2852476043846,2.7243336884608285,2.1970904717820563,2.8616010998642527,10.30176395951131,-8.099250833672905,0.006185886149735773,-0.6280986172104503,-4.794986570016532,2.7052690982818604,2.1684440311920734,94.9349365234375,154.4622802734375,0.8293124437332153,1,with_flow
12098_2,0,4.420841383377495,12098,Rickshaw,8802,293.31857168660304,2.8151968704821395,2.1734974423829962,2.591704426836925,9.33013593661293,-8.099047467458618,0.005778440642511802,-0.7878707749099048,-4.794024003974253,2.70099139213562,2.1178826416664247,93.404052734375,149.2935791015625,0.8559043407440186,1,with_flow
12098_2,0,4.420841383377495,12098,Rickshaw,8803,293.35189576882146,2.8970661031612153,2.1445806621862054,2.321814209924903,8.35853115572965,-8.098865711210774,0.004956261965242576,-0.9476131543045785,-4.7932073061651845,2.8041422367095947,2.107968274999417,92.075439453125,149.3299560546875,0.7772983908653259,1,with_flow
12098_2,1,4.420841383377495,12098,Rickshaw,8804,293.3852198510399,2.9699415872722534,2.110341035277943,2.051929522489123,7.386946280960843,-8.098717141696167,0.0038585468782518415,-1.107331226359105,-4.792568116366413,2.8487706184387207,2.0861657513863148,93.553466796875,145.564453125,0.7560796141624451,1,with_flow
12098_2,1,4.420841383377495,12098,Rickshaw,8805,293.4185439332583,3.033823487164521,2.0707792708543313,1.782049131450919,6.415376873223309,-8.098608546143945,0.0026428264599571926,-1.2670310816548642,-4.792113677302611,2.887739419937134,2.0338941930407475,93.8797607421875,142.2510986328125,0.6567029356956482,1,with_flow
12098_2,1,4.420841383377495,12098,Rickshaw,8806,293.45186801547675,3.088711923325781,2.0258958745449243,1.5121716691933706,5.443818009096135,-8.098541002163685,0.0015020746289743597,-1.4267187465645688,-4.791832877955575,2.887739419937134,1.997604907411616,96.68890380859376,141.601318359375,0.7235572934150696,1,with_flow
12098_2,1,4.420841383377495,12098,Rickshaw,8807,293.4851920976952,3.1346069713093305,1.9756911612343135,1.242295846106504,4.472265045983415,-8.098508435627076,0.0006501038269995503,-1.5863995215245479,-4.791693039156282,3.1848530769348145,1.9739861277426705,103.55462646484376,140.43310546875,0.7043752670288086,1,with_flow
12098_2,1,4.420841383377495,12098,Rickshaw,8808,293.5185161799136,3.1715086685724985,1.920165290857417,0.9724207061744645,3.5007145422280725,-8.098497673936922,0.00018305701455030435,-1.7460773136924874,-4.791645117009057,3.259044885635376,1.941690902363708,107.0267333984375,137.586181640625,0.6922932267189026,1,with_flow
12098_2,1,4.420841383377495,12098,Rickshaw,8809,293.55184026213203,3.1994170282320624,1.8593183213984006,0.7025457398005612,2.5291646632820206,-8.09849623521307,-9.6709619072044e-05,-1.9057543267181207,-4.791638602596877,3.381774663925171,1.9197280060728863,106.3861083984375,135.9298095703125,0.7432306408882141,1,with_flow
12529,1,2.7382897801574595,12529,Truck,8954,298.3838321838041,-22.84577881643665,1.9432852629768902,-3.3744816350021924,-12.148133886007892,5.8960487282892515,-0.0004887977280532141,-1.2653670701706488,1.1307473065922415,-23.58794212341309,1.7252704574302926,60.457275390625,105.5439453125,0.5121495723724365,1,with_flow
12529,1,2.7382897801574595,12529,Truck,8955,298.4171562660225,-22.954956544344967,1.9017459153719807,-3.1780001444805954,-11.440800520130145,5.896128840287996,0.005296852048597838,-1.227685403318622,1.1308039227382685,-23.37918472290039,1.728949981444185,59.9149169921875,108.11773681640624,0.5337684154510498,1,with_flow
12529,1,2.7382897801574595,12529,Truck,8956,298.45048034824094,-23.057586636346883,1.8614623464287632,-2.981513353095605,-10.733448071144178,5.896401753755584,0.014629197702409568,-1.1899977714295011,1.1311616453268543,-23.525449752807617,1.769159172700382,61.004150390625,111.80633544921876,0.6006965041160583,1,with_flow
12529,1,2.7382897801574595,12529,Truck,8957,298.4838044304594,-23.153668767531766,1.8224349893684462,-2.7850110501602012,-10.026039780576724,5.897103849462045,0.031815534877442944,-1.1522879596160642,1.132205718551348,-23.323118209838867,1.8079965034291507,63.6055908203125,115.05615234375,0.7131316065788269,1,with_flow
12529,1,2.7382897801574595,12529,Truck,8958,298.5171285126778,-23.243202131432962,1.7846650451433355,-2.5884742595253236,-9.318507334291166,5.8985222007557425,0.05800090816673802,-1.1145257729971858,1.1343813923125061,-23.34354019165039,1.80270455987125,65.6094970703125,114.9625244140625,0.6862123608589172,1,with_flow
12529,1,2.7382897801574595,12529,Truck,8959,298.5504525948962,-23.32618512398936,1.7481549724781407,-2.3918739486984992,-8.610746215314597,5.900969503527029,0.09376223220589006,-1.0766658428086102,1.1381481529216608,-23.37918472290039,1.7877503398842158,65.4149169921875,113.90399169921876,0.6535845994949341,1,with_flow
12529,0,2.7382897801574595,12529,Truck,8960,298.58377667711466,-23.40261499732442,1.712908995975953,-2.1951704311971296,-7.902613552309667,5.904771281425767,0.1393737618377924,-1.0386476146370451,1.1439549925179495,-23.3553466796875,1.7766745131275816,65.19677734375,113.80902099609376,0.5871788263320923,1,with_flow
12529,0,2.7382897801574595,12529,Truck,8961,298.6171007593331,-23.472487498879758,1.6789336033497901,-1.9983130566523384,-7.193927003948418,5.910258508924177,0.1947638999981729,-1.0003959623026106,1.1522250021971203,-23.1114444732666,1.7841641300611202,64.8072509765625,115.9378662109375,0.6850865483283997,1,with_flow
12529,0,2.7382897801574595,12529,Truck,8962,298.6504248415515,-23.53579650519805,1.6462380137277903,-1.801240244671742,-6.484464880818271,5.917751937859209,0.25917487337950224,-0.9618223200505724,1.1633381502504214,-23.068384170532227,1.7552156199091034,63.274658203125,114.84912109375,0.6228169202804565,1,with_flow
12529,0,2.7382897801574595,12529,Truck,8963,298.68374892376994,-23.592533668831994,1.6148345974525182,-1.6038803252973057,-5.773969171070301,5.927532038503076,0.33119220320882786,-0.9228264861040353,1.1776103857639804,-23.197704315185547,1.7143016049266055,62.7716064453125,110.57330322265624,0.3488912284374237,1,with_flow
12529,0,2.7382897801574595,12529,Truck,8964,298.71707300598837,-23.642688108130614,1.5847392265698552,-1.4061531759661383,-5.062151433478098,5.9398252902788755,0.40920177476030767,-0.8832988861874174,1.195288576445492,-23.08353805541992,1.7199543870093723,62.974853515625,112.9417724609375,0.4809336364269256,1,with_flow
12529,0,2.7382897801574595,12529,Truck,8965,298.7503970882068,-23.686246155381205,1.5559715491932986,-1.2079720040476802,-4.348699214571649,5.954804585675154,0.4913642443540693,-0.8431228494609586,1.216550351954126,-22.96217918395996,1.7306881800020233,62.9718017578125,115.0355224609375,0.490928441286087,1,with_flow
12529,0,2.7382897801574595,12529,Truck,8966,298.7837211704252,-23.723191166419593,1.5285551848687733,-1.0092453487369935,-3.6332832554531764,5.972573815234977,0.5753580213681705,-0.8021771825975261,1.2414854498437151,-23.009750366210938,1.6885965612200833,60.869384765625,114.33636474609376,0.4144736230373382,1,with_flow
12529,0,2.7382897801574595,12529,Truck,8967,298.81704525264365,-23.75350340694216,1.50251782220934,-0.809879689139568,-2.915566880902445,5.993151141693364,0.6585645400752146,-0.760339465773184,1.2700764042053314,-23.013330459594727,1.6638461252334764,60.206298828125,114.36566162109376,0.4691943824291229,1,with_flow
12529,0,2.7382897801574595,12529,Truck,8968,298.8503693348621,-23.77716003245799,1.4778911999581412,-0.6097823758476839,-2.195216553051662,6.016465932994192,0.7382865819157043,-0.7174896272706676,1.302200477314909,-23.027517318725582,1.6603244902496386,62.81640625,113.288330078125,0.3695643544197082,1,with_flow
12529,0,2.7382897801574595,12529,Truck,8969,298.8836934170805,-23.794135166968235,1.4547109705886914,-0.4088646227437599,-1.4719126418775357,6.042356587206406,0.8117248754704817,-0.6735134402234872,1.337628411153975,-22.88411903381348,1.6462012278095437,63.828369140625,114.5975341796875,0.4087203741073608,1,with_flow
12529,0,2.7382897801574595,12529,Truck,8970,298.91701749929894,-23.80440008272431,1.4330164446422349,-0.20704459268070974,-0.7453605336505551,6.070565905972035,0.8758256161255386,-0.6283062355969682,1.376014208341037,-22.94538116455078,1.6034631510214037,63.901611328125,112.76361083984376,0.3561023771762848,1,with_flow
12529,0,2.7382897801574595,12529,Truck,8971,298.95034158151736,-23.807923487262727,1.412850206065364,-0.004250799074027867,-0.01530287666650032,6.100728756887952,0.9273672889532298,-0.5817768954905223,1.4168912187940186,-22.961700439453125,1.6019734946333477,63.036376953125,111.7786865234375,0.3339540362358093,1,with_flow
12529,0,2.7382897801574595,12529,Truck,8972,298.9836656637358,-23.80467192858531,1.3942575948396416,0.1995742869566597,0.718467433043975,6.1323732335395515,0.9631506205805946,-0.5338517637241369,1.459678226133165,-22.8719425201416,1.6023079000509353,62.791015625,111.69976806640624,0.2885324954986572,1,with_flow
12529,0,2.7382897801574595,12529,Truck,8973,299.0169897459542,-23.794610319132293,1.3772860606620776,0.40447070736912716,1.4560945465288577,6.164920977825867,0.9802049785654718,-0.48447855817418983,1.5036716197997886,-23.920469284057617,1.388275127539437,61.255615234375,90.8621826171875,0.4221735000610351,1,with_flow
12529,0,2.7382897801574595,12529,Truck,8974,299.05031382817265,-23.77770257761265,1.3619843817509814,0.6104575391647598,2.1976471409931353,6.197702096132808,0.9770065357599672,-0.4336304587766644,1.5480564674137534,-23.719501495361328,1.388275127539437,60.6881103515625,93.17462158203124,0.3470197916030884,1,with_flow
12529,0,2.7382897801574595,12529,Truck,8975,299.0836379103911,-23.753912363556633,1.3484017691025656,0.8175312188994481,2.9431123880380134,6.23003667007708,0.9534113968889014,-0.38130846567421406,1.591987825787045,-23.881982803344727,1.3287919877461218,61.73663330078125,88.88320922851561,0.4275646358728409,1,with_flow
12529,0,2.7382897801574595,12529,Truck,8976,299.1169619926095,-23.723203832621177,1.3365869289080174,1.025665532332516,3.692395916397057,6.261245215688632,0.9096653063404634,-0.32754193692156774,1.6346103408822366,-24.044464111328125,1.2693088479528067,62.78515625,84.591796875,0.5081094801425934,1,with_flow
12529,0,2.7382897801574595,12529,Truck,8977,299.15028607482793,-23.685542389441277,1.326587115080067,1.234811822694522,4.445322561700279,6.290664192996562,0.8466043723162976,-0.27238860393937436,1.6750815372788646,-24.20694541931152,1.2098257081594914,63.83367919921875,80.30038452148438,0.5886543244123459,1,with_flow
12529,0,2.7382897801574595,12529,Truck,8978,299.18361015704636,-23.64089542228148,1.3184471965431905,1.4448999168045198,5.201639700496272,6.31766984310773,0.7657928849509548,-0.2159336315809397,1.7126026657692575,-24.36942672729492,1.1503425683661763,64.8822021484375,76.00897216796875,0.6691991686820984,1,with_flow
12529,0,2.7382897801574595,12529,Truck,8979,299.2169342392648,-23.589232993431434,1.3122087731901868,1.6558398598178075,5.961023495344107,6.341702883117348,0.6695174819690297,-0.1582876307509118,1.746450725061607,-24.429372787475582,1.1221482000869267,65.5196533203125,71.992431640625,0.6496220231056213,1,with_flow
12529,0,2.7382897801574595,12529,Truck,8980,299.2502583214832,-23.530528458038518,1.3079093758804015,1.8675244696916442,6.723088090889919,6.3622919543393515,0.5606573198044618,-0.09958361207230526,1.7760083124319972,-24.497215270996094,1.0522989802077545,62.46337890625,67.4569091796875,0.6539487838745117,1,with_flow
12529,0,2.7382897801574595,12529,Truck,8981,299.28358240370164,-23.464758986148585,1.3055817825690539,2.0798325482776443,7.487397173799519,6.379069664360403,0.4425473018441008,-0.039973111841463904,1.800785699816597,-24.510631561279297,1.0292807110632305,62.135498046875,63.96435546875,0.6786508560180664,1,with_flow
12529,0,2.7382897801574595,12529,Truck,8982,299.3169064859201,-23.391905969319314,1.3052534778621843,2.2926325902684868,8.253477324966553,6.391786919683744,0.3188968493607113,0.02037861149296205,1.820453707545799,-24.51133155822754,1.017183572906568,61.551025390625,60.97882080078125,0.5985400080680847,1,with_flow
12529,0,2.7382897801574595,12529,Truck,8983,299.3502305681385,-23.311955296285525,1.3069462889185197,2.505786911567747,9.02083288164389,6.4003235540149905,0.19369430305917434,0.08129826340675317,1.8348609670722595,-24.445127487182617,1.0568241862511645,59.295166015625,60.5386962890625,0.3122065663337707,1,with_flow
12529,0,2.7382897801574595,12529,Truck,8984,299.3835546503569,-23.224897485625103,1.3106762178159665,2.719156089531606,9.788961922313781,6.404696289444514,0.0710549470414258,0.14261054495005898,1.8440371364834007,-24.25381374359131,1.03884275456879,58.631591796875,63.752349853515625,0.34126079082489014,1,with_flow
12529,0,2.7382897801574595,12529,Truck,8985,299.41687873257536,-23.13072766709872,1.3164534728694581,2.9326035634307352,10.557372828350648,6.40505923580946,-0.045052843730346216,0.204143963781672,1.8481801421708852,-24.0625,1.0568241862511645,57.968017578125,66.96600341796875,0.3703150153160095,1,with_flow
12529,0,2.7382897801574595,12529,Truck,8986,299.4502028147938,-23.0294454115593,1.3242826891668318,3.146000060306129,11.325600217102064,6.401693600107226,-0.15101947606610489,0.2657364843583214,1.8476601357515983,-23.791646321614582,1.1295508893522328,61.40283203125,70.91829427083333,0.39944636821746826,1,with_flow
12529,0,2.7382897801574595,12529,Truck,8987,299.4835268970122,-22.921054419873123,1.334163338776971,3.3592276145921973,12.09321941253191,6.394994064935438,-0.24372911744252326,0.3272411796815202,1.8430095727383535,-23.520792643229168,1.2022775924533011,64.837646484375,74.87058512369792,0.42857772111892695,1,with_flow
12529,0,2.7382897801574595,12529,Truck,8988,299.51685097923064,-22.805562086472438,1.3460903184806714,3.572183039421596,12.859858941917746,6.385449501809867,-0.3206560789548676,0.38853108414480597,1.834887125875044,-23.24993896484375,1.2750042955543694,68.2724609375,78.8228759765625,0.4577090740203857,1,with_flow
12529,0,2.7382897801574595,12529,Truck,8989,299.55017506144907,-22.68297895832131,1.3600546774600426,3.7847807289544835,13.625210624236141,6.3736229258575765,-0.3797420165875956,0.44950271839027267,1.8240370217258384,-23.37136650085449,1.2434110554472346,67.8543701171875,74.49749755859375,0.2948871552944183,1,with_flow
12529,0,2.7382897801574595,12529,Truck,8990,299.5834991436675,-22.5533181110165,1.3760444407421024,3.996954874521882,14.389037548278775,6.360140393444754,-0.41910399623323535,0.5100783748813763,1.8112609504449932,-22.392412185668945,1.4741170869359133,70.2705078125,91.2752685546875,0.4986676871776581,1,with_flow
12529,0,2.7382897801574595,12529,Truck,8991,299.6168232258859,-22.41659445247355,1.3940455000038101,4.208661674496597,15.151182028187748,6.34569041380048,-0.43779861457413366,0.5702080034875717,1.7974080061179958,-22.392412185668945,1.374759116953137,70.693115234375,83.5560302734375,0.3694988191127777,1,with_flow
12529,0,2.7382897801574595,12529,Truck,8992,299.65014730810435,-22.27282396566416,1.4140425471766973,4.419880400317534,15.911569441143122,6.330961919390389,-0.4360556470565031,0.6298694761989592,1.7832996376193009,-21.765167236328125,1.563316583167013,72.6063232421875,96.968505859375,0.6431273221969604,1,with_flow
12529,0,2.7382897801574595,12529,Truck,8993,299.6834713903228,-22.122022943833407,1.4360199899879833,4.630613078653999,16.6702070831544,6.316628105331839,-0.4150670163039897,0.6890677792190851,1.7697389398052912,-21.07906150817871,1.7276641615679644,73.37744140625,108.7239990234375,0.6987879276275635,1,with_flow
12529,0,2.7382897801574595,12529,Truck,8994,299.7167954725412,-21.96420724779165,1.4599628355689864,4.840883282912712,17.42717981848576,6.3032984646354455,-0.3776337485763474,0.747833378264193,1.7574352480413966,-20.66325759887696,1.7897358387880042,71.9759521484375,115.934814453125,0.7154597640037537,1,with_flow
12529,0,2.7382897801574595,12529,Truck,8995,299.75011955475964,-21.799391634812192,1.4858574701108545,5.050732984083879,18.182638742701965,6.291459509159816,-0.32796555410264094,0.806217582322609,1.7469204382129586,-20.382787704467773,1.8304082303334976,73.2198486328125,120.80804443359376,0.7354655861854553,1,with_flow
12529,0,2.7382897801574595,12529,Truck,8996,299.78344363697806,-21.627589221462443,1.5136922467424316,5.260217803987661,18.93678409435558,6.281440162455988,-0.2709673688618993,0.8642859589530139,1.7385155335059852,-20.361251831054688,1.8055479816394708,71.2545166015625,119.8675537109375,0.7173957824707031,1,with_flow
12529,0,2.7382897801574595,12529,Truck,8997,299.8167677191965,-21.448811119515533,1.543457841404074,5.469401498428629,19.689845394343067,6.273400031402886,-0.21151940356795232,0.9221111461785104,1.732325900816257,-20.347536087036133,1.7687575313924688,71.3143310546875,118.5009765625,0.6616144180297852,1,with_flow
12529,0,2.7382897801574595,12529,Truck,8998,299.8500918014149,-21.263066257278766,1.5751473726911795,5.678350489657038,20.442061762765334,6.2673427824654055,-0.1540487042977863,0.9797660646306681,1.7282695643148902,-20.169523239135746,1.800074022188496,72.70263671875,121.3804931640625,0.730247974395752,1,with_flow
12529,0,2.7382897801574595,12529,Truck,8999,299.88341588363335,-21.07036137383388,1.6087563143263404,5.887128974577406,21.193664308478663,6.263132968027563,-0.10254072331555565,1.0373182952314308,1.7261116370349612,-20.39380073547364,1.727245312129808,71.950439453125,116.26519775390624,0.7092263102531433,1,with_flow
12529,0,2.7382897801574595,12529,Truck,9000,299.9167399658518,-20.870701168715648,1.644282235372362,6.0957944557674955,21.944860040762983,6.260508631476396,-0.060204790348057945,1.0948252612545075,1.725483136940629,-20.42094612121582,1.7333520695248334,74.4442138671875,115.47784423828124,0.6517747044563293,1,with_flow
12529,0,2.7382897801574595,12529,Truck,9001,299.9500640480702,-20.66408858873658,1.6817243957566166,6.304394140004174,22.695818904015027,6.259120429260559,-0.029118827002819123,1.1523305521493075,1.7259301113953278,-20.65459442138672,1.6688611420768655,77.2847900390625,109.18212890625,0.6107904314994812,1,with_flow
12529,0,2.7382897801574595,12529,Truck,9002,299.98338813028863,-20.450525212880454,1.721083244816013,6.512962626754993,23.446665456317973,6.258567915106104,-0.009994578562402236,1.209861681858613,1.7269487972048267,-21.11654090881348,1.5309777165505305,76.9786376953125,97.4989013671875,0.6027653217315674,1,with_flow
12529,1,2.7382897801574595,12529,Truck,9003,300.01671221250706,-20.230011691943872,1.7623598679908776,6.721521040917937,24.197475747304573,6.258454308945055,-0.001418326764611813,1.2674294000595174,1.7280518751326284,-21.97906875610352,1.2719174763150978,72.9853515625,78.7266845703125,0.3791769742965698,1,with_flow
12529,1,2.7382897801574595,12529,Truck,9004,300.0500362947255,-20.00254818124865,1.8055554565583802,6.930078492627877,24.948282573460357,6.258473386230671,0.000610689141893539,1.325030058559567,1.7288883028246693,-20.903282165527344,1.5291788460283344,73.9503173828125,99.615234375,0.3887759745121002,1,with_flow
12529,1,2.7382897801574595,12529,Truck,9005,300.0833603769439,-19.768134671006834,1.850670931967912,7.138636781139088,25.699092412100715,6.258495010255404,0.0004215103720229932,1.3826525965504184,1.7293688938289906,-19.88373565673828,1.8198725969437364,76.6822509765625,119.6153564453125,0.3964448571205139,1,with_flow
12529,1,2.7382897801574595,12529,Truck,9006,300.11668445916234,-19.52677113824557,1.8977068368739225,7.347195522253218,26.449903880111584,6.258501479123257,0.00010319344387819596,1.4402863170285387,1.7295798855784048,-19.46674346923828,1.961049871482459,80.6632080078125,128.212158203125,0.575310468673706,1,with_flow
12529,1,2.7382897801574595,12529,Truck,9007,300.15000854138077,-19.278457574805863,1.9466634172932233,7.555754352960381,27.200715670657374,6.25850188790902,4.946675701862567e-06,1.4979243061043344,1.7296437732800762,-19.231653213500977,2.0132022147401645,82.7806396484375,132.68133544921875,0.4996214509010315,1,with_flow
12529,1,2.7382897801574595,12529,Truck,9008,300.1833326235992,-19.023193979728163,1.9975407526361972,7.764313182460325,27.951527456857168,6.258501808810113,-9.693927609077946e-06,1.555563299901581,1.7296518750433678,-19.027040481567383,2.0726703195949434,82.7481689453125,136.2860107421875,0.4052248299121856,1,with_flow
12556,1,4.420841383377495,12556,Rickshaw,8990,299.5834991436675,-12.94058907188401,1.5305108993261625,0.32511113252894275,1.170400077104194,5.0411750198325604,0.0012213250549848453,-0.5967173639276121,2.175718159523048,-12.985157012939451,1.5195728064784453,42.7664794921875,91.55517578125,0.3832075595855713,1,with_flow
12556,1,4.420841383377495,12556,Rickshaw,8991,299.6168232258859,-12.926955935510634,1.5118339057995802,0.49310436849938655,1.7751757265977917,5.041217676080032,0.0013387603025742758,-0.5242132305066323,2.17573872737412,-12.899605433146158,1.521296221419237,42.7852783203125,92.95892333984375,0.3492158552010854,1,with_flow
12556,1,4.420841383377495,12556,Rickshaw,8992,299.65014730810435,-12.907724554487848,1.4955730593353393,0.6610990812359405,2.379956692449386,5.041264245749348,0.0014922284022172803,-0.4517082208871578,2.175772594899942,-12.814053853352863,1.5043617950633168,42.8040771484375,94.36267089843749,0.3152241508165995,1,with_flow
12556,1,4.420841383377495,12556,Rickshaw,8993,299.6834713903228,-12.882894876858689,1.4817283982904694,0.8290954491185822,2.984743616826896,5.04131713036396,0.0016518944852304883,-0.37920174043224036,2.1758278668005806,-12.72850227355957,1.489150783648188,42.8228759765625,95.76641845703124,0.2812324464321136,1,with_flow
12556,1,4.420841383377495,12556,Rickshaw,8994,299.7167954725412,-12.852466844061363,1.4702999842693505,0.9970936657603706,3.5895371967373344,5.041374341484632,0.0016646742457151515,-0.30669301976012775,2.175907035965815,-12.826934814453123,1.489150783648188,41.318603515625,88.79620361328125,0.3999917507171631,1,with_flow
12556,1,4.420841383377495,12556,Rickshaw,8995,299.75011955475964,-12.81644039332281,1.461287904893107,1.1650937571792763,4.194337525845395,5.041428077846822,0.0014119964192759644,-0.23418130038430796,2.176006413077454,-12.808088493347167,1.4772701840871267,41.202587890625,88.8274169921875,0.4075886130332947,1,with_flow
12556,0,4.420841383377495,12556,Rickshaw,8996,299.78344363697806,-12.774815465889438,1.4546922691805637,1.3330954450051027,4.79914360201837,5.041468448454168,0.0008572370452240578,-0.16166611660804883,2.1761116536525944,-12.78924217224121,1.4653895845260654,41.086572265625,88.85863037109375,0.41518547534942624,1,with_flow
12556,0,4.420841383377495,12556,Rickshaw,8997,299.8167677191965,-12.727592017884389,1.450513191719399,1.5010981127813543,5.403953206012876,5.041485211122374,6.0362686780954735e-06,-0.08914765603516228,2.1761983328839993,-12.770395851135254,1.4535089849650038,40.970556640625,88.88984375,0.42278233766555784,1,with_flow
12556,0,4.420841383377495,12556,Rickshaw,8998,299.8500918014149,-12.674770031581636,1.4487507658589744,1.6691008114926376,6.008762921373496,5.0414688507603955,-0.001099631956354887,-0.016627042853542884,2.1762353651471247,-12.751549530029296,1.4416283854039424,40.854541015625,88.92105712890626,0.4303791999816894,1,with_flow
12556,0,4.420841383377495,12556,Rickshaw,8999,299.88341588363335,-12.616349525848138,1.4494050296510634,1.8371023054405051,6.613568299585818,5.041411922670926,-0.002373507064735226,0.05589351888529187,2.1761899870745154,-12.73270320892334,1.429747785842881,40.738525390625,88.9522705078125,0.437976062297821,1,with_flow
12556,0,4.420841383377495,12556,Rickshaw,9000,299.9167399658518,-12.552330564262288,1.4524759300721477,2.0051011672994217,7.218364202277918,5.041310660871253,-0.0036754672878631096,0.1284107940960213,2.1760343042536725,-12.727557182312012,1.4012021588226111,38.4793701171875,87.83465576171875,0.4592004716396332,1,with_flow
12556,0,4.420841383377495,12556,Rickshaw,9001,299.9500640480702,-12.482713259116654,1.4579632928971566,2.173095932084763,7.823145355505147,5.041166959522743,-0.004808474767809774,0.20092082467741285,2.175755198680277,-12.612534523010254,1.4266008268494654,36.18408203125,84.2861328125,0.3676617443561554,1,with_flow
12556,0,4.420841383377495,12556,Rickshaw,9002,299.98338813028863,-12.407497769110767,1.465866809602293,2.341085321547712,8.427907157571763,5.0409901848542376,-0.00557183430808873,0.2734196650509235,2.1753671710564566,-12.461302757263184,1.4459319436337008,37.267822265625,83.87338256835938,0.3800725191831589,1,with_flow
12556,0,4.420841383377495,12556,Rickshaw,9003,300.01671221250706,-12.3266842891166,1.4761860526350916,2.5090684759123505,9.032646513284462,5.040795606993562,-0.005838084713553069,0.3459042343689097,2.174905929189263,-12.310070991516112,1.4652630604179362,38.3515625,83.46063232421875,0.3924832940101623,1,with_flow
12556,0,4.420841383377495,12556,Rickshaw,9004,300.0500362947255,-12.240273033538319,1.4889205143471664,2.67704509706449,9.637362349432165,5.040601087224252,-0.005574014626196694,0.4183728793292736,2.1744203397137336,-12.205050468444824,1.4870859854225629,38.8670654296875,87.7928466796875,0.4321928024291992,1,with_flow
12556,0,4.420841383377495,12556,Rickshaw,9005,300.0833603769439,-12.148264216765662,1.5040696607058173,2.8450154816596034,10.242055733974572,5.040424109150182,-0.004824520279803939,0.49082570894710903,2.173966328435983,-11.974371910095217,1.5463373033169745,38.22802734375,91.3040771484375,0.3816898465156555,1,with_flow
12556,1,4.420841383377495,12556,Rickshaw,9006,300.11668445916234,-12.050658033915305,1.5216329926459533,3.012980475751743,10.846729712706276,5.040279541803315,-0.0037396406799861896,0.5632647005651686,2.173597232364318,-11.845372200012209,1.577889918044466,37.4765625,91.92901611328124,0.3528032302856445,1,with_flow
12556,1,4.420841383377495,12556,Rickshaw,9007,300.15000854138077,-11.947454644826754,1.541610103049824,3.1809413090163967,11.451388712459028,5.0401748689632075,-0.002563853416605787,0.6356932595525665,2.173342287647843,-11.813312530517578,1.5817239604237263,38.36962890625,87.749755859375,0.3265796601772308,1,with_flow
12556,1,4.420841383377495,12556,Rickshaw,9008,300.1833326235992,-11.838654165891265,1.564000708376089,3.348899309468763,12.056037514087548,5.040108665679213,-0.0015216444630357056,0.7081152112621054,2.173197580283369,-11.813312530517578,1.5807459354544102,40.68994140625,86.611083984375,0.3411110043525696,1,with_flow
12556,1,4.420841383377495,12556,Rickshaw,9009,300.2166567058176,-11.724256671350997,1.5888046451427706,3.516855644958717,12.660680321851382,5.040073454152821,-0.0007320949522640455,0.7805337956451399,2.173134020852186,-11.72100830078125,1.561124054490108,42.7191162109375,85.24053955078125,0.350530594587326,1,with_flow
12556,1,4.420841383377495,12556,Rickshaw,9010,300.24998078803605,-11.604262201180926,1.6160218391056616,3.684811194155756,13.265320298960722,5.040059872894451,-0.00023369956186955116,0.8529510796782696,2.173113956132084,-11.55616569519043,1.6027946949930365,42.887451171875,87.7200927734375,0.3504936993122101,1,with_flow
12556,1,4.420841383377495,12556,Rickshaw,9011,300.2833048702545,-11.4786707713793,1.6456522656260546,3.852766513900018,13.869959450040065,5.040057878505992,0.00011400303461073236,0.9253680412753962,2.173111293511838,-11.73145866394043,1.620961158426363,46.63720703125,90.06304931640625,0.3108275532722473,1,with_flow
12764,1,2.0951912688858583,12764,Car,9137,304.4821392297764,-23.357014155231603,1.8795135023565486,3.9480564536452776,14.213003233122999,-11.568699145214966,-0.003123155770140329,0.4061568146981222,-1.4595847160823245,-23.41432380676269,1.8562667279849605,63.6171875,88.44000244140625,0.4274637401103973,1,with_flow
12764,1,2.0951912688858583,12764,Car,9138,304.51546331199484,-23.23187230316279,1.8922378730983043,3.5625385937509995,12.8251389375036,-11.568792046322262,-0.0024524580868785974,0.3575173321503434,-1.459591918557127,-23.21167182922364,1.892535967029378,61.6964111328125,88.49810791015625,0.4261021316051483,1,with_flow
12764,1,2.0951912688858583,12764,Car,9139,304.54878739421326,-23.11957752842597,1.9033413778785608,3.1770179492453656,11.437264617283317,-11.568862597044815,-0.001438144831388865,0.3088780251353465,-1.4595691835273035,-23.184860229492188,1.8929532198368928,61.392333984375,88.78033447265625,0.3715928196907043,1,with_flow
12764,1,2.0951912688858583,12764,Car,9140,304.5821114764317,-23.020129907359163,1.9128240447744407,2.7914956333254226,10.049384279971521,-11.568887896035468,0.0004074998103089779,0.2602403994497786,-1.4594854690819399,-23.052623748779297,1.9241109345858427,63.701904296875,87.4239501953125,0.4552818536758423,1,with_flow
12764,1,2.0951912688858583,12764,Car,9141,304.6154355586501,-22.933529465006036,1.9206859700086072,2.405973666957265,8.661505201046154,-11.56883543793045,0.0033433865948164438,0.21160705905122312,-1.4593065016823614,-22.95611953735352,1.951530759600802,64.795166015625,95.150146484375,0.4899219274520874,1,with_flow
12764,1,2.0951912688858583,12764,Car,9142,304.64875964086855,-22.85977613938308,1.9269273549184607,2.0204552943078644,7.273639059508312,-11.56866506545592,0.007491082707493527,0.16298166919808554,-1.459005082363161,-22.74974250793457,1.9637992694462647,63.5472412109375,102.0140380859375,0.4421365857124328,1,with_flow
12764,0,2.0951912688858583,12764,Car,9143,304.682083723087,-22.79886973736229,1.9315485350577246,1.6349451469590957,5.885802529052745,-11.56833617101835,0.012559099908800638,0.11436851629740125,-1.4585725103351488,-22.6505069732666,1.9642012655609888,62.154052734375,103.32171630859376,0.4480127990245819,1,with_flow
12764,0,2.0951912688858583,12764,Car,9144,304.7154078053054,-22.750809891739987,1.9345499894780742,1.249448928529683,4.4980161427068595,-11.56782802450002,0.01771377367704376,0.0657717992305819,-1.458022836863253,-22.43835830688477,1.9802207929923803,62.3404541015625,104.76641845703124,0.3410917222499847,1,with_flow
12764,0,2.0951912688858583,12764,Car,9145,304.74873188752383,-22.715596039392853,1.9359323252133545,0.8639724981029064,3.1103009931704633,-11.567155580517525,0.021612837481493483,0.017194873546501094,-1.4573930991073598,-22.58280690511068,1.9478807436865337,62.712565104166664,102.27357991536456,0.366196056207021,1,with_flow
12764,0,2.0951912688858583,12764,Car,9146,304.78205596974226,-22.693227440169483,1.9356962357536185,0.47852031585697474,1.7226731370851092,-11.566387568553607,0.023022778813723947,-0.03136056641782148,-1.4567448439401631,-22.72725550333659,1.9155406943806874,63.084676106770836,99.78074137369791,0.3913003901640574,1,with_flow
12764,0,2.0951912688858583,12764,Car,9147,304.8153800519607,-22.6837032504056,1.9338424344272833,0.09309397642398687,0.3351383151263527,-11.565621154569355,0.02161776381384453,-0.0798950681770283,-1.456147523665897,-22.8717041015625,1.8832006450748409,63.456787109375,97.28790283203124,0.4164047241210937,1,with_flow
12764,0,2.0951912688858583,12764,Car,9148,304.8487041341791,-22.68702262757287,1.930371579197004,-0.29230814542899797,-1.0523093235443928,-11.564946784276184,0.018033622579356923,-0.12841133552600226,-1.4556577239336592,-22.916128158569336,1.860566631704585,63.123291015625,95.953125,0.3790119886398315,1,with_flow
12764,1,2.0951912688858583,12764,Car,9149,304.88202821639754,-22.703184827910512,1.9252842115889168,-0.6776901519275809,-2.4396845469392914,-11.564419246726294,0.013453259545433362,-0.17691347691893944,-1.4553004850254982,-22.8281364440918,1.9138350197803515,67.4483642578125,99.30810546875,0.4012182652950287,1,with_flow
12764,1,2.0951912688858583,12764,Car,9150,304.91535229861597,-22.73218926652973,1.9185807296366042,-1.063057233146023,-3.827006039325683,-11.564050149221789,0.00894628377069067,-0.22540578678096834,-1.4550640412207123,-22.80344104766846,1.9152611657495757,67.2593994140625,99.23019409179688,0.3936202675104141,1,with_flow
12764,1,2.0951912688858583,12764,Car,9151,304.9486763808344,-22.774035531953196,1.9102613982176273,-1.4484144514703678,-5.214292025293324,-11.563822993334446,0.005152937387448076,-0.2738918940489353,-1.4549238026587552,-22.77874565124512,1.9166873117188,67.0704345703125,99.15228271484376,0.3860222697257995,1,with_flow
12764,1,2.0951912688858583,12764,Car,9152,304.9820004630528,-22.82872336896437,1.900326375563246,-1.8337660416192767,-6.6015577498293965,-11.563706715403457,0.0023601467341220726,-0.3223745592823,-1.4548532058928374,-22.868392944335938,1.899027512408885,68.4609375,96.455078125,0.5160826444625854,1,with_flow
12764,1,2.0951912688858583,12764,Car,9153,305.01532454527126,-22.896252645186244,1.8887757422877376,-2.2191151179579522,-7.988814424648628,-11.563665693886815,0.0007002567410132438,-0.3708556939083356,-1.4548279612482513,-22.85422134399414,1.8935698740711293,71.9378662109375,96.42803955078124,0.4600642919540405,1,with_flow
12764,1,2.0951912688858583,12764,Car,9154,305.0486486274897,-22.97662331126749,1.8756095286371361,-2.6044635230939024,-9.37606868313805,-11.563660044577034,-0.000361204055707276,-0.4193364122140833,-1.454824428725573,-22.81578874588013,1.9083674468519405,74.2615966796875,99.94500732421876,0.5461814999580383,1,with_flow
12938,1,2.6910291214624382,12938,Bike,9249,308.21443643824034,0.9321824125245959,5.768466225471229,2.2513011895608486,8.104684282419056,-6.742307033863201,-0.0015951190302274654,0.7977658162145423,1.1180204997479155,0.9646058678627014,5.8315408446295445,49.4080810546875,74.98779296875,0.6578800082206726,1,with_flow
12938,1,2.6910291214624382,12938,Bike,9250,308.24776052045877,1.003461300672379,5.795671817863301,2.026619044736267,7.295828561050561,-6.742364897421398,-0.0018776582734441063,0.8350228639025759,1.1180160996777826,1.0272176265716553,5.775326673021128,42.202392578125,73.4866943359375,0.7059769034385681,1,with_flow
12938,1,2.6910291214624382,12938,Bike,9251,308.2810846026772,1.0672528291306804,5.824118953483418,1.8019348420028303,6.486965431210189,-6.742432176340566,-0.0023156316228901213,0.872278646232806,1.117932050597319,1.0459178686141968,5.827892721018259,43.2574462890625,79.62158203125,0.7147369384765625,1,with_flow
12938,1,2.6910291214624382,12938,Bike,9252,308.3144086848956,1.1235569221924229,5.85380753251597,1.5772480954230834,5.678093143523101,-6.7425192300185754,-0.0030267339577491844,0.9095293101055459,1.1176972938772822,1.0670119524002075,5.83518896824083,46.9788818359375,81.2821044921875,0.779212236404419,1,with_flow
12938,1,2.6910291214624382,12938,Bike,9253,308.34773276711405,1.1723734824313214,5.88473728783788,1.3525580015068472,4.86920880542465,-6.742633902603089,-0.003888341124436337,0.9467686788956322,1.117243344815992,1.1541879177093506,5.850220003902037,52.94482421875,83.49462890625,0.6850404739379883,1,with_flow
12938,1,2.6910291214624382,12938,Bike,9254,308.3810568493325,1.2137023823319784,5.916907709990121,1.1278635901878205,4.0603089246761535,-6.7427783808172235,-0.0047693104970269835,0.9839884484416703,1.1165130651034998,1.1981972455978394,5.861890309467338,60.88330078125,84.40625,0.7701597213745117,1,with_flow
12938,0,2.6910291214624382,12938,Bike,9255,308.4143809315509,1.2475434615371928,5.950317984744328,0.9031638771780715,3.251389957841057,-6.742951768393345,-0.005591141465176609,1.0211787581892238,1.1154721461183659,1.22682523727417,5.895281178272837,69.3792724609375,87.4796142578125,0.8321153521537781,1,with_flow
12938,0,2.6910291214624382,12938,Bike,9256,308.44770501376934,1.2738965277787193,5.984966956080554,0.6784579434132622,2.442448596287744,-6.743151020132984,-0.006282009976271013,1.0583291421741092,1.1141196681959533,1.2483806610107422,5.940826309131265,72.728759765625,89.192626953125,0.8351317644119263,1,with_flow
12938,0,2.6910291214624382,12938,Bike,9257,308.48102909598776,1.292761360310757,6.020853125224426,0.4537450134863694,1.63348204855093,-6.743370452827238,-0.006754095526910612,1.095429687280672,1.1124891446631917,1.2645478248596191,5.987738155818391,74.63525390625,95.6904296875,0.8496363759040833,1,with_flow
12938,0,2.6910291214624382,12938,Bike,9258,308.5143531782062,1.3041377162758452,6.057974687275661,0.22902455361803487,0.8244883930249255,-6.743601168202284,-0.006917610530471427,1.132472092524189,1.1106426349066885,1.3124566078186035,6.028113041854445,76.15185546875,100.535400390625,0.8648134469985962,1,with_flow
12938,0,2.6910291214624382,12938,Bike,9259,308.5476772604246,1.3080253405743478,6.096329599511815,0.004296378696684089,0.01546696330806272,-6.743831498871383,-0.006730785285693451,1.1694505087890024,1.1086644626187425,1.3022700548171997,6.084311601963261,81.1068115234375,101.4713134765625,0.8255088329315186,1,with_flow
12938,0,2.6910291214624382,12938,Bike,9260,308.58100134264305,1.30442397849532,6.135915674700578,-0.22043930335454004,-0.7935814920763442,-6.744049762686794,-0.006188013169620697,1.2063622116370798,1.1066566992918485,1.3022700548171997,6.147268522172033,82.334716796875,108.54931640625,0.820056676864624,1,with_flow
12938,0,2.6910291214624382,12938,Bike,9261,308.6143254248615,1.2933333887751366,6.176730693435449,-0.44518189119321655,-1.6026548082955796,-6.744243918590649,-0.005293221755264797,1.2432080347275858,1.1047285963050841,1.336854338645935,6.199206562117036,83.240234375,109.749755859375,0.7640877366065979,1,with_flow
12938,0,2.6910291214624382,12938,Bike,9262,308.6476495070799,1.2747533568975984,6.218772524165865,-0.6699303838204131,-2.4117493817534874,-6.74440254620074,-0.0041206388250242185,1.279992383025525,1.1029833802523208,1.3060157299041748,6.242367391218233,84.9310302734375,104.9874267578125,0.7771375775337219,1,with_flow
12938,0,2.6910291214624382,12938,Bike,9263,308.68097358929833,1.2486837073544437,6.262039237150318,-0.8946834658235918,-3.2208604769649307,-6.744518551604644,-0.0028123149975270803,1.3167228880943997,1.1015108141225198,1.3215571641921997,6.347253251286969,89.2012939453125,106.539306640625,0.613196074962616,1,with_flow
12938,1,2.6910291214624382,12938,Bike,9264,308.71429767151676,1.21512431153584,6.3065292036485,-1.119439665843939,-4.029982797038181,-6.744589981833143,-0.0015679341413099713,1.353409866054724,1.1003788703087856,1.275959610939026,6.393266017519807,89.4063720703125,108.7794189453125,0.4941108524799347,1,with_flow
12938,1,2.6910291214624382,12938,Bike,9265,308.7476217537352,1.1740750895343128,6.352241168436834,-1.3441975782850686,-4.839111281826247,-6.74462305153712,-0.0006200485008876712,1.3900651441822387,1.0996068663749452,1.2021864652633667,6.439569015722497,91.5345458984375,109.2275390625,0.5526896715164185,1,with_flow
12938,1,2.6910291214624382,12938,Bike,9266,308.7809458359536,1.1255360033467683,6.399174270815077,-1.5689561347471197,-5.648242085089631,-6.744631306927589,-0.0001096841885796325,1.4267002619798903,1.0991580996249626,1.0493584871292114,6.408848422962373,90.9986572265625,104.8380126953125,0.7180121541023254,1,with_flow
12938,1,2.6910291214624382,12938,Bike,9267,308.81426991817204,1.0695070422785233,6.447328004275721,-1.7937147769997255,-6.457373197199012,-6.744630361786957,3.764384940866478e-05,1.4633246657657355,1.0989478019052104,1.0158549348513286,6.427373832617583,89.0810546875,103.96077473958333,0.5773126284281412,1,with_flow
12938,1,2.6910291214624382,12938,Bike,9268,308.8475940003905,1.0059882066027241,6.496702126262979,-2.0184733644661637,-7.26650411207819,-6.744628798034124,2.7893404824465747e-05,1.499944690069551,1.0988797667380523,0.9823513825734457,6.4458992422727945,87.1634521484375,103.08353678385417,0.4366131027539571,1,with_flow
12938,1,2.6910291214624382,12938,Bike,9269,308.8809180826089,0.9349794979049351,6.5472965534049345,-2.243231921684394,-8.075634918063818,-6.744628502742725,-1.017100231592849e-05,1.5365636264096239,1.0988708300629613,0.9488478302955629,6.464424651928005,85.245849609375,102.206298828125,0.2959135770797729,1,with_flow
13873,1,4.420841383377495,13873,Rickshaw,9942,331.3080254156109,-14.55246608119407,0.9375738378304357,2.169455743748002,7.8100406774928075,-7.283509824780386,-0.0016008709681614164,2.6614434500167867,-1.6607502397807314,-14.319626808166504,1.0610619987791945,32.6090087890625,67.27783203125,0.5317788124084473,1,opposing
13873,1,4.420841383377495,13873,Rickshaw,9943,331.34134949782936,-14.484215119721895,1.02534186713796,1.9267384185177674,6.936258306663963,-7.2835744790012775,-0.0022794592067286418,2.606100015964369,-1.6607910782037076,-14.488396644592283,1.067492162580725,31.458984375,65.881591796875,0.4620013236999511,1,opposing
13873,1,4.420841383377495,13873,Rickshaw,9944,331.3746735800478,-14.424052529420221,1.111265582052266,1.6840186229023155,6.062467042448336,-7.283661746552423,-0.0032649158975724523,2.5507529520097108,-1.660997000309588,-14.60490608215332,1.066562746144257,29.48291015625,65.038818359375,0.5084739923477173,1,opposing
13873,1,4.420841383377495,13873,Rickshaw,9945,331.4079976622662,-14.371978409143445,1.1953447371062116,1.4412952503954175,5.188662901423503,-7.283792079652891,-0.004766244862557354,2.4953937936583235,-1.6615457117543402,-14.47110652923584,1.1221567154503456,28.45751953125,69.74310302734375,0.6797046065330505,1,opposing
13873,1,4.420841383377495,13873,Rickshaw,9946,331.44132174448464,-14.32799290489096,1.2775787084941426,1.1985666153768824,4.314839815356777,-7.283979408023769,-0.006610695008348594,2.4400084279730017,-1.6625922886546456,-14.38323974609375,1.156648017574304,28.658935546875,72.21044921875,0.6201744079589844,1,opposing
13873,1,4.420841383377495,13873,Rickshaw,9947,331.47464582670307,-14.292096225504263,1.3579663240311135,0.9558306594482697,3.4409903740137713,-7.28423267034085,-0.00867283252420336,2.384578329386481,-1.6642423760989669,-14.398985862731934,1.1858686645489094,27.534912109375,70.96484375,0.5222036242485046,1,opposing
13873,0,4.420841383377495,13873,Rickshaw,9948,331.5079699089215,-14.264288652760271,1.4365057485984531,0.7130850819603595,2.567106295057294,-7.284557436391975,-0.010818631263114782,2.3290826728197302,-1.6665230049351418,-14.48668098449707,1.2125549264860294,27.868896484375,69.49481201171875,0.6301551461219788,1,opposing
13873,0,4.420841383377495,13873,Rickshaw,9949,331.5412939911399,-14.244570547344177,1.5131944571734532,0.47032747837244593,1.6931789221408053,-7.2849537122562555,-0.012816527380836605,2.2735014964340228,-1.669349780819545,-14.499078750610352,1.261820029334589,29.5419921875,74.242919921875,0.3943269252777099,1,opposing
13873,0,4.420841383377495,13873,Rickshaw,9962,331.9745070599795,-14.23294234841473,1.588029331503209,0.22755559868615416,0.819200155270155,-7.285411634416363,-0.01436920287974588,2.217819949991132,-1.672496042425749,-14.253181457519531,1.7845771251869258,26.9935302734375,83.244384765625,0.3644275963306427,1,opposing
13873,0,4.420841383377495,13873,Rickshaw,9963,332.0078311421979,-14.229404562590323,1.6610069107528709,-0.015232299394693172,-0.05483627782089542,-7.285911393252611,-0.015286131180919718,2.1620329702107908,-1.6756237432880354,-14.242773056030272,1.828853289492566,27.5399169921875,83.6063232421875,0.4496128261089325,1,opposing
13873,0,4.420841383377495,13873,Rickshaw,9964,332.04115522441634,-14.233957742760479,1.7321237457844947,-0.2580372363228438,-0.9289340507622378,-7.286430427000912,-0.015521433384018,2.1061458729897398,-1.6784706101748696,-14.198979377746582,1.8886660891623963,28.92529296875,85.116455078125,0.5506092309951782,1,opposing
13873,0,4.420841383377495,13873,Rickshaw,9965,332.07447930663477,-14.246602463179006,1.8013766891705039,-0.5008594719797665,-1.8030940991271596,-7.286945868297085,-0.015089626132724762,2.050170837533064,-1.6808848464565038,-14.21178150177002,1.925980056856244,28.7764892578125,85.1478271484375,0.5333492755889893,1,opposing
13873,0,4.420841383377495,13873,Rickshaw,9966,332.1078033888532,-14.267339294242285,1.86876306466758,-0.7436985222580517,-2.677314680128986,-7.287436122884697,-0.014040616771160903,1.9941234121158713,-1.6828137168320865,-14.181368827819824,1.9552143638929995,30.1214599609375,86.87567138671875,0.5585454702377319,1,opposing
13873,0,4.420841383377495,13873,Rickshaw,9967,332.1411274710716,-14.29616877855203,1.934280727604973,-0.9865532142993052,-3.551591571477499,-7.287881649632444,-0.012461428865349546,1.9380195072481454,-1.6842844372775954,-14.19996166229248,1.9626887241337456,30.5347900390625,87.75592041015625,0.5409989356994629,1,opposing
13873,0,4.420841383377495,13873,Rickshaw,9968,332.17445155329006,-14.333091409398598,1.997928037027607,-1.2294217824497577,-4.425918416819128,-7.288266654244833,-0.010472967799164772,1.881873143803308,-1.6853780147592645,-14.257436752319336,1.986142518636454,31.55615234375,88.5750732421875,0.6258922219276428,1,opposing
13873,0,4.420841383377495,13873,Rickshaw,9969,332.2077756355085,-14.378107613270835,2.0597037689877324,-1.472302007238359,-5.300287226058092,-7.288579653712465,-0.008200981889273097,1.8256952165854792,-1.68619576174933,-14.261112213134766,2.0284535854298293,32.4921875,89.63861083984375,0.635926365852356,1,opposing
13873,0,4.420841383377495,13873,Rickshaw,9970,332.2410997177269,-14.4312177370548,2.119607006427388,-1.7151913529748253,-6.174688870709371,-7.288813234634333,-0.005793281958837541,1.769493280468191,-1.6868336005568831,-14.242024421691896,2.07701705781337,31.6875,91.742919921875,0.5998848676681519,1,opposing
13873,0,4.420841383377495,13873,Rickshaw,9971,332.27442379994534,-14.492422039968723,2.177637033898146,-1.958087125796455,-7.049113652867238,-7.288965765321087,-0.0034701925753180384,1.7132719884285061,-1.6873681100610387,-14.237800598144531,2.1037006586994225,31.7686767578125,92.71783447265624,0.5359668731689453,1,opposing
13873,0,4.420841383377495,13873,Rickshaw,9972,332.30774788216377,-14.561720692050832,2.233793253368119,-2.200986716754278,-7.923552180315401,-7.28904451659972,-0.0015391450487393797,1.6570338982720578,-1.687846154989419,-14.300724983215332,2.111111863328147,31.4742431640625,92.25457763671876,0.4308719336986542,1,opposing
13873,0,4.420841383377495,13873,Rickshaw,9981,332.6076646221296,-14.639113782497265,2.2880751340402323,-2.443887947540073,-8.797996611144264,-7.289068346513387,-0.0003015508996967599,1.6007807624763415,-1.6882648852974211,-14.860180854797363,2.3656704921729754,33.5179443359375,85.024658203125,0.3649837672710418,1,opposing
13873,0,4.420841383377495,13873,Rickshaw,9982,332.64098870434805,-14.724601340443664,2.3404822168406296,-2.686789441188019,-9.67244198827687,-7.289064614413669,0.00021337049814222387,1.5445154397846155,-1.688568927037092,-14.932031631469728,2.3971752079812365,33.3912353515625,82.755126953125,0.4415991306304931,1,opposing
13873,0,4.420841383377495,13873,Rickshaw,9983,332.6743127865665,-14.818183363666932,2.391014166734686,-2.929690654045088,-10.546886354562318,-7.289054125761341,0.00024750299996226406,1.488242356252515,-1.688729260924663,-14.980036735534668,2.411808505209429,33.70703125,80.00653076171875,0.472904771566391,1,opposing
13873,0,4.420841383377495,13873,Rickshaw,9984,332.7076368687849,-14.919859841546169,2.4396708049697753,-3.1725915724796816,-11.421329660926855,-7.289048118793029,5.980643535416902e-05,1.4319662697003672,-1.6887519322044438,-15.03997039794922,2.456273604140921,34.103759765625,79.93243408203125,0.4247677624225616,1,opposing
13873,0,4.420841383377495,13873,Rickshaw,9985,332.74096095100333,-15.029630767726653,2.486452104231896,-3.4154924234607713,-12.295772724458777,-7.289050139772203,-0.00015033291880782587,1.3756914193304033,-1.6886598597489024,-15.096721649169922,2.5104586356080274,32.8494873046875,79.3367919921875,0.4052544832229614,1,opposing
13873,0,4.420841383377495,13873,Rickshaw,9986,332.77428503322176,-15.147496144247432,2.531358163565785,-3.658393452651359,-13.170216429544892,-7.289058138206122,-0.00025237756822254066,1.31942108365576,-1.6884879552300696,-15.15236759185791,2.537686155332448,32.2528076171875,80.1064453125,0.4026749432086944,1,opposing
13873,1,4.420841383377495,13873,Rickshaw,9987,332.8076091154402,-15.27345597949561,2.5743891693820036,-3.9012947781014136,-14.04466120116509,-7.28906696027387,-0.00019986583714620817,1.2631571548189444,-1.6882839583025966,-15.18602466583252,2.567558050205177,30.78369140625,80.703369140625,0.3862677812576294,1,opposing
13873,1,4.420841383377495,13873,Rickshaw,9988,332.8409331976586,-15.407510282764772,2.615545343323598,-4.14419633607044,-14.919106809853584,-7.289071458897301,-4.0050615714043625e-05,1.206899830037108,-1.6881001903418025,-15.354043960571287,2.55453628550397,29.93408203125,78.3310546875,0.3555211424827575,1,opposing
13873,1,4.420841383377495,13873,Rickshaw,9996,333.10752585540604,-15.549659058875035,2.654826885224087,-4.3870979398235725,-15.793552583364862,-7.289069629573892,0.00012109373525752462,1.1506476498169675,-1.6879801294736303,-15.354043960571287,2.567558050205177,32.73828125,74.1302490234375,0.3007068634033203,1,opposing
13873,1,4.420841383377495,13873,Rickshaw,9997,333.14084993762447,-15.69990230593073,2.6922339276564484,-4.629999394039231,-16.667997818541235,-7.289063388222122,0.0001516358574231281,1.094398241090911,-1.6879307901593699,-15.91823387145996,2.7249389969092204,32.101318359375,73.3863525390625,0.3071692287921905,1,opposing
13873,1,4.420841383377495,13873,Rickshaw,9998,333.1741740198429,-15.858240017749976,2.727766529007512,-4.872900666293672,-17.542442398657222,-7.289059523322332,6.75374427445454e-05,1.038149759303748,-1.6879184913243785,-15.93296241760254,2.754661872922123,31.5506591796875,73.33636474609375,0.362876147031784,1,opposing
13873,1,4.420841383377495,13873,Rickshaw,9999,333.2074981020613,-16.02467219007774,2.761424705325746,-5.115801869239626,-18.416886729262654,-7.289058886975532,-2.9346035319122166e-05,0.9819014582776625,-1.687917148679236,-15.944015502929688,2.773875371249138,31.0548095703125,73.50750732421875,0.312325656414032,1,opposing
14451,1,4.420841383377495,14451,Rickshaw,10277,342.4715929587843,-17.38171182853443,2.412184722334444,4.497448190826482,16.190813486975337,-7.725286981804947,-0.0021281949934319755,0.7427214214864009,-2.4243726848577993,-17.62961769104004,2.3785772994680303,35.032958984375,79.542724609375,0.3972347378730774,1,with_flow
14451,1,4.420841383377495,14451,Rickshaw,10278,342.5049170410027,-17.236127951183597,2.4355891024916163,4.240009045576901,15.264032564076844,-7.725348053885827,-0.001537147114344285,0.6619311495167877,-2.4243857371931754,-16.915992736816406,2.448217715540041,32.4471435546875,83.8760986328125,0.4598756432533264,1,with_flow
14451,1,4.420841383377495,14451,Rickshaw,10279,342.53824112322116,-17.099123028098763,2.4563012196590375,3.982568149198255,14.33724533711372,-7.725389429838588,-0.0008051053154722383,0.5811410316630641,-2.4243568679892604,-16.915992736816406,2.5173447261592665,32.588134765625,92.93353271484376,0.5304039716720581,1,with_flow
14451,1,4.420841383377495,14451,Rickshaw,10280,342.5715652054396,-16.9706971043981,2.4743211088743293,3.7251263476976373,13.410454851711494,-7.725401712677281,7.222113493966743e-05,0.5003530325967657,-2.4242559796093635,-16.8685359954834,2.4537743449775387,32.3154296875,90.1868896484375,0.5222285985946655,1,with_flow
14451,1,4.420841383377495,14451,Rickshaw,10281,342.604889287658,-16.85085019371881,2.489648882275373,3.467684634092915,12.483664682734494,-7.72538461643251,0.0008796454680829311,0.4195696656591823,-2.424078451592481,-16.779624938964844,2.511129930090867,31.843994140625,92.24652099609376,0.5084500908851624,1,with_flow
14451,1,4.420841383377495,14451,Rickshaw,10282,342.63821336987644,-16.739582277542244,2.5022847375980266,3.2102439164206924,11.556878099114494,-7.7253430859214784,0.001487080198279086,0.3387935620151257,-2.4238196998725448,-16.69071388244629,2.530625499831125,33.5013427734375,92.9478759765625,0.513913094997406,1,with_flow
14451,0,4.420841383377495,14451,Rickshaw,10283,342.67153745209487,-16.636893310531406,2.5122289617009876,2.9528048771274094,10.630097557658674,-7.725285505266925,0.0018161248956465462,0.2580273811177404,-2.423485246692085,-16.67722511291504,2.51461945505848,32.701416015625,93.22381591796876,0.5099456310272217,1,with_flow
14451,0,4.420841383377495,14451,Rickshaw,10284,342.7048615343133,-16.542783229710505,2.5194819240085193,2.6953678821764684,9.703324375835287,-7.7252220445307955,0.0018572066207014062,0.17727333466418332,-2.423095413289675,-16.575822830200195,2.5321167528498227,32.556396484375,94.9959716796875,0.4907296895980835,1,with_flow
14451,0,4.420841383377495,14451,Rickshaw,10285,342.7381856165317,-16.45725196543953,2.524044055084461,2.4379329723663328,8.776558700518798,-7.725161725854675,0.00165458578770863,0.09653285224957531,-2.422675970734136,-16.513158798217773,2.518751180350585,33.6092529296875,94.47833251953124,0.5106615424156189,1,with_flow
14451,0,4.420841383377495,14451,Rickshaw,10286,342.77150969875015,-16.380299451409766,2.52591581778561,2.180499916841398,7.849799700629033,-7.725111769425141,0.00127655129064701,0.015806412175670248,-2.422257827128454,-16.47211456298828,2.49457322515048,34.0186767578125,93.81744384765624,0.4249876141548157,1,with_flow
14451,0,4.420841383377495,14451,Rickshaw,10287,342.8048337809686,-16.3119256325691,2.525097673891833,1.9230682860869532,6.923045829913032,-7.725076646054344,0.0008280951704761561,-0.06490650509444895,-2.4218675901072,-16.427209854125977,2.502981436912809,32.2318115234375,94.58770751953124,0.3612033426761627,1,with_flow
14451,0,4.420841383377495,14451,Rickshaw,10288,342.838157863187,-16.252130469940678,2.521590055858352,1.6656375684827232,5.996295246537803,-7.72505657840205,0.00043993546170605844,-0.14560704637433353,-2.421515391990921,-16.264984130859375,2.5392682388942767,33.334228515625,93.12744140625,0.2837084233760834,1,with_flow
14451,0,4.420841383377495,14451,Rickshaw,10289,342.87148194540543,-16.200913940817077,2.5153933550396044,1.4082073245571964,5.069546368405907,-7.7250473251633505,0.00019119011682211678,-0.2262964685830059,-2.421200351754509,-16.136768341064453,2.539698264746919,33.5003662109375,92.93328857421876,0.328996866941452,1,with_flow
14451,1,4.420841383377495,14451,Rickshaw,10290,342.90480602762386,-16.15827603443277,2.5065079206664973,1.150777281451396,4.142798213225025,-7.7250438359317055,6.270965909513489e-05,-0.30697608856406455,-2.4209294498575584,-16.137683868408203,2.487023291059393,35.4072265625,90.4627685546875,0.3468530178070068,1,with_flow
14451,1,4.420841383377495,14451,Rickshaw,10291,342.9381301098423,-16.124216746651317,2.4949340518011436,0.893347302058127,3.216050287409257,-7.725043145679679,4.398241966310905e-06,-0.38764766060264244,-2.4207199558525048,-16.111860911051433,2.473266011842897,35.916259765625,89.24432373046875,0.3281899789969126,1,with_flow
14451,1,4.420841383377495,14451,Rickshaw,10292,342.9714541920607,-16.098736076550203,2.480671980230077,0.6359173237885086,2.289302365638631,-7.725043542796952,-1.234195683564609e-05,-0.4683134204765786,-2.420581018971732,-16.08603795369466,2.4595087326264014,36.42529296875,88.02587890625,0.30952694018681837,1,with_flow
14451,1,4.420841383377495,14451,Rickshaw,10293,343.00477827427915,-16.081834024472325,2.4637218606678433,0.37848732969939397,1.3625543869178183,-7.725043968248448,-7.336741687509462e-06,-0.5489756815944212,-2.42050805860936,-16.06021499633789,2.4457514534099056,36.934326171875,86.80743408203125,0.2908639013767242,1,with_flow
14451,1,4.420841383377495,14451,Rickshaw,10302,343.304695014245,-16.073510590851424,2.444083775813512,0.12105732760465042,0.4358063793767415,-7.725044031777318,-8.775194462501958e-07,-0.6296363780729081,-2.42048309091696,-16.08603795369466,2.4595087326264014,39.7850341796875,83.41680908203125,0.2995444238185882,1,with_flow
14451,1,4.420841383377495,14451,Rickshaw,10303,343.3380190964634,-16.07376577579517,2.42175775596572,-0.136372674725213,-0.4909416290107668,-7.725044026733508,1.180232061415154e-06,-0.7102966723963668,-2.4204797617300993,-16.073126475016274,2.4526300930181533,38.15576171875,77.51666259765625,0.3193010687828064,1,with_flow
1467,1,4.420841383377495,1467,Rickshaw,1069,35.623443891499505,-23.219782442402998,2.3720609361126073,5.136251324965119,18.49050476987443,-5.961691802275032,-0.0013090813653633404,0.33775377690882924,-0.4883950800394459,-23.032478650410972,2.3691859180376538,29.85693359375,69.33062744140625,0.3965381681919098,1,with_flow
1467,1,4.420841383377495,1467,Rickshaw,1070,35.65676797371793,-23.051931803224427,2.3830450900066356,4.937582557089948,17.775297205523813,-5.9617451377180855,-0.0018919336065313067,0.3214783959565306,-0.4883985756852217,-23.018456141153973,2.385118517800813,29.4794921875,67.7056884765625,0.3683623969554901,1,with_flow
1467,1,4.420841383377495,1467,Rickshaw,1071,35.69009205593636,-22.890701650755243,2.393486880313392,4.738911739677875,17.06008226284035,-5.961817896177144,-0.0027422247880330023,0.3052029467478907,-0.48839866828478234,-23.04650115966797,2.421266590319919,30.15576171875,67.1190185546875,0.2886950075626373,1,with_flow
1467,1,4.420841383377495,1467,Rickshaw,1072,35.72341613815479,-22.736092067498078,2.4033863069962678,4.540237920445111,16.344856513602398,-5.961927901966681,-0.004024159357484438,0.28892756295396593,-0.4883957510807765,-23.018456141153973,2.411939665459864,29.125,65.92659505208333,0.28731734553972876,1,with_flow
1467,1,4.420841383377495,1467,Rickshaw,1073,35.75674022037322,-22.58810317666347,2.4127433719667164,4.34155964701071,15.629614729238556,-5.962086099011722,-0.00543473502559564,0.2726521522117934,-0.4884033460251662,-22.990411122639973,2.4026127405998094,28.09423828125,64.73417154947917,0.2859396835168202,1,with_flow
1467,1,4.420841383377495,1467,Rickshaw,1074,35.790064302591645,-22.44673515374405,2.421558064947119,4.1428753079359675,14.914351108569484,-5.962290117080338,-0.006489225046022451,0.25637604430739447,-0.4884405677788637,-22.962366104125977,2.3932858157397545,27.0634765625,63.541748046875,0.2845620214939117,1,with_flow
1467,0,4.420841383377495,1467,Rickshaw,1085,36.15662920699435,-22.311988223356963,2.4298303433627852,3.9441836718810928,14.199061218771934,-5.962518593949657,-0.006653282636131994,0.24009800720540797,-0.48852003473620487,-21.95389175415039,2.424213260869591,29.8740234375,65.504638671875,0.3514284491539001,1,with_flow
1467,0,4.420841383377495,1467,Rickshaw,1086,36.18995328921278,-22.183862635454293,2.437560119174525,3.7454845463066015,13.483744366703766,-5.9627335461555155,-0.005825561322855245,0.22381662392130175,-0.4886404718993634,-21.85001945495605,2.438099334957794,29.8897705078125,66.74603271484375,0.3765281736850738,1,with_flow
1467,0,4.420841383377495,1467,Rickshaw,1087,36.22327737143121,-22.06235862614441,2.4447472592810775,3.546778895872329,12.768404025140384,-5.962906856918639,-0.004382223235852447,0.20753063604391353,-0.4887951906953236,-21.82874870300293,2.4390519912402597,29.066650390625,66.95916748046875,0.3991552591323852,1,with_flow
1467,0,4.420841383377495,1467,Rickshaw,1088,36.25660145364964,-21.94747638672224,2.4513915925535272,3.3480683606949384,12.05304609850178,-5.963025613290338,-0.002719696620366953,0.19123902443287955,-0.48897651524878155,-21.793960571289062,2.444500404600978,29.678955078125,67.145751953125,0.3391424715518951,1,with_flow
1467,0,4.420841383377495,1467,Rickshaw,1089,36.289925535868065,-21.839216048932553,2.4574929186282537,3.149354812446078,11.337677324805881,-5.963088119706212,-0.001116063388396367,0.1749410714098063,-0.4891736280580834,-21.75955581665039,2.4515518351252634,29.7401123046875,67.23321533203125,0.3154793083667755,1,with_flow
1467,0,4.420841383377495,1467,Rickshaw,1090,36.32324961808649,-21.737577682730105,2.4630510200086344,2.9506400472777354,10.622304170199849,-5.963099996866569,0.00025645432040518387,0.15863648999485702,-0.4893714842837284,-21.68219947814941,2.468150407269125,29.330322265625,68.27081298828125,0.3404537141323089,1,with_flow
1467,0,4.420841383377495,1467,Rickshaw,1091,36.35657370030492,-21.642561302216798,2.468065678667801,2.751925598239139,9.9069321536609,-5.963071027496495,0.0012962753526697482,0.14232555125488233,-0.48955228318382493,-21.613149642944336,2.4812967091603304,29.153076171875,69.35662841796875,0.3897424936294555,1,with_flow
1467,0,4.420841383377495,1467,Rickshaw,1092,36.38989778252335,-21.55416687637657,2.4725366952330345,2.5532126256187913,9.191565452227648,-5.963013602493709,0.0019462800188206333,0.12600908692566937,-0.48970120975893666,-21.57525062561035,2.486003576290006,28.930419921875,69.66632080078125,0.3767458498477936,1,with_flow
1467,0,4.420841383377495,1467,Rickshaw,1093,36.42322186474178,-21.472394342711617,2.4764639049807085,2.354501851790735,8.476206666446645,-5.962941311505761,0.002200578503720641,0.10968830150348494,-0.489811158334278,-21.51965713500977,2.4857814672275023,29.033447265625,69.83251953125,0.3616777658462524,1,with_flow
1467,0,4.420841383377495,1467,Rickshaw,1094,36.456545946960205,-21.39724362213384,2.479847185691958,2.1557935546596783,7.760856796774842,-5.962866937975737,0.0021057207272091815,0.09336449545528305,-0.4898832637362802,-21.478158950805664,2.483928311263511,28.56884765625,70.3272705078125,0.4141989052295685,1,with_flow
1467,1,4.420841383377495,1467,Rickshaw,1095,36.48987002917863,-21.328714633032174,2.482686456621161,1.9570876204616745,7.045515433662028,-5.962800969084475,0.001750975608991589,0.07703882450207386,-0.4899245722394274,-21.42085075378418,2.4812967091603304,28.4017333984375,70.9459228515625,0.3833851516246795,1,with_flow
1467,1,4.420841383377495,1467,Rickshaw,1096,36.52319411139706,-21.266807302784215,2.4849816709795216,1.758383643879877,6.330181117967557,-5.962750238665424,0.0012564620773189803,0.06071215635857038,-0.48994474542055333,-21.369007110595703,2.4845971220986875,28.44091796875,71.29901123046875,0.3136597275733948,1,with_flow
1467,1,4.420841383377495,1467,Rickshaw,1097,36.55651819361549,-21.211521575286692,2.4867328054933378,1.559681062986409,5.614851826751073,-5.962717228193338,0.0007541887353890836,0.04438503611073639,-0.4899532440190387,-21.27408599853516,2.475466878479817,29.7176513671875,71.914306640625,0.3274025917053222,1,with_flow
1467,1,4.420841383377495,1467,Rickshaw,1098,36.58984227583392,-21.162857413688307,2.4879398499476655,1.3609793091798408,4.899525513047427,-5.9626999733705714,0.00035358579231989,0.02805771020475404,-0.48995799814684293,-21.17132568359375,2.4804668160338186,29.98779296875,72.43292236328125,0.3185304999351501,1,with_flow
1467,1,4.420841383377495,1467,Rickshaw,1099,36.623166358052345,-21.120814798366585,2.4886027988724724,1.162277932923987,4.184200558526353,-5.9626936623493085,0.00010812308419528473,0.011730249543196005,-0.4899612310312905,-21.11514472961425,2.49904662939976,28.9078369140625,73.2589111328125,0.3262349665164947,1,with_flow
1467,1,4.420841383377495,1467,Rickshaw,1100,36.65649044027077,-21.085393721797473,2.4887216488499466,0.9635766614499431,3.4688759812197953,-5.962692767165477,-5.43971435149615e-05,-0.0045972743674910065,-0.4899618537624408,-20.9719295501709,2.482946915629509,28.9285888671875,74.8663330078125,0.316127598285675,1,with_flow
14715_0,1,4.420841383377495,14715,Rickshaw,10453,348.3366314292276,-18.54296289085757,0.9723625562417002,1.119737985668675,4.031056748407231,9.707241011675775,0.0023788562117204037,-0.1216897700343768,0.27839651193024256,-18.58115768432617,0.975936039523505,31.802978515625,81.72149658203125,0.4361172616481781,1,with_flow
14715_0,1,4.420841383377495,14715,Rickshaw,10454,348.36995551144605,-18.500258716511322,0.9684619356194619,1.4432242340299157,5.1956072425076965,9.707322330148521,0.002501606644741982,-0.11241242936992907,0.27839807744031,-18.59979820251465,0.961138466742694,32.287353515625,80.3199462890625,0.4265473783016205,1,with_flow
14715_0,1,4.420841383377495,14715,Rickshaw,10455,348.4032795936645,-18.44677461418827,0.9648704741377413,1.7667132438270174,6.360167677777263,9.70740773916679,0.002738126620872441,-0.10313509360193962,0.27839584222298813,-18.45182228088379,0.9900546894750808,31.7835693359375,81.44818115234375,0.4702182114124298,1,with_flow
14715_0,1,4.420841383377495,14715,Rickshaw,10456,348.4366036758829,-18.38251048831288,0.9615881691302662,2.090205270839779,7.524738975023205,9.707504821261798,0.003220706257288592,-0.09385792984677926,0.27838641494123806,-18.419235229492188,0.9577709953174148,32.769775390625,83.46417236328125,0.4423311352729797,1,with_flow
14715_0,1,4.420841383377495,14715,Rickshaw,10457,348.46992775810133,-18.307466230269355,0.9586150088043726,2.4137008482245808,8.689323053608492,9.707622393327028,0.003975544616029215,-0.08458137606938618,0.2783567424512994,-18.22038459777832,0.9541189688312284,35.15380859375,84.84930419921875,0.3793242871761322,1,with_flow
14715_0,1,4.420841383377495,14715,Rickshaw,10458,348.50325184031976,-18.221641708595122,0.9559509589441781,2.7372008175351055,9.85392294312638,9.707769784013093,0.004957205320018802,-0.07530634162096056,0.2782931871877641,-18.084548950195312,0.9248135230292462,37.8382568359375,85.455810546875,0.4174908995628357,1,with_flow
14715_0,0,4.420841383377495,14715,Rickshaw,10459,348.5365759225382,-18.12503675906335,0.9535959481318286,3.0607062836347025,11.01854262108493,9.707952781962344,0.006014804587742294,-0.0660341197366689,0.27818782035471123,-17.934574127197266,0.9625818208421602,36.25,84.4783935546875,0.4790526330471039,1,with_flow
14715_0,0,4.420841383377495,14715,Rickshaw,10460,348.5699000047566,-18.017651178507563,0.9515498599825867,3.384218442511115,12.183186393040014,9.708170659698313,0.006918789602471803,-0.05676604003721179,0.27804566008274034,-17.803333282470703,0.9449740007297802,37.762451171875,87.2974853515625,0.524061918258667,1,with_flow
14715_0,0,4.420841383377495,14715,Rickshaw,10461,348.60322408697505,-17.899484725848907,0.9498125370481854,3.7077383246401823,13.347857968704657,9.708413906589474,0.007411837318483938,-0.04750323967277814,0.2778719153531688,-17.88671112060547,0.9243982216591812,36.1446533203125,81.88092041015625,0.4894091486930847,1,with_flow
14715_0,0,4.420841383377495,14715,Rickshaw,10462,348.6365481691935,-17.770537132676328,0.9483837872193507,4.031266492474977,14.512559372909918,9.708664645050694,0.00735236094095953,-0.03824663633381534,0.2776764032342504,-17.9003849029541,0.9491917666730952,35.569580078125,75.999267578125,0.4360250830650329,1,with_flow
14715_0,0,4.420841383377495,14715,Rickshaw,10463,348.6698722514119,-17.630808122341197,0.9472633954661515,4.354802872272225,15.677290340180011,9.708903927950466,0.006794270169862377,-0.028996620912173754,0.2774805252223136,-17.715164184570312,0.970047488316083,36.4287109375,77.7127685546875,0.422038584947586,1,with_flow
14715_0,0,4.420841383377495,14715,Rickshaw,10464,348.70319633363033,-17.480297430429804,0.946451146329381,4.678346830196036,16.84204858870573,9.709117470686204,0.005874610778439381,-0.0197528288944252,0.2773056179285981,-17.579763412475586,0.9500938629852616,38.2921142578125,79.322998046875,0.3533974587917328,1,with_flow
14715_0,0,4.420841383377495,14715,Rickshaw,10465,348.73652041584876,-17.319004820716682,0.9459468465196664,5.001897332887403,18.00683039839465,9.70929545997563,0.004733392519380779,-0.0105143539471656,0.27716271012107674,-17.452796936035156,0.9649643485653452,38.8311767578125,77.38360595703125,0.4166431725025177,1,with_flow
14715_0,0,4.420841383377495,14715,Rickshaw,10466,348.7698444980672,-17.1469300960141,0.9457503378581052,5.325453097698219,19.171631151713587,9.70943294260918,0.0035345429249606713,-0.001280026886658403,0.27705675151854314,-17.281082153320312,0.9521343569444628,35.921142578125,75.8486328125,0.3857998847961426,1,with_flow
14715_0,0,4.420841383377495,14715,Rickshaw,10467,348.8031685802856,-16.964073103545548,0.9458615022266873,5.649012775701046,20.336445992523768,9.709531030773702,0.0024533861812232375,0.007951334180825304,0.27698340740659316,-17.005959510803223,0.9440204574302926,36.45953369140625,78.3458251953125,0.39397992193698883,1,with_flow
14715_0,1,4.420841383377495,14715,Rickshaw,10468,348.83649266250404,-16.770433733734745,0.9462802573169663,5.972575154706708,21.50127055694415,9.709596456294813,0.0016052668325135465,0.017180671214073198,0.27693373707020297,-16.730836868286133,0.9359065579161224,36.9979248046875,80.843017578125,0.4021599590778351,1,with_flow
14715_0,1,4.420841383377495,14715,Rickshaw,10469,348.86981674472247,-16.566011913088875,0.9470065472221687,6.296139292732885,22.666101453838387,9.70963801886152,0.0010023821153146764,0.026408633576195027,0.27690002416291326,-16.523449897766113,0.9453874393640974,37.14459228515625,83.0513916015625,0.3531540483236313,1,with_flow
14715_0,1,4.420841383377495,14715,Rickshaw,10470,348.9031408269409,-16.350807594753874,0.9480403342737869,6.619704525679576,23.830936292446474,9.709663263222863,0.0005969490614245655,0.03563569446403922,0.27687940015491286,-16.316062927246094,0.9548683208120724,37.291259765625,85.259765625,0.3041481375694275,1,with_flow
14715_0,1,4.420841383377495,14715,Rickshaw,10471,348.9364649091593,-16.124820750178685,0.9493815954372504,6.943270408396864,24.99577347022871,9.709677804420727,0.0003266265838005204,0.04486226494489599,0.2768700772765272,-16.024316787719727,0.9489956472093586,36.92626953125,88.88739013671875,0.286011278629303,1,with_flow
14715_0,1,4.420841383377495,14715,Rickshaw,10472,348.96978899137775,-15.888051362882482,0.9510303199127689,7.266836649582775,26.16061193849799,9.70968503228513,0.00012687657169490718,0.05408865214701565,0.2768675387335299,-16.061662673950195,0.9458569374742544,36.377197265625,87.83526611328125,0.3562074899673462,1,with_flow
14715_0,1,4.420841383377495,14715,Rickshaw,10473,349.0031130735962,-15.640499424797243,0.9529865044430986,7.590403022610819,27.32545088139895,9.70968626051134,-5.316254095077966e-05,0.06331500169956361,0.276867255782124,-15.484822273254396,0.9503626291431634,33.90478515625,97.704833984375,0.3623610436916351,1,with_flow
14896_0,1,2.0951912688858583,14896,Car,10743,358.00061527257174,-25.05747402025305,0.7772080453018584,1.8112036768116486,6.520333236521935,6.942345565594849,0.0018255199111507636,-0.17867076012777514,0.8434677110581005,-25.03680992126465,0.7907096770369735,71.542724609375,76.6497802734375,0.6347248554229736,1,with_flow
14896_0,1,2.0951912688858583,14896,Car,10744,358.03393935479016,-24.993262591281873,0.7717223404508515,2.0425519200213325,7.353186912076797,6.94240169935016,0.0015434404066944519,-0.1505628796767039,0.8434718508498107,-24.98793029785156,0.7725185545304138,69.845947265625,75.88360595703125,0.6497820019721985,1,with_flow
14896_0,1,2.0951912688858583,14896,Car,10745,358.0672634370086,-24.92134166457728,0.7671733047967192,2.2739019029608727,8.186046850659142,6.942448433064873,0.0010819084178286472,-0.12245510375538937,0.8434584826428062,-24.85546875,0.771553834816439,68.7698974609375,77.90936279296875,0.6162644624710083,1,with_flow
14896_0,1,2.0951912688858583,14896,Car,10746,358.100587519227,-24.841711189269837,0.7635609218081504,2.505253133938126,9.018911282177255,6.942473806560297,4.2661576143729374e-05,-0.09434831728996734,0.8434092330049512,-24.69535255432129,0.7827579242345675,67.762451171875,79.70953369140625,0.5945733189582825,1,with_flow
14896_0,1,2.0951912688858583,14896,Car,10747,358.13391160144545,-24.754371139534125,0.7608851347781596,2.7366045209798906,9.851776275527607,6.9424512763806145,-0.0021950687741706235,-0.06624406836026644,0.8433016829546849,-24.64297866821289,0.7782451364294758,68.1942138671875,78.935302734375,0.6037495732307434,1,with_flow
14896_0,1,2.0951912688858583,14896,Car,10748,358.1672356836639,-24.65932154537078,0.7591458212077454,2.9679536545239142,10.684633156286091,6.942327509255686,-0.006328974319234522,-0.0381448175123319,0.8431027884669053,-24.690109252929688,0.7419129191764413,67.6248779296875,74.895263671875,0.5951798558235168,1,with_flow
14896_0,0,2.0951912688858583,14896,Car,10749,358.2005597658823,-24.556562551166888,0.7583427563170924,3.1992959674781303,11.517465482921269,6.94202946185947,-0.012551050342789387,-0.010054287480486535,0.8427718054964362,-24.741641998291016,0.7226337815897408,65.78564453125,73.4249267578125,0.5707477331161499,1,with_flow
14896_0,0,2.0951912688858583,14896,Car,10750,358.23388384810073,-24.446094494222734,0.7584755695781987,3.4306244870930844,12.350248153535103,6.941491004788585,-0.020246503769658634,0.01802255039090972,0.8422774020929511,-24.644695281982425,0.715624218268931,64.2132568359375,73.98974609375,0.5026628971099854,1,with_flow
14896_0,0,2.0951912688858583,14896,Car,10751,358.26720793031916,-24.327917975477142,0.7595437110558366,3.661930555335291,13.182949999207048,6.940680069546958,-0.02830367623361851,0.0460800222380402,0.8416101286502418,-24.48805427551269,0.7309680161323697,65.605712890625,75.210205078125,0.5043579339981079,1,with_flow
14896_0,0,2.0951912688858583,14896,Car,10752,358.3005320125376,-24.202033894682515,0.7615464412810986,3.893205119783212,14.015538431219563,6.939604616720799,-0.03558428544834444,0.0741125691912976,0.8407859517236295,-24.38311195373535,0.7254770259545573,65.4271240234375,74.64630126953125,0.5304241180419922,1,with_flow
14896_0,0,2.0951912688858583,14896,Car,10753,358.333856094756,-24.068443442097553,0.7644828483859786,4.124439995512251,14.847983983844104,6.938308442239029,-0.041055925973806626,0.10211551772644725,0.8398416745573566,-24.122716903686523,0.759590104020003,63.382080078125,78.071533203125,0.5146099328994751,1,with_flow
14896_0,0,2.0951912688858583,14896,Car,10754,358.36718017697444,-23.927148049847705,0.7683518890599831,4.355629037425783,15.68026453473282,6.936868314615389,-0.044019591290107525,0.13008576140232908,0.8388332680403621,-23.91658973693848,0.7884566537991144,63.329833984375,81.2452392578125,0.4912411570549011,1,with_flow
14896_0,0,2.0951912688858583,14896,Car,10755,358.40050425919287,-23.778149308738232,0.7731524491072869,4.5867689415976365,16.51236818975149,6.935374617280282,-0.044261982995832096,0.15802217327281892,0.837820535124695,-23.78322029113769,0.7702956898713293,65.3265380859375,82.80535888671875,0.346488356590271,1,with_flow
14896_0,0,2.0951912688858583,14896,Car,10756,358.4338283414113,-23.62144886911225,0.7788834086109846,4.817859440458906,17.34429398565206,6.933918334694382,-0.04170415367522051,0.18592549052761037,0.836855442279969,-23.74441146850586,0.7832849897495031,69.65869140625,81.4322509765625,0.3350140452384949,1,with_flow
14896_0,1,2.0951912688858583,14896,Car,10757,358.4671524236297,-23.457048339465665,0.7855437005483125,5.048903336998812,18.176052013195726,6.932595111988436,-0.036132477777895744,0.21379814448290424,0.8359885455394545,-23.232784271240234,0.7832849897495031,67.06396484375,88.3624267578125,0.4762018918991089,1,with_flow
14896_0,1,2.0951912688858583,14896,Car,10758,358.50047650584816,-23.284949179041096,0.7931323667625259,5.279906848176095,19.00766465343394,6.9315101713739296,-0.028015607999802773,0.24164422928218282,0.835269053957548,-22.897136688232425,0.8360073301460462,64.87158203125,93.14129638671876,0.526290237903595,1,with_flow
14896_0,1,2.0951912688858583,14896,Car,10759,358.5338005880666,-23.10515258648583,0.8016486126146115,5.5108791668397,19.839165000622923,6.930727923139667,-0.018834361504044713,0.26946944476753104,0.8347420527100313,-23.232784271240234,0.8514565056317911,66.1737060546875,97.17022705078124,0.5906131863594055,1,with_flow
14896_0,1,2.0951912688858583,14896,Car,10760,358.567124670285,-22.917659430548223,0.8110918548865418,5.741830564848792,20.670590033455653,6.930254895751345,-0.00984230882430068,0.2972806463947434,0.8344290053346244,-22.06422996520996,0.9613566729302976,67.38037109375,107.30474853515624,0.4658900797367096,1,with_flow
14896_0,1,2.0951912688858583,14896,Car,10761,358.60044875250344,-22.722470237018044,0.8214617444125777,5.972771240215952,21.501976464777428,6.930071951322707,-0.0031338396381671314,0.3250847963425446,0.8343090631348893,-22.765254974365234,0.8134685824040364,67.62890625,92.13311767578124,0.3984203934669494,1,with_flow
14896_0,1,2.0951912688858583,14896,Car,10762,358.63377283472187,-22.519585222532733,0.8327581390209927,6.203708879875521,22.333351967551874,6.9300460310918215,0.0015781940413717166,0.3528869549894915,0.834292051672108,-23.25752830505371,0.6750068217788499,68.6708984375,79.31463623046875,0.2851726412773132,1,with_flow
16764,1,4.420841383377495,16764,Rickshaw,12160,405.2208397760842,-18.41855593076244,1.9993711633676938,-0.48645157278084494,-1.7512256620110418,7.0025842977106425,0.0017455180738039644,0.10788108106551877,-1.989267232618595,-18.43116569519043,2.0089569512691434,43.119873046875,83.5166015625,0.491363912820816,1,with_flow
16764,1,4.420841383377495,16764,Rickshaw,12161,405.2541638583026,-18.430878306635222,2.0018616630830897,-0.25309590345337574,-0.9111452524321527,7.002642902880892,0.0017717683057741388,0.04159028272754564,-1.9892858876293156,-18.37331962585449,2.003145215735894,44.0677490234375,84.24462890625,0.521988034248352,1,with_flow
16764,1,4.420841383377495,16764,Rickshaw,12162,405.28748794052103,-18.435424286291344,2.0021430706910888,-0.019738266119067482,-0.07105775802864293,7.00270238281603,0.0017777846710183795,-0.02470131115999341,-1.9893171154612066,-18.400972366333008,1.9691962358196624,45.0689697265625,82.78692626953125,0.4952799379825592,1,with_flow
16764,1,4.420841383377495,16764,Rickshaw,12163,405.32081202273946,-18.432193803810208,2.000215350493539,0.21362135195091048,0.7690368670232778,7.002761388965979,0.0017214668546808257,-0.09099430703737721,-1.9893704597491497,-18.442840576171875,1.9499500952662088,44.4349365234375,80.80938720703125,0.4883100390434265,1,with_flow
16764,1,4.420841383377495,16764,Rickshaw,12164,405.3541361049579,-18.42118679393865,1.9960784441035575,0.4469828897806065,1.6091384032101834,7.002817115422033,0.0015729294211392845,-0.15728935088522855,-1.9894359704979292,-18.34531021118164,1.9680477261785685,42.602783203125,82.7796630859375,0.4437145888805389,1,with_flow
16764,1,4.420841383377495,16764,Rickshaw,12165,405.3874601871763,-18.402403195076598,1.9897322823963448,0.6803461867074618,2.449246272146863,7.002866221824687,0.0012669511850948534,-0.2235862818652964,-1.9894754402021797,-18.21203994750977,1.96731611453818,42.0906982421875,85.296630859375,0.4413654208183288,1,with_flow
16764,0,4.420841383377495,16764,Rickshaw,12166,405.42078426939474,-18.375842953320156,1.9811768269434276,0.9137109204438056,3.2893593135977004,7.002901555392951,0.0006216769488011377,-0.28988330883566277,-1.9894307325760154,-18.1601505279541,1.9643325440803605,42.8824462890625,86.39483642578125,0.4298766553401947,1,with_flow
16764,0,4.420841383377495,16764,Rickshaw,12167,405.4541083516132,-18.341506030854944,1.9704121341372427,1.1470764011054793,4.129475043979726,7.002907655452197,-0.0006286108614438965,-0.35617645152694233,-1.989229202949963,-18.20297813415528,1.9271934961434052,42.61083984375,84.88653564453125,0.3562882840633392,1,with_flow
16764,0,4.420841383377495,16764,Rickshaw,12168,405.4874324338316,-18.299392423230216,1.957438435720046,1.3804412635370629,4.969588548733427,7.0028596596328905,-0.0027207690731997796,-0.42245908854734865,-1.9887838630176016,-18.259979248046875,1.889956166720327,41.542724609375,81.39959716796875,0.3516839146614074,1,with_flow
16764,0,4.420841383377495,16764,Rickshaw,12169,405.52075651605,-18.249502186665612,1.9422562367592202,1.6138031961042074,5.809691505975147,7.002726321187612,-0.00579623961896724,-0.4887212830566071,-1.9879799886217602,-18.160051345825195,1.915022912977257,42.2198486328125,81.678466796875,0.3398689329624176,1,with_flow
16764,0,4.420841383377495,16764,Rickshaw,12170,405.55408059826846,-18.191835472391293,1.924866444126994,1.8471587919839163,6.649771651142099,7.00247335090165,-0.009956733250869385,-0.5549486491834732,-1.986666149861906,-18.11546897888184,1.9070706279646368,41.9915771484375,82.1669921875,0.4097698330879211,1,with_flow
16764,0,4.420841383377495,16764,Rickshaw,12171,405.5874046804869,-18.12639256485211,1.9052705328233146,2.0805034418699737,7.489812390731905,7.002062723192654,-0.015306855812656565,-0.6211213611995319,-1.9846699736230482,-18.11122131347656,1.8967989708408552,42.38671875,81.38006591796875,0.3534630537033081,1,with_flow
16764,0,4.420841383377495,16764,Rickshaw,12172,405.6207287627053,-18.053173923884078,1.8834707366463406,2.3138312104975247,8.329792357791089,7.001453177058437,-0.02191016450481689,-0.6872136402897128,-1.9818075602698133,-18.063405990600582,1.8873188877082,41.7413330078125,81.82623291015625,0.2896108031272888,1,with_flow
16764,0,4.420841383377495,16764,Rickshaw,12173,405.65405284492374,-17.972180230303145,1.8594702518350552,2.5471347652535554,9.1696851549128,7.000602450945898,-0.02977141741080788,-0.7531934739601425,-1.9778898518907049,-18.03304815292358,1.8778869252490313,41.2818603515625,80.57545471191406,0.29473788291215897,1,with_flow
16764,0,4.420841383377495,16764,Rickshaw,12174,405.68737692714217,-17.88341243269843,1.833273446283838,2.780405371586954,10.009459337713036,6.999468966735323,-0.03883620793787081,-0.8190225709058502,-1.9727305229230874,-18.002690315246582,1.8684549627898626,40.8223876953125,79.32467651367188,0.2998649626970291,1,with_flow
16764,0,4.420841383377495,16764,Rickshaw,12175,405.7207010093606,-17.78687179339029,1.804886065583976,3.0136329512574895,10.849078624526962,6.998014088973151,-0.048974745568035376,-0.8846566050352562,-1.9661554006659516,-17.97233247756958,1.8590230003306938,40.3629150390625,78.07389831542969,0.30499204248189926,1,with_flow
16764,0,4.420841383377495,16764,Rickshaw,12176,405.754025091579,-17.682559931078917,1.774315425437699,3.2468062254454333,11.68850241160356,6.9962048898394515,-0.0599687470478922,-0.950045797238875,-1.9580133119044878,-17.941974639892578,1.849591037871525,39.9034423828125,76.8231201171875,0.3101191222667694,1,with_flow
16764,0,4.420841383377495,16764,Rickshaw,12177,405.78734917379745,-17.570478857120584,1.7415705784002573,3.4799129561322033,12.527686642075933,6.994017282058831,-0.07148245836880615,-1.0151358822367782,-1.9481883467182954,-18.06314849853516,1.8004623582410693,39.14111328125,74.181396484375,0.3445108532905578,1,with_flow
16764,0,4.420841383377495,16764,Rickshaw,12178,405.8206732560159,-17.450631001886073,1.7066624415692866,3.7129403079721177,13.366585108699624,6.991440715199737,-0.08298466907820612,-1.0798694719915307,-1.9366092539385324,-17.992216110229492,1.7979501486291536,39.5491943359375,74.171142578125,0.3704137802124023,1,with_flow
16764,0,4.420841383377495,16764,Rickshaw,12179,405.8539973382343,-17.3230192256056,1.6696038761730911,3.9458754398441833,14.20515158343906,6.9884865061883685,-0.09375467440648376,-1.1441875122439114,-1.923248147023041,-17.980575561523438,1.8019279764678067,40.501220703125,74.43710327148438,0.3323168456554413,1,with_flow
16764,0,4.420841383377495,16764,Rickshaw,12180,405.88732142045274,-17.18764680547702,1.630409716839086,4.178706312899878,15.04334272643956,6.985192138243169,-0.10293191724801022,-1.2080309531432063,-1.9081371364662256,-17.968935012817383,1.80590580430646,41.4532470703125,74.70306396484375,0.2942199110984802,1,with_flow
16764,0,4.420841383377495,16764,Rickshaw,12181,405.92064550267116,-17.044517393558863,1.5890967335171113,4.411422641289195,15.881121508641103,6.981626282841822,-0.10950050390308994,-1.2713431696265807,-1.8913941798340097,-17.890600204467773,1.822180792640412,43.1019287109375,75.7476806640625,0.3032145202159881,1,with_flow
16764,0,4.420841383377495,16764,Rickshaw,12197,406.453830818166,-16.89363493999823,1.5456834978297005,4.644017023668961,16.71846128520826,6.977894130653118,-0.11243989107296341,-1.3340732948148506,-1.8732523393281795,-16.72039222717285,1.776941505251438,54.4478759765625,83.82373046875,0.3480463325977325,1,with_flow
16764,0,4.420841383377495,16764,Rickshaw,12198,406.48715490038444,-16.735003576382404,1.5001901212517061,4.876486151641441,17.555350145909188,6.974132370492329,-0.11126693095688818,-1.3961805843782276,-1.8540890809230088,-16.67096710205078,1.785279642668967,53.794677734375,84.830078125,0.3736249208450317,1,with_flow
16764,0,4.420841383377495,16764,Rickshaw,12211,406.920367969224,-16.568627467442703,1.4526378353567604,5.108831343368248,18.391792836125692,6.970478393942319,-0.10607743020861497,-1.4576394191073687,-1.8344375018669221,-16.09960174560547,1.5750720423665014,66.9720458984375,83.84588623046875,0.2868718802928924,1,with_flow
16764,0,4.420841383377495,16764,Rickshaw,12235,407.7201459424663,-16.39451065872311,1.4030483982220052,5.341058396798432,19.227810228474354,6.967062504480746,-0.09730899337665687,-1.518444727027953,-1.8149918136323389,-15.536344528198242,1.036492514265234,65.2691650390625,78.640869140625,0.3461155593395233,1,with_flow
16764,0,4.420841383377495,16764,Rickshaw,12236,407.7534700246847,-16.212656933420917,1.351443333907029,5.573177136466399,20.063437691279038,6.963992928150566,-0.08585093518352874,-1.5786158891357212,-1.7964902544417822,-15.400053977966309,1.0512684438306894,67.1966552734375,80.88330078125,0.3451270461082458,1,with_flow
16764,0,4.420841383377495,16764,Rickshaw,12237,407.78679410690313,-16.023069693723507,1.2978431366440104,5.805200396298875,20.898721426675948,6.961340697235577,-0.07283252392139804,-1.6381943133517665,-1.7794937819942633,-15.306303977966309,1.0606110393248134,68.340576171875,82.58172607421875,0.3283352851867676,1,with_flow
16764,0,4.420841383377495,16764,Rickshaw,12238,407.82011818912156,-15.825751881896215,1.2422666472685975,6.037142733692035,21.733713841291326,6.959138774119902,-0.05933897270441411,-1.6972367425321764,-1.764368763077164,-15.163286209106445,1.046031406626499,69.11431884765625,85.4752197265625,0.32668836414813995,1,with_flow
16764,0,4.420841383377495,16764,Rickshaw,12239,407.85344227134,-15.620705943298178,1.1847306427136546,6.269019223814062,22.568469205730622,6.957385863625259,-0.04635389477725114,-1.7558094380241478,-1.7513257031966323,-15.020268440246582,1.0314517739281848,69.8880615234375,88.36871337890625,0.3250414431095123,1,with_flow
16764,0,4.420841383377495,16764,Rickshaw,12240,407.8867663535584,-15.407933827561154,1.1252495996461935,6.500844369530335,23.403039730309207,6.956049372118499,-0.03474336965647962,-1.8139834886165238,-1.7404483503960209,-15.122899055480957,0.9747628708091773,71.584228515625,83.7344970703125,0.3058979362249374,1,with_flow
16764,0,4.420841383377495,16764,Rickshaw,12241,407.92009043577684,-15.187437024405234,1.0638355991457802,6.732631122465116,24.23747204087442,6.955070281811303,-0.025105403699178103,-1.8718310082001364,-1.7317169465214848,-15.225529670715332,0.91807396769017,73.2803955078125,79.10028076171875,0.2867544293403625,1,with_flow
16764,0,4.420841383377495,16764,Rickshaw,12242,407.95341451799527,-14.959216627903716,1.0004983482266128,6.964390201757288,25.07180472632624,6.954376143044502,-0.017633133652232964,-1.9294218266065517,-1.7250145734452083,-15.16281763712565,0.9005650204085959,74.30843098958333,79.20145670572917,0.28696236014366144,1,with_flow
16764,0,4.420841383377495,16764,Rickshaw,12243,407.9867386002137,-14.72327341559498,0.9352453091569967,7.1961298894351735,25.906067601966626,6.953895065820112,-0.01217263868681239,-1.9868203344983035,-1.7201344343240277,-15.100105603535969,0.8830560731270216,75.33646647135417,79.30263264973958,0.28717029094696045,1,with_flow
16764,1,4.420841383377495,16764,Rickshaw,12244,408.0200626824321,-14.47960792751845,0.8680819265967029,7.427856211197339,26.74028236031042,6.953564859019673,-0.008309832758993291,-2.0440828732462037,-1.7168052797172677,-15.037393569946287,0.8655471258454475,76.364501953125,79.40380859375,0.2873782217502594,1,with_flow
16764,1,4.420841383377495,16764,Rickshaw,12257,408.4532757512717,-14.228220534518616,0.7990119259592567,7.659573395237616,27.57446422285542,6.953341230719948,-0.005448297150332955,-2.101256098374642,-1.714722298539084,-14.38985300064087,0.8023077794166202,71.927734375,99.68408203125,0.3214830756187439,1,with_flow
16764,1,4.420841383377495,16764,Rickshaw,12258,408.4865998334901,-13.969111486894484,0.7280376492036771,7.891284571989376,28.408624459161754,6.953201740015297,-0.003149833297796617,-2.158376351941792,-1.7135743137939763,-13.696926593780518,0.7748335802581653,71.850341796875,100.25057983398438,0.3450028598308563,1,with_flow
16764,1,4.420841383377495,16764,Rickshaw,12259,408.51992391570855,-13.702280940819165,0.6551603995577322,8.12299230115039,29.242772284141406,6.953131300112368,-0.0014198529786945415,-2.215469665215285,-1.7130563431461279,-13.651540756225586,0.7473593810997103,71.77294921875,100.81707763671876,0.3685226440429687,1,with_flow
16764,1,4.420841383377495,16764,Rickshaw,12260,408.553247997927,-13.427728976690537,0.5803807778086676,8.3546985250795,30.076914690286202,6.953107109420497,-0.00041222209439289206,-2.272552334249753,-1.7128938875283835,-13.580920219421388,0.7255194253682462,73.35009765625,100.79144287109376,0.3206791579723358,1,with_flow
16764,1,4.420841383377495,16764,Rickshaw,12261,408.5865720801454,-13.145455623776932,0.5036989843805963,8.586404356011291,30.91105568164065,6.953103826266436,0.00021517816452387706,-2.3296324268337383,-1.712872915489791,-13.561594009399414,0.6981776578512922,74.4788818359375,97.86334228515624,0.3026013374328613,1,with_flow
16900_0,1,4.420841383377495,16900,Rickshaw,12285,409.3863500533877,-9.505268184243809,4.1990370919160025,3.0419676494881847,10.951083538157466,-14.065684647680065,-0.003550527455132624,1.1587394600942746,-5.6228431851959995,-9.534666061401367,4.215786826229547,51.2628173828125,97.72509765625,0.3409755527973175,1,opposing
16900_0,1,4.420841383377495,16900,Rickshaw,12286,409.4196741356061,-9.411707358296464,4.2345289439772325,2.5732396645213593,9.263662792276893,-14.065801787575626,-0.003479817434358204,0.9713625590900279,-5.622893802554283,-9.464641571044922,4.2133063718270485,49.759521484375,94.158935546875,0.5235580801963806,1,opposing
16900_0,1,4.420841383377495,16900,Rickshaw,12287,409.45299821782453,-9.333766527046603,4.26377660173721,2.1045078040282226,7.576228094501602,-14.06591657112464,-0.003322512367419395,0.7839836840577148,-5.622964127959392,-9.447843551635742,4.2597454384410325,50.432373046875,90.1783447265625,0.5175434947013855,1,opposing
16900_0,1,4.420841383377495,16900,Rickshaw,12288,409.48632230004296,-9.271445817444487,4.286779986261934,1.6357722317178327,5.888780034184198,-14.066023226926234,-0.002924953295663719,0.59660199231373,-5.623063958722965,-9.328734397888184,4.244915046030378,51.066650390625,94.343994140625,0.4875604510307312,1,opposing
16900_0,1,4.420841383377495,16900,Rickshaw,12289,409.5196463822614,-9.224745346966484,4.303538986422702,1.1670333778137771,4.2013201601295975,-14.06611151389286,-0.002174402728322468,0.409216438470566,-5.623194550137283,-9.26734733581543,4.274575830851687,52.833740234375,103.2694091796875,0.5000219345092773,1,opposing
16900_0,1,4.420841383377495,16900,Rickshaw,12290,409.5529704644798,-9.193665212421068,4.31405345913422,0.6982920692326742,2.513851449237627,-14.066168146876823,-0.0009901634717695478,0.22182627308400515,-5.623335541084849,-9.261835098266602,4.28500644142595,54.802978515625,112.67236328125,0.4161961376667022,1,opposing
16900_0,0,4.420841383377495,16900,Rickshaw,12291,409.58629454669824,-9.178205475260883,4.318323251574524,0.22954961378481942,0.8263786096253499,-14.066177506470746,0.0006947282954893253,0.03443177231731276,-5.623446430275892,-9.132742881774902,4.322081624137265,52.8402099609375,114.572509765625,0.359665185213089,1,opposing
16900_0,0,4.420841383377495,16900,Rickshaw,12292,409.61961862891667,-9.178366144204084,4.316348245891786,-0.239192118959332,-0.8610916282535953,-14.066121844511146,0.0028883972899713503,-0.15296515454812254,-5.623471469009031,-9.090862274169922,4.316731492262671,51.954345703125,104.858642578125,0.4923208653926849,1,opposing
16900_0,0,4.420841383377495,16900,Rickshaw,12293,409.6529427111351,-9.194147155930546,4.308128419562231,-0.7079306842028945,-2.5485504631304203,-14.065985000093205,0.005499285382442163,-0.34036068952588505,-5.623353438731275,-9.01736068725586,4.333294583725622,52.66162109375,113.651611328125,0.4872090220451355,1,opposing
16900_0,0,4.420841383377495,16900,Rickshaw,12294,409.6862667933535,-9.225548357371494,4.293663908747882,-1.1766631651977573,-4.235987394711926,-14.065755327234692,0.008333393275752806,-0.5277491433669215,-5.62303840534428,-8.95362901687622,4.339453852528395,51.5657958984375,110.57861328125,0.40068668127059937,1,opposing
16900_0,0,4.420841383377495,16900,Rickshaw,12295,409.71959087557195,-9.272569493149687,4.27295506689967,-1.6453863851902084,-5.92339098668475,-14.065429594727846,0.011069482209294282,-0.7151232525611702,-5.622488269333793,-8.889897346496582,4.345613121331169,50.469970703125,107.505615234375,0.3141643404960632,1,opposing
16900_0,0,4.420841383377495,16900,Rickshaw,12296,409.7529149577904,-9.335210202412215,4.246002505769564,-2.114097262743595,-7.610750145876942,-14.065017566564176,0.013260889437370861,-0.902474946169528,-5.621695231717188,-9.011713981628418,4.33063920956623,55.5589599609375,139.4898681640625,0.4983551502227783,1,opposing
16900_0,0,4.420841383377495,16900,Rickshaw,12297,409.7862390400088,-9.413470030077223,4.21280710258907,-2.582793317897086,-9.29805594442951,-14.064545780788045,0.014457057324795766,-1.0897966150128564,-5.620696899327605,-9.410088539123535,4.2407843851587,55.7562255859375,150.5299072265625,0.5158742666244507,1,opposing
16900_0,0,4.420841383377495,16900,Rickshaw,12298,409.81956312222724,-9.507348456005195,4.173369957911654,-3.0514732008278544,-10.985303522980276,-14.06405403023032,0.014439980915789914,-1.2770827323833742,-5.619578239178105,-9.682784716288248,4.155190553990729,55.693888346354164,142.90055338541666,0.45753762125968933,1,opposing
16900_0,0,4.420841383377495,16900,Rickshaw,12299,409.85288720444566,-9.616844937962531,4.127692304176026,-3.520136941807957,-12.672492990508646,-14.063583382565504,0.013313288557328412,-1.4643310158771135,-5.6184434528211815,-9.955480893452963,4.069596722822758,55.631551106770836,135.27119954427084,0.399200975894928,1,opposing
16900_0,0,4.420841383377495,16900,Rickshaw,12300,409.8862112866641,-9.741958956388602,4.075775392780112,-3.988785825812075,-14.35962897292347,-14.063166723985356,0.011438406939181137,-1.651542548064198,-5.617385652270521,-10.228177070617676,3.984002891654787,55.5692138671875,127.641845703125,0.3408643305301666,1,opposing
16900_0,0,4.420841383377495,16900,Rickshaw,12301,409.9195353688825,-9.88269005020074,4.017620393070713,-4.4574219891019915,-16.04671916076717,-14.062821033738926,0.009306065128736498,-1.8387209654006953,-5.616461033169758,-9.728479385375977,4.077284440224717,56.385986328125,152.41302490234375,0.414638876914978,1,opposing
16900_0,1,4.420841383377495,16900,Rickshaw,12302,409.95285945110095,-10.039037835341471,3.9532283308839813,-4.926047821453761,-17.73377215723354,-14.062546491826396,0.007145858016966156,-2.0258710144515923,-5.615686374337595,-9.979896545410156,3.9511470715174286,59.813720703125,135.4537353515625,0.6004130840301514,1,opposing
16900_0,1,4.420841383377495,16900,Rickshaw,12303,409.9861835333194,-10.211002007116493,3.8826000632300115,-5.394665707742121,-19.420796547871635,-14.062344775418769,0.004925956709434422,-2.2129981805218284,-5.615094069683376,-10.522665023803713,3.795127873346756,62.8284912109375,115.740966796875,0.6081125736236572,1,opposing
16900_0,1,4.420841383377495,16900,Rickshaw,12304,410.0195076155378,-10.398582341842117,3.8057362448817944,-5.863278129753008,-21.10780126711083,-14.062218185853617,0.002816947148341806,-2.4001090956762883,-5.614712616614915,-10.731230735778809,3.72662816116604,63.3551025390625,120.4521484375,0.5284507274627686,1,opposing
16900_0,1,4.420841383377495,16900,Rickshaw,12305,410.05283169775623,-10.601778698050543,3.7226373011389455,-6.3318874718792255,-22.79479489876521,-14.062157031062016,0.0012015776753872627,-2.587210636274248,-5.61452402627784,-10.672677993774414,3.6984508236136273,63.2164306640625,108.49688720703124,0.6011877655982971,1,opposing
16900_0,1,4.420841383377495,16900,Rickshaw,12306,410.08615577997466,-10.820591005605564,3.633303447586017,-6.800495554504113,-24.481783996214805,-14.062138102907124,0.0003194024320828361,-2.7743082531685923,-5.614464145676174,-10.514853477478027,3.695328523693445,63.0062255859375,104.9052734375,0.4538799226284027,1,opposing
16900_0,1,4.420841383377495,16900,Rickshaw,12307,410.1194798621931,-11.05501924100316,3.5377347581369576,-7.269103341842875,-26.16877203063435,-14.062135743476201,-0.00017779727659217315,-2.9614049280528505,-5.614456546820435,-10.755962371826172,3.6082007444207473,63.952392578125,95.041015625,0.4636553227901459,1,opposing
17060,1,2.0951912688858583,17060,Car,12438,414.48493463280715,-25.67654923129085,1.9804329288298494,0.7427536326445573,2.6739130775204063,4.307448112373464,0.00477508099247359,-0.6405813068096561,0.5126686314776284,-24.87824058532715,2.0022844544169893,43.9324951171875,83.64141845703125,0.3347004950046539,1,with_flow
17060,1,2.0951912688858583,17060,Car,12439,414.5182587150256,-25.649405946026736,1.959370803067618,0.8862955172587261,3.190663862131414,4.307427813569988,-0.005993347310724784,-0.6234970622938987,0.5126682786354412,-25.018659591674805,1.945424179609181,47.597412109375,79.9560546875,0.4183135032653808,1,with_flow
17060,1,2.0951912688858583,17060,Car,12440,414.551582797244,-25.61747931844546,1.938877990069611,1.029831865293918,3.707394715058105,4.307048666776372,-0.023705580075440675,-0.6064132066691069,0.5126413307067457,-25.175336837768555,1.929968085390659,51.44140625,79.64202880859375,0.4967167973518371,1,with_flow
17060,1,2.0951912688858583,17060,Car,12441,414.58490687946244,-25.58076981265996,1.9189544580984406,1.1733433213695839,4.224035956930502,4.305847880171049,-0.05675184957183043,-0.5893309765722341,0.5125679914439853,-25.23554992675781,1.928796513306972,53.34228515625,78.81396484375,0.50983726978302,1,with_flow
17060,1,2.0951912688858583,17060,Car,12442,414.61823096168087,-25.539278814011563,1.8996001243507692,1.3167934181900303,4.740456305484109,4.303266260174013,-0.10765216765417975,-0.5722521755484784,0.5124327505020598,-25.325220108032227,1.89356135870771,55.8919677734375,77.16455078125,0.5508270263671875,1,with_flow
17060,1,2.0951912688858583,17060,Car,12443,414.6515550438993,-25.493009247915506,1.8808148368998505,1.4601257948941386,5.256452861618899,4.298673060799249,-0.17815516191014044,-0.5551791653083977,0.5122174641995387,-25.4135971069336,1.8572254159831805,56.188720703125,75.25848388671875,0.5407488942146301,1,with_flow
17060,0,2.0951912688858583,17060,Car,12444,414.6848791261177,-25.44196627780275,1.8625983553005858,1.603262244175194,5.771744079030698,4.291392545647751,-0.2693565617047047,-0.5381148741160924,0.5119080761473138,-25.175439834594727,1.8917330392203584,55.668701171875,78.23486328125,0.543738603591919,1,with_flow
17060,0,2.0951912688858583,17060,Car,12445,414.71820320833615,-25.38615805352984,1.8449503356000738,1.7461015886152864,6.2859657190150315,4.280720940382608,-0.38236686420335075,-0.5210625390100078,0.5114982146266387,-25.222787857055664,1.909934983334596,49.453125,75.93597412109375,0.4200909435749054,1,with_flow
17060,0,2.0951912688858583,17060,Car,12446,414.7515272905546,-25.32559649537206,1.8278703206267435,1.888518456699303,6.798666444117491,4.265908496007121,-0.5184393094815505,-0.5040258135597142,0.5109644767600923,-25.17652130126953,1.8959818507594703,49.827392578125,75.6126708984375,0.5390751957893372,1,with_flow
17060,0,2.0951912688858583,17060,Car,12447,414.784851372773,-25.260298125343088,1.8113577119499158,2.030361832161167,7.309302595780202,4.246167912033751,-0.6786346989508037,-0.48700973798309644,0.5102449418551971,-25.07622528076172,1.877675593443354,52.611083984375,75.17559814453125,0.4619652926921844,1,with_flow
17060,0,2.0951912688858583,17060,Car,12448,414.81817545499143,-25.19028494113185,1.795411700763533,2.1714539163971134,7.8172340990296085,4.220678738998892,-0.8639658221663248,-0.47002214020120325,0.5092341500898625,-25.09766960144043,1.8439865095147967,54.6185302734375,74.666015625,0.3899949789047241,1,with_flow
17060,0,2.0951912688858583,17060,Car,12449,414.85149953720986,-25.11558532754692,1.7800311509470332,2.3115889811886885,8.321720332279279,4.188586175850187,-1.0751000958156132,-0.45307506633594286,0.5077854523691948,-25.38170623779297,1.819740431407342,48.4718017578125,69.72320556640625,0.4741546809673309,1,with_flow
17060,0,2.0951912688858583,17060,Car,12450,414.8848236194283,-25.036235003709972,1.7652144371260823,2.4505325123232584,8.821917044363731,4.149025291026893,-1.3115123791037415,-0.4361860129836395,0.5057198132358935,-25.349212646484375,1.7566398144408772,50.8321533203125,67.6307373046875,0.5048535913228989,1,with_flow
17060,0,2.0951912688858583,17060,Car,12451,414.9181477016467,-24.952277977690606,1.7509592466747073,2.588021805811137,9.316878500920092,4.1011762831467085,-1.571533429111994,-0.41937885154410914,0.5028367551712423,-25.31671905517578,1.6935391974744127,53.1925048828125,65.53826904296875,0.5355525016784668,1,with_flow
17060,0,2.0951912688858583,17060,Car,12452,414.95147178386514,-24.86376745536011,1.737262359744523,2.723767911487018,9.805564481353265,4.044285472625421,-1.8529904120156138,-0.40268412795728203,0.49894140919018426,-25.33341407775879,1.6787494304434034,54.71875,63.28289794921875,0.4295116364955902,1,with_flow
17060,0,2.0951912688858583,17060,Car,12453,414.9847958660836,-24.770766676248957,1.7241194354992007,2.857458028855352,10.286848903879267,3.9776778734667744,-2.1532852097384225,-0.3861383936286902,0.49387090891524577,-25.21717071533203,1.6681533024926876,56.547607421875,65.171142578125,0.5261960625648499,0,with_flow
17060,0,2.0951912688858583,17060,Car,12454,415.018119948302,-24.6733496614185,1.711524831581829,2.9887584141472052,10.75953029092994,3.9007729658873247,-2.469504456266481,-0.3697830017579582,0.4874998547045406,-25.25664520263672,1.6414846034926185,53.3951416015625,64.1492919921875,0.5195546746253967,0,with_flow
17060,0,2.0951912688858583,17060,Car,12455,415.05144403052043,-24.57160185801545,1.6994714648281282,3.117317606324776,11.222343382769195,3.8130899343879774,-2.7983239854178095,-0.35366286150878923,0.479740850658505,-25.26092338562012,1.6414846034926185,51.5841064453125,63.6693115234375,0.4654372930526733,0,with_flow
17060,0,2.0951912688858583,17060,Car,12456,415.08476811273886,-24.465620670917538,1.6879507148005306,3.242770080722022,11.67397229059928,3.7142698087596004,-3.135769998866185,-0.3378250881092777,0.4705490010238098,-25.19624710083008,1.6398911661128976,53.6690673828125,64.60028076171875,0.4463424384593963,0,with_flow
17060,0,2.0951912688858583,17060,Car,12457,415.1180921949573,-24.355515859366136,1.6769523733791565,3.3647406898969914,12.113066483629169,3.6040966198673843,-3.4774745742686575,-0.32231764418929176,0.45991715816474876,-24.960430145263672,1.634493490125882,59.095947265625,66.86785888671875,0.5635515451431274,0,with_flow
17060,0,2.0951912688858583,17060,Car,12458,415.1514162771757,-24.241409776192718,1.666464636243168,3.482849581998119,12.538258495193228,3.4825025115087573,-3.81923595887433,-0.3071881907258317,0.4478697366666301,-24.847034454345703,1.6355403476161654,63.6705322265625,66.77154541015625,0.5029208660125732,0,with_flow
17060,0,2.0951912688858583,17060,Car,12459,415.18474035939414,-24.12343744505228,1.6564741295862493,3.596716878666358,12.94818076319889,3.3495515536571747,-4.157132652626354,-0.2924831126323475,0.4344579831027957,-24.78099822998047,1.6414846034926185,65.36962890625,67.23980712890625,0.4953714907169342,0,with_flow
17060,0,2.0951912688858583,17060,Car,12460,415.21806444161257,-24.001746489406763,1.646965966344174,3.705966977854739,13.341481120277061,3.205437250890693,-4.487163184405539,-0.2782467369187619,0.41975267827975427,-24.67352867126465,1.6553405190020467,64.400390625,67.7484130859375,0.3883239328861236,0,with_flow
17060,0,2.0951912688858583,17060,Car,12461,415.251388523831,-23.87649691679989,1.63792382382425,3.8102329934859887,13.71683877654956,3.050490363887908,-4.805136321860635,-0.2645208483346263,0.40383350041977867,-24.576845169067383,1.6468455569748912,64.631591796875,68.26397705078125,0.2987322509288788,0,with_flow
17060,0,2.0951912688858583,17060,Car,12462,415.2847126060494,-23.74786075117033,1.6293300309696885,3.9091614166316915,14.07298109987409,2.885183735169816,-5.1066604046669495,-0.25134460423077976,0.386777169725272,-24.562639236450195,1.6200540948188693,63.175048828125,67.02435302734375,0.3271762132644653,0,with_flow
17060,0,2.0951912688858583,17060,Car,12463,415.31803668826785,-23.616021507066094,1.6211656534998196,4.002416963102852,14.408701067170266,2.710140821514484,-5.386889985325317,-0.23875468368708377,0.3686566552218902,-24.562639236450195,1.5888275475489513,59.6356201171875,65.220458984375,0.4271619319915771,0,with_flow
17060,0,2.0951912688858583,17060,Car,12464,415.3513607704863,-23.48117349520104,1.6134105759482893,4.08968792407193,14.722876526658947,2.526157405624602,-5.640379582164112,-0.22678526248335626,0.34955145225621986,-24.30641746520996,1.6017319598980448,60.75732421875,68.31619262695312,0.47742748260498047,0,with_flow
17060,0,2.0951912688858583,17060,Car,12465,415.3846848527047,-23.3435209366991,1.6060435910321633,4.170692282252715,15.014492216109776,2.3342198756361254,-5.861712060881418,-0.21546759937871435,0.32955726486059206,-23.948219299316406,1.6146363722471384,61.8790283203125,71.41192626953125,0.5276930332183838,0,with_flow
17060,0,2.0951912688858583,17060,Car,12466,415.41800893492314,-23.203276869782453,1.599042504957823,4.245183830715188,15.282661790574677,2.1354850563094754,-6.0467160592047895,-0.20482960050985638,0.30877739525476905,-23.02193260192871,1.6200540948188693,64.5810546875,86.02960205078125,0.3845613002777099,0,with_flow
17060,0,2.0951912688858583,17060,Car,12467,415.45133301714156,-23.06066187033484,1.5923842509684256,4.312956999660126,15.526645198776453,1.931217349419267,-6.193814677561042,-0.19489577872013314,0.2873104327302144,-23.110748291015625,1.6146363722471384,59.1246337890625,87.10400390625,0.3399615585803985,0,with_flow
17060,0,2.0951912688858583,17060,Car,12468,415.48465709936,-22.91590266003335,1.5860449981030862,4.373848475296965,15.745854511069075,1.7226786771879752,-6.302932417703124,-0.1856875556190272,0.26524257702463117,-23.110748291015625,1.6017319598980448,56.9837646484375,80.54620361328125,0.3817328214645386,0,with_flow
17060,0,2.0951912688858583,17060,Car,12469,415.5179811815784,-22.769230702630583,1.5800002468267365,4.427737011306602,15.93985324070377,1.5111384732097992,-6.373201666003853,-0.1772237109413969,0.24264647197893185,-23.372175216674805,1.6333632530354567,63.06787109375,75.00689697265625,0.3624511659145355,0,with_flow
17060,0,2.0951912688858583,17060,Car,12480,415.8845460859811,-22.62088079074985,1.5742249097821674,4.474544340623541,16.10835962624475,1.297916484562906,-6.402654471316456,-0.16952082429188747,0.2195798407561303,-22.315948486328125,1.4999594408775616,76.65869140625,81.413818359375,0.3123343884944916,0,with_flow
17060,0,2.0951912688858583,17060,Car,12481,415.91787016819956,-22.47108957543431,1.5686933748900613,4.514237668864377,16.25125560791176,1.084413305173129,-6.390564045144507,-0.16259391079133992,0.19608370539035774,-22.165233612060547,1.515011232737101,77.1290283203125,83.1142578125,0.3356420993804931,0,with_flow
17060,0,2.0951912688858583,17060,Car,12482,415.951194250418,-22.320094024166142,1.563379556668436,4.546830601113407,16.368590164008264,0.8719971212378557,-6.338316781798817,-0.15645618037701575,0.1722311566559288,-22.14046573638916,1.5051915994881266,76.86376953125,82.21234130859375,0.35031999647617335,0,with_flow
17060,0,2.0951912688858583,17060,Car,12483,415.9845183326364,-22.168129903042242,1.558256977204753,4.572381299732666,16.4605726790376,0.6619761260469179,-6.247380321385683,-0.15111776904677882,0.14813272446669123,-22.115697860717773,1.4953719662391525,76.5985107421875,81.3104248046875,0.3649978935718536,0,with_flow
17060,0,2.0951912688858583,17060,Car,12484,416.01784241485484,-22.015430321817107,1.5532988890194859,4.590990817064331,16.527566941431594,0.45562069027856467,-6.118495932018564,-0.146584510106166,0.12393660832276276,-22.07506275177002,1.4930951709450828,76.17706298828125,81.43588256835938,0.4244540333747864,0,with_flow
17060,0,2.0951912688858583,17060,Car,12485,416.05116649707327,-21.862224320713903,1.5484784398767617,4.60280227640119,16.570088195044285,0.25418960306351046,-5.951648553036226,-0.14285663537041746,0.09983090013072349,-22.034427642822266,1.490818375651013,75.755615234375,81.56134033203125,0.4839101731777191,0,with_flow
17060,0,2.0951912688858583,17060,Car,12494,416.3510832370391,-21.70873547033003,1.5437688815438382,4.608000892991186,16.588803214768273,0.058954238845430496,-5.7467074439640236,-0.13992745468329398,0.07604265984763153,-20.85006332397461,1.5448618392012838,85.8277587890625,87.3944091796875,0.4247815310955047,0,with_flow
17060,0,2.0951912688858583,17060,Car,12495,416.38440731925755,-21.555180459818434,1.5391438214502369,4.606814453678918,16.584532033244106,-0.12881789963230794,-5.505850153175104,-0.1377821356341257,0.05283019337339834,-20.796085357666016,1.5489066368251567,86.1141357421875,86.20379638671875,0.3870656788349151,0,with_flow
17060,0,2.0951912688858583,17060,Car,12496,416.417731401476,-21.401767705003238,1.534577506653539,4.599510902552594,16.558239249189338,-0.30800056752807237,-5.233633637344576,-0.1363970992269276,0.030456500267834363,-20.67176628112793,1.533520616951434,85.977783203125,88.6102294921875,0.5284563899040222,0,with_flow
17060,0,2.0951912688858583,17060,Car,12497,416.4510554836944,-21.248696098091248,1.5300451151966363,4.586392970293437,16.511014693056374,-0.47762997489630976,-4.934812371830395,-0.1357400744098196,0.009180365021985548,-20.53143310546875,1.552684442325173,86.197021484375,89.61102294921875,0.5838930606842041,0,with_flow
17060,0,2.0951912688858583,17060,Car,12498,416.48437956591283,-21.096153936715556,1.5255230438109522,4.567792919768525,16.44405451116669,-0.6368967539508557,-4.61392513907849,-0.13577020543084004,-0.010742466141751339,-20.479421615600582,1.5648828778258368,84.1243896484375,89.239013671875,0.535223662853241,0,with_flow
17060,0,2.0951912688858583,17060,Car,12499,416.51770364813126,-20.944318024685572,1.5209891907507997,4.544067484833591,16.358642945400927,-0.7851396162649564,-4.275181247681539,-0.1364383092543119,-0.029070142931814313,-20.357309341430664,1.5410320545037326,83.5484619140625,92.3687744140625,0.4109764993190765,0,with_flow
17060,0,2.0951912688858583,17060,Car,12500,416.5510277303497,-20.793352935978522,1.516423223539636,4.515593190948916,16.2561354874161,-0.9218297367436978,-3.922461160358446,-0.13768750531418605,-0.045582395604839454,-20.166305541992188,1.6057073040890342,81.0166015625,94.24578857421876,0.5372846722602844,0,with_flow
17060,0,2.0951912688858583,17060,Car,12501,416.5843518125681,-20.643410426900406,1.5118068239889881,4.482762087081289,16.13794351349264,-1.046564452677707,-3.559598109175223,-0.13945390310270434,-0.060081472485443044,-20.057025909423828,1.6403790254754262,78.70556640625,94.96966552734376,0.5765901803970337,0,with_flow
17060,0,2.0951912688858583,17060,Car,12502,416.61767589478654,-20.49462898941868,1.5071239043642866,4.445977485720044,16.005518948592158,-1.1590704168531296,-3.1903679152113424,-0.14166783344498704,-0.07242416071952207,-19.98433494567871,1.62363657917047,80.712646484375,95.5941162109375,0.4002515375614166,0,with_flow
17060,0,2.0951912688858583,17060,Car,12503,416.650999977005,-20.347133546906974,1.5023607641976189,4.405649735866055,15.860339049117798,-1.2591966181047818,-2.818242607057319,-0.14425612410840205,-0.08254489947472188,-19.86954498291016,1.6189863037268473,77.897216796875,92.48748779296876,0.4174118041992187,0,with_flow
17060,0,2.0951912688858583,17060,Car,12504,416.6843240592234,-20.20103528511773,1.497506163434416,4.362192369691858,15.70389253089069,-1.3469011135512394,-2.446345705431758,-0.1471447068013046,-0.09045482696991025,-19.80008316040039,1.6048105298790043,78.25,92.057861328125,0.4765035212039947,0,with_flow
17060,0,2.0951912688858583,17060,Car,12505,416.7176481414418,-20.056431604796717,1.492551310187136,4.316018633729408,15.53766708142587,-1.422241068949794,-2.077434751694378,-0.15026113303299332,-0.09623952352412124,-19.727109909057617,1.5521974699796677,82.9697265625,96.14886474609376,0.4255975186824798,0,with_flow
17060,0,2.0951912688858583,17060,Car,12506,416.75097222366026,-19.91340618376607,1.487489766429971,4.267538415245231,15.363138294882832,-1.4853583264890053,-1.7138271153972957,-0.15353694532402923,-0.10004986372188218,-19.645252227783203,1.4881942244908233,89.4522705078125,96.89739990234376,0.6028289794921875,0,with_flow
17060,0,2.0951912688858583,17060,Car,12507,416.7842963058787,-19.772029133052914,1.4823172831450715,4.2171556733408995,15.181760424027239,-1.5364645003531354,-1.3574655291283175,-0.15690943247576866,-0.10207409782169946,-19.474105834960938,1.4648772080130272,92.2606201171875,98.241943359375,0.4814960062503814,0,with_flow
17060,0,2.0951912688858583,17060,Car,12508,416.8176203880971,-19.632357230849703,1.4770315944890473,4.1652663112316315,14.994958720433873,-1.5758309122917131,-1.0101720574611313,-0.16032230670891673,-0.10250533133590467,-19.334774017333984,1.458349117532182,92.9451904296875,99.07012939453124,0.5613723993301392,0,with_flow
17060,0,2.0951912688858583,17060,Car,12509,416.85094447031554,-19.494434224160067,1.4716322045798698,4.112256170653404,14.804122214352255,-1.603790613748322,-0.6738353011356099,-0.1637255750780876,-0.10152720832078616,-19.15657997131348,1.477064467099204,91.8232421875,102.49688720703124,0.6543954014778137,0,with_flow
17060,0,2.0951912688858583,17060,Car,12510,416.88426855253397,-19.35829119878186,1.4661201835849316,4.058498937655454,14.610596175559634,-1.6207407982451576,-0.3504500084746401,-0.16707518800984505,-0.09931401927838784,-19.048450469970703,1.474814459719222,91.2786865234375,104.47930908203124,0.7362635731697083,0,with_flow
17060,0,2.0951912688858583,17060,Car,12511,416.9175926347524,-19.22394702096141,1.460497973005195,4.004353919345275,14.415674109642989,-1.6271474635400374,-0.04203100893011107,-0.17033290050248256,-0.09604132081124861,-18.93695068359375,1.4785083534088836,91.06884765625,103.93121337890624,0.7307164072990417,0,with_flow
17060,0,2.0951912688858583,17060,Car,12512,416.9509167169708,-19.091408854478342,1.4547691903641342,3.95016378796247,14.220589636664892,-1.6235420878397786,0.24951928450216201,-0.17346641112539216,-0.09189094777734913,-18.803699493408203,1.4619956445128268,90.229736328125,109.13458251953124,0.771338939666748,0,with_flow
17060,0,2.0951912688858583,17060,Car,12513,416.98424079918925,-18.96067275043951,1.4489384268799195,3.89625247666578,14.026508915996807,-1.6105174612363706,0.522421259183419,-0.17644963729593535,-0.08705422063897075,-18.76730155944824,1.4619956445128268,91.1427001953125,107.12274169921876,0.7709550857543945,0,with_flow
17060,0,2.0951912688858583,17060,Car,12514,417.0175648814077,-18.831724305351695,1.4430110354309726,3.8429231823621417,13.83452345650371,-1.5887236698524128,0.7752120618937727,-0.17926298421970005,-0.08172892722442611,-18.74842071533203,1.440256276511746,90.3670654296875,102.62908935546876,0.7724868655204773,0,with_flow
17060,0,2.0951912688858583,17060,Car,12515,417.0508889636261,-18.70453938135346,1.4369929107936275,3.7904567087988874,13.645644151675995,-1.5588510002618403,1.006960685459375,-0.18189355904609059,-0.07611896979314685,-18.60907554626465,1.4123787507130336,92.4998779296875,92.59844970703124,0.7457138895988464,0,with_flow
17060,0,2.0951912688858583,17060,Car,12516,417.08421304584454,-18.579084870896963,1.4308902640631844,3.739110463849754,13.460797669859113,-1.5216115885064672,1.2170687484575518,-0.1843352570596633,-0.0704258160739504,-18.5308895111084,1.4167387941868022,91.71875,88.89031982421875,0.66201251745224,0,with_flow
17060,0,2.0951912688858583,17060,Car,12517,417.11753712806296,-18.455319487453963,1.4247094000042329,3.6891178133923406,13.280824128212426,-1.477735602183683,1.4050853089581372,-0.1865884902282383,-0.0648384933850933,-18.401275634765625,1.4185410353736847,93.339111328125,89.1766357421875,0.7727221250534058,0,with_flow
17060,0,2.0951912688858583,17060,Car,12518,417.1508612102814,-18.333194575660507,1.4184565067187744,3.6406875786926105,13.106475283293397,-1.4279652317872147,1.5707257536800117,-0.1886597960914916,-0.059536605322666594,-18.39981269836425,1.3713636157899385,95.84912109375,87.15753173828125,0.7745246291160583,0,with_flow
17060,0,2.0951912688858583,17060,Car,12519,417.1841852924998,-18.212654935279097,1.4121374559974205,3.594003698866491,12.938413315919368,-1.373049613867213,1.7140553762172315,-0.1905615725323628,-0.0546904903443759,-18.321870803833008,1.3659302817186063,96.48095703125,87.464599609375,0.7704609036445618,0,with_flow
17060,0,2.0951912688858583,17060,Car,12520,417.21750937471825,-18.09363965115638,1.4057576160667038,3.5492252892113996,12.777211041161038,-1.3137265872192117,1.8355814918165834,-0.19231149720565682,-0.050444525410774876,-18.23112297058105,1.3631485963351715,96.2462158203125,87.28704833984375,0.7949162125587463,0,with_flow
17060,0,2.0951912688858583,17060,Car,12521,417.2508334569367,-17.976082911633945,1.3993216914403341,3.50648723161412,12.623354033810832,-1.250711476763372,1.9360943499520085,-0.19393156169426584,-0.046913482866145106,-18.175434112548828,1.360355202327035,96.9481201171875,87.59765625,0.7971740365028381,0,with_flow
17060,0,2.0951912688858583,17060,Car,12522,417.2841575391551,-17.859914802267923,1.3928335952656774,3.4659010464795044,12.477243767326216,-1.1846894526183425,2.01658337833222,-0.19544711648258373,-0.044184570811938745,-17.943923950195312,1.3803632905030558,99.4906005859375,91.06756591796876,0.7920426726341248,0,with_flow
17060,0,2.0951912688858583,17060,Car,12523,417.31748162137353,-17.745062065911107,1.386296352124968,3.427556033508465,12.339201720630474,-1.1163098961636557,2.0779253986130746,-0.19688601208453035,-0.04232224959791758,-17.854509353637695,1.3714446891458203,100.208740234375,91.4195556640625,0.7949603796005249,0,with_flow
17060,0,2.0951912688858583,17060,Car,12524,417.35080570359196,-17.631448825476745,1.3797120251757007,3.3915202560638695,12.209472921829931,-1.0461995389640588,2.1208137921551895,-0.19827803910560765,-0.0413797969224263,-17.78047752380371,1.3648946006428098,100.8018798828125,92.05859375,0.7894696593284607,0,with_flow
17060,0,2.0951912688858583,17060,Car,12525,417.3841297858104,-17.518997279671307,1.373081656941257,3.3578412658319428,12.088228556994995,-0.9749615498041446,2.146065877385389,-0.1996546099189221,-0.04140114160315275,-17.693435668945312,1.3616701163616032,100.803955078125,93.09912109375,0.7667641639709473,0,with_flow
17060,0,2.0951912688858583,17060,Car,12526,417.4174538680288,-17.40762837209335,1.3664052205204227,3.326547010458166,11.975569237649397,-0.9031681874757519,2.1546884196720284,-0.20104844401002525,-0.04242098882784401,-17.591140747070312,1.337218605111673,103.998291015625,93.3023681640625,0.7846454381942749,0,with_flow
17060,0,2.0951912688858583,17060,Car,12527,417.45077795024724,-17.297262426232383,1.3596815809905498,3.29764696048193,11.871529057734948,-0.831355521699654,2.1478288332052426,-0.20249326920977645,-0.04446437615608037,-17.5356502532959,1.321934769598974,105.169189453125,92.685546875,0.8104338049888611,0,with_flow
17060,0,2.0951912688858583,17060,Car,12528,417.48410203246567,-17.18781974047318,1.3529084684857917,3.271133374911158,11.776080149680169,-0.7600193382180684,2.1268336769351865,-0.20402337326638278,-0.04753845043432853,-17.458919525146484,1.294927230096203,107.9808349609375,93.58514404296876,0.8143297433853149,0,with_flow
17060,0,2.0951912688858583,17060,Car,12529,417.5174261146841,-17.079221137725394,1.3460824708981984,3.24698278965145,11.68913804274522,-0.6896059610694347,2.0932359892644348,-0.20567288004481657,-0.051624676526317526,-17.25714683532715,1.301429064873174,109.6876220703125,96.5218505859375,0.7740180492401123,0,with_flow
17060,0,2.0951912688858583,17060,Car,12530,417.5507501969025,-16.97138846062823,1.339199055401588,3.225157763260001,11.610567947736003,-0.6205090018004276,2.048474568992158,-0.2074747371727566,-0.05667062334462114,-17.217933654785156,1.299864721651801,107.7615966796875,95.9371337890625,0.8137783408164978,0,with_flow
17060,0,2.0951912688858583,17060,Car,12531,417.58407427912095,-16.86424500991001,1.332252626126867,3.2056084642161795,11.540190471178246,-0.5530788911505278,1.9939602510376424,-0.20945963252144564,-0.06259410436565682,-17.147790908813477,1.28651493805557,108.41650390625,95.23785400390624,0.8190436959266663,0,with_flow
17060,0,2.0951912688858583,17060,Car,12532,417.6173983613394,-16.757715932578506,1.32523661513346,3.1882741995532413,11.477787118391669,-0.4876152111087162,1.9313276717216226,-0.21165507103027142,-0.06928621872188356,-17.030988693237305,1.2899168257413327,107.5225830078125,97.327880859375,0.7901937365531921,0,with_flow
17060,0,2.0951912688858583,17060,Car,12533,417.6507224435578,-16.65172855391395,1.3181436035556193,3.1730852531990106,11.423106911516438,-0.42435944690417493,1.862312470114673,-0.21408446214913804,-0.0766102861533324,-16.914392471313477,1.2981029284411567,106.1363525390625,99.33795166015624,0.7852563261985779,0,with_flow
17060,0,2.0951912688858583,17060,Car,12534,417.68404652577624,-16.54621264574589,1.310965472832922,3.1599648273252665,11.37587337837096,-0.3634955033677061,1.7886185646888757,-0.21676626545919128,-0.08440729789357697,-16.816097259521484,1.299864721651801,106.9462890625,97.43304443359376,0.8070303201675415,0,with_flow
17060,0,2.0951912688858583,17060,Car,12535,417.71737060799467,-16.441100630849935,1.3036935804408316,3.148830929420606,11.335791345914181,-0.3051513026899775,1.7119091035633969,-0.21971339251886907,-0.09250459479196921,-16.660839080810547,1.3025305626120611,106.1651611328125,98.2308349609375,0.7954862713813782,0,with_flow
17060,0,2.0951912688858583,17060,Car,12536,417.7506946902131,-16.336327725010488,1.2963189510485054,3.139598230776884,11.302553630796783,-0.24939990393246214,1.6336957951189215,-0.2229328663379665,-0.10072244285427437,-16.49395179748535,1.2981029284411567,106.303466796875,100.61578369140624,0.7809507250785828,0,with_flow
17060,0,2.0951912688858583,17060,Car,12537,417.7840187724315,-16.231832019041875,1.288832475565197,3.132179765522295,11.275847155880262,-0.19626847669709147,1.5551834868080974,-0.22642568378125996,-0.10887960172490117,-16.361282348632812,1.3171991631177606,109.29638671875,100.7674560546875,0.7768787741661072,0,with_flow
17060,0,2.0951912688858583,17060,Car,12538,417.81734285464995,-16.127554510081925,1.2812251120468305,3.1264882621680714,11.255357743805057,-0.14574977917419307,1.4773092812199635,-0.23018683721665004,-0.116798534132865,-16.25055694580078,1.3201064501116215,107.71533203125,101.8531494140625,0.802757978439331,0,with_flow
17060,0,2.0951912688858583,17060,Car,12539,417.8506669368684,-16.02343909412329,1.2734880814962142,3.122437167966205,11.240773804678339,-0.09780852479824986,1.4008929677140398,-0.234205646360038,-0.12431832397993993,-16.159067153930664,1.297059619018964,105.7657470703125,101.13946533203124,0.7893615365028381,0,with_flow
17060,0,2.0951912688858583,17060,Car,12540,417.8839910190868,-15.919432526958822,1.2656130459883117,3.1199415473419867,11.231789570431152,-0.05238283430355262,1.3267111077811347,-0.23846644562206198,-0.13130042746236795,-15.970322608947754,1.2888305846952373,110.2012939453125,102.25018310546876,0.8040428757667542,0,with_flow
17060,0,2.0951912688858583,17060,Car,12541,417.91731510130523,-15.81548435544584,1.2575922631948877,3.118918967171027,11.228108281815699,-0.009385664726649479,1.255310070770357,-0.24294924763127473,-0.13762316490221066,-15.79660415649414,1.2951108426199185,111.704833984375,100.829345703125,0.779641330242157,0,with_flow
17060,0,2.0951912688858583,17060,Car,12542,417.95063918352366,-15.711546822278978,1.2494187215321118,3.119290127630646,11.229444459470326,0.03128127771239142,1.1868613119526836,-0.247630274256684,-0.1431814592685135,-15.741198539733888,1.250982277946869,109.818115234375,99.2730712890625,0.7632830739021301,0,with_flow
17060,0,2.0951912688858583,17060,Car,12543,417.9839632657421,-15.607574757994682,1.2410862563803886,3.1209790136016373,11.235524448965895,0.06971646315611557,1.1214268080014902,-0.25248257940361574,-0.14788908945113047,-15.6204252243042,1.251911516979932,109.2860107421875,100.7205810546875,0.7692367434501648,0,with_flow
17060,0,2.0951912688858583,17060,Car,12544,418.0172873479605,-15.503525471032292,1.2325896474136218,3.123912947992869,11.246086612774329,0.10602231601597323,1.0590671751423195,-0.2574764658203066,-0.15166572204328266,-15.424911499023438,1.257469920451475,112.140380859375,102.6983642578125,0.7458720803260803,0,with_flow
17060,0,2.0951912688858583,17060,Car,12545,418.05061143017895,-15.399358634338165,1.2239247074964996,3.1280227000219627,11.260881720079066,0.1403013463946774,0.9996345059183666,-0.262579663587098,-0.15443854473095642,-15.417876243591309,1.250982277946869,111.774169921875,102.00616455078124,0.7585954666137695,0,with_flow
17060,0,2.0951912688858583,17060,Car,12546,418.0839355123974,-15.29503617279918,1.2150883628004248,3.133242287625072,11.279672235450258,0.17264612094317577,0.9429183152727024,-0.2677577086835189,-0.1561495624565961,-15.18328094482422,1.2461168121735202,111.5638427734375,107.14703369140624,0.7441054582595825,0,with_flow
17060,0,2.0951912688858583,17060,Car,12547,418.1172595946158,-15.190522159364953,1.206078716994476,3.1395087550707625,11.302231518254745,0.20314512132149565,0.8886055833772659,-0.27297449385655814,-0.15675848045579038,-15.141382217407228,1.2461168121735202,114.4525146484375,104.69952392578124,0.7757253050804138,0,with_flow
17060,0,2.0951912688858583,17060,Car,12548,418.15058367683423,-15.085782718510451,1.1968950957353288,3.1467618354536455,11.328342607633124,0.2318700519836121,0.8362448699698343,-0.27819290096842686,-0.15624562346018062,-15.015151977539062,1.2042921855154367,116.55615234375,104.6243896484375,0.7681990265846252,0,with_flow
17060,0,2.0951912688858583,17060,Car,12549,418.18390775905266,-14.980785945927641,1.1875380682566254,3.1549434175399043,11.357796303143656,0.2588793069247224,0.7854552941103913,-0.28337553425379597,-0.1546127302913188,-14.96868896484375,1.1953182342959807,118.58056640625,103.6669921875,0.7841436266899109,0,with_flow
17060,0,2.0951912688858583,17060,Car,12550,418.2172318412711,-14.87550184377831,1.178009446945323,3.1639971239954923,11.390389646383772,0.2842192055832805,0.7360360250411202,-0.2884852239555954,-0.15186988708514373,-14.957212448120115,1.1686151190354273,119.2884521484375,101.68194580078124,0.7968282699584961,0,with_flow
17060,0,2.0951912688858583,17060,Car,12551,418.2505559234895,-14.76990226820227,1.1683122764210212,3.1738680546252898,11.425924996651043,0.3079347569531128,0.6881795947005119,-0.29348520384191423,-0.1480303205667586,-14.857786178588867,1.162916744277689,121.0584716796875,102.6800537109375,0.7913021445274353,0,with_flow
17060,0,2.0951912688858583,17060,Car,12552,418.28388000570794,-14.6639608777453,1.1584508196441978,3.1845030155008214,11.464210855802957,0.3300851123729691,0.6423586407678541,-0.2983390970524998,-0.14310346238089766,-14.724895477294922,1.1602780460383255,120.6536865234375,106.20916748046876,0.7325198650360107,0,with_flow
17060,0,2.0951912688858583,17060,Car,12553,418.31720408792637,-14.557653067445202,1.148430547310459,3.195851079158492,11.505063884970571,0.350746781270444,0.5990605197977321,-0.3030107785716369,-0.13709560080049304,-14.656588554382324,1.1417289234613726,121.574462890625,106.35748291015624,0.7737765908241272,0,with_flow
17060,0,2.0951912688858583,17060,Car,12554,418.3505281701448,-14.450955884202825,1.1382581305485946,3.207864116492741,11.548310819373867,0.37001139640407676,0.5587844550674147,-0.3074643255044479,-0.13001250774688597,-14.510976791381836,1.1393116246708948,122.2557373046875,106.81512451171876,0.7820130586624146,0,with_flow
17060,0,2.0951912688858583,17060,Car,12555,418.3838522523632,-14.343847924559938,1.1279414348297507,3.2204973546420756,11.593790476711472,0.387988739516536,0.522039310875433,-0.3116639650056045,-0.12185737505247825,-14.453680038452148,1.118678189493815,122.1195068359375,106.062255859375,0.7463582158088684,0,with_flow
17060,0,2.0951912688858583,17060,Car,12556,418.41717633458165,-14.236309213223121,1.1174895161642788,3.233709938624037,11.641355779046533,0.4048043582378056,0.48934598041497623,-0.31557401178214556,-0.11263212736612618,-14.276481628417969,1.1416329482195078,127.1053466796875,109.9129638671875,0.762993335723877,0,with_flow
17060,0,2.0951912688858583,17060,Car,12557,418.4505004168001,-14.128321063078397,1.1069126192121448,3.247465518781055,11.690875867611798,0.42060275088574783,0.4611129407599704,-0.3191588026315843,-0.10233741081271176,-14.093345642089844,1.12945810737165,127.2451171875,111.91021728515624,0.7698702812194824,0,with_flow
17060,0,2.0951912688858583,17060,Car,12558,418.4838244990185,-14.019865915862919,1.0962221750365375,3.261732740958345,11.742237867450044,0.4355366893375383,0.437368116017062,-0.3223828646940786,-0.09098571807912464,-13.937033653259276,1.123776053727131,125.89990234375,113.47125244140624,0.7803770899772644,0,with_flow
17060,0,2.0951912688858583,17060,Car,12559,418.51714858123694,-13.910927173914336,1.0854307870773368,3.276485271133372,11.79534697608014,0.4497525330014909,0.4177573863568066,-0.32521139328016097,-0.07860484171693427,-13.78786563873291,1.127750422199396,125.5509033203125,116.14776611328124,0.7909937500953674,0,with_flow
17060,0,2.0951912688858583,17060,Car,12560,418.55047266345537,-13.80148903861118,1.0745521999688872,3.2917013919496347,11.850125011018685,0.4633794523181579,0.4016773588762187,-0.32761080667947073,-0.06524145448617953,-13.721020698547363,1.110976752895237,126.46533203125,115.953369140625,0.7880253791809082,0,with_flow
17060,0,2.0951912688858583,17060,Car,12561,418.5837967456738,-13.691536367567755,1.0636012470081713,3.307363306184078,11.906507902262682,0.4765235916664351,0.3885147357899437,-0.3295494896525346,-0.05096738292923298,-13.628311157226562,1.0986850032037772,126.74072265625,114.55810546875,0.7936654686927795,0,with_flow
17060,0,2.0951912688858583,17060,Car,12562,418.6171208278922,-13.581054556141657,1.0525937705938293,3.3234564388653376,11.964443179915216,0.48927324631522773,0.3777999248948364,-0.3309986278804619,-0.035878512244079036,-13.5315523147583,1.0804071304323897,127.811279296875,113.7852783203125,0.7760655283927917,0,with_flow
17060,0,2.0951912688858583,17060,Car,12563,418.65044491011065,-13.470029439003506,1.0415465158892347,3.3399689242424024,12.023888127272649,0.501703263185058,0.3691645327601873,-0.33193297764105095,-0.020092788204623485,-13.41512393951416,1.0529245046122182,124.6541748046875,114.2969970703125,0.7142601013183594,0,with_flow
17060,0,2.0951912688858583,17060,Car,12564,418.6837689923291,-13.358447206782648,1.0304770002990613,3.356891203312694,12.084808331925698,0.5138773847988838,0.3622558565328262,-0.33233153032465657,-0.0037451641510642397,-13.2744722366333,1.0254275091162777,129.063232421875,114.50701904296876,0.7606025338172913,0,with_flow
17060,0,2.0951912688858583,17060,Car,12565,418.7170930745475,-13.246294335395673,1.0194033645335152,3.3742156446697233,12.147176320811004,0.5258469510794719,0.35664424434386344,-0.33217792671881585,0.01302204390171427,-13.174952507019045,1.011158598481043,127.9388427734375,115.3990478515625,0.7476301789283752,0,with_flow
17060,0,2.0951912688858583,17060,Car,12566,418.75041715676593,-13.13355752947317,1.0083442154716213,3.3919360620991355,12.210969823556887,0.5376470690413718,0.3518498765208751,-0.3314605371288879,0.030068360153091,-13.054609298706056,0.9790812244828756,127.8585205078125,116.2001953125,0.7904173731803894,0,with_flow
17060,0,2.0951912688858583,17060,Car,12567,418.78374123898436,-13.020223683248004,0.9973184705408964,3.4100471754609547,12.276169831659438,0.5492970995069226,0.34738999273937016,-0.330172313931975,0.0472605653354245,-12.939631462097168,0.98909050197132,131.06298828125,114.89874267578124,0.8133152723312378,0,with_flow
17060,0,2.0951912688858583,17060,Car,12568,418.8170653212028,-12.906279859152468,0.9863452106780661,3.428544078764792,12.342758683553251,0.5607999744011836,0.342779236145226,-0.3283104089843248,0.06447983911274893,-12.854379653930664,0.9816667017008722,132.9539794921875,115.313232421875,0.800345242023468,0,with_flow
17060,0,2.0951912688858583,17060,Car,12569,418.8503894034212,-12.791713284546939,0.9754435474767386,3.4474216905618573,12.410718086022687,0.5721427064030695,0.33760086087669955,-0.3258757915129289,0.08161457043081419,-12.742365837097168,0.9823562687343808,133.8287353515625,115.8509521484375,0.7788331508636475,0,with_flow
17060,0,2.0951912688858583,17060,Car,12570,418.88371348563965,-12.676511365692773,0.9646324988785703,3.4666742899229086,12.480027443722472,0.583300452090918,0.3315444492946462,-0.32287310049004425,0.09855530813749744,-12.67433738708496,0.9604753328164644,131.8338623046875,113.581298828125,0.8113613128662109,0,with_flow
17060,0,2.0951912688858583,17060,Car,12571,418.9170375678581,-12.560661715153008,0.9539308671181659,3.4862951663130173,12.550662598726863,0.594239535377786,0.32446364326938537,-0.3193106555856935,0.11519057210082484,-12.59246063232422,0.9372017801727844,130.4251708984375,114.17230224609376,0.8089144825935364,0,with_flow
17060,0,2.0951912688858583,17060,Car,12572,418.9503616500765,-12.444152188382208,0.9433571154611413,3.5062764478672968,12.622595212322269,0.6049253583413173,0.3164465120448622,-0.3152004651665277,0.13141173394721078,-12.51248264312744,0.915568144600819,132.4056396484375,114.71240234375,0.8118255734443665,0,with_flow
17060,0,2.0951912688858583,17060,Car,12573,418.98368573229493,-12.326970921453958,0.93292924830763,3.5266092023054267,12.695793128299536,0.6153301145480214,0.30777908876210486,-0.3105580011357858,0.1471208263581232,-12.371233940124512,0.9114910595573168,132.76025390625,116.01129150390624,0.8369202613830566,0,with_flow
17060,0,2.0951912688858583,17060,Car,12574,419.01700981451336,-12.20910636135045,0.9226647029671488,3.54728377155403,12.770221577594508,0.6254382696593598,0.29880964977389457,-0.305401735996236,0.1622359846086988,-12.275179862976074,0.9039569143692354,134.4793701171875,116.78594970703124,0.8242734670639038,0,with_flow
17060,0,2.0951912688858583,17060,Car,12575,419.0503338967318,-12.090547283475011,0.9125802584939395,3.56829016281341,12.845844586128276,0.6352452292214713,0.2898969670392584,-0.29975262453463275,0.17668960539344605,-12.151288986206056,0.8977575523970316,132.70703125,117.1678466796875,0.8116397261619568,0,with_flow
17060,0,2.0951912688858583,17060,Car,12576,419.0836579789502,-11.971282796471254,0.9026919604217962,3.5896184414892676,12.922626389361364,0.6447593703883381,0.2814132396967205,-0.29363366880365604,0.19042606526411218,-11.999176025390623,0.8794445537515421,132.240234375,116.65179443359376,0.8007969856262207,0,with_flow
17060,0,2.0951912688858583,17060,Car,12577,419.11698206116864,-11.851302333025018,0.893015058842529,3.6112591605124615,13.000532977844863,0.6540009050954867,0.27362080921671333,-0.28706954661707007,0.20340065886126968,-11.839836120605469,0.8798740473939717,133.6640625,119.60052490234376,0.8451665043830872,0,with_flow
17060,0,2.0951912688858583,17060,Car,12578,419.15030614338707,-11.730595628018795,0.8835639590806866,3.6332036616251613,13.07953318185058,0.6629956950743592,0.2665668668724127,-0.28008620671535744,0.2155817240973181,-11.67726230621338,0.8786815417085476,133.5352783203125,122.1275634765625,0.8227338790893555,0,with_flow
17060,0,2.0951912688858583,17060,Car,12579,419.1836302256055,-11.609152690572252,0.8743521860498725,3.655444130425588,13.159598869532116,0.6717670974722167,0.2600623824983792,-0.2727104914602252,0.2269463006868804,-11.54658031463623,0.8786815417085476,133.7374267578125,123.10845947265624,0.8018922209739685,0,with_flow
17060,0,2.0951912688858583,17060,Car,12580,419.2169543078239,-11.486963778852248,0.8653923582442083,3.677973377637028,13.240704159493301,0.6803283755069517,0.2537730619203431,-0.26496994172518995,0.23747448459417383,-11.443649291992188,0.857004264899061,134.256103515625,124.17755126953124,0.8242799639701843,0,with_flow
17060,0,2.0951912688858583,17060,Car,12581,419.25027839004235,-11.36401938553236,0.8566961652204577,3.7007844499891913,13.32282401996109,0.6886806062327282,0.24738991731155635,-0.25689277208841355,0.24714593537570478,-11.360495567321776,0.8243123655075122,137.4075927734375,124.34771728515624,0.8021003007888794,0,with_flow
17060,0,2.0951912688858583,17060,Car,12582,419.2836024722608,-11.240310236236763,0.848274345707776,3.7238702727415265,13.405932981869496,0.6968164593959525,0.24075819718452537,-0.2485077972431533,0.255946956095619,-11.24343967437744,0.821050094301135,140.4547119140625,124.66168212890624,0.8307126760482788,0,with_flow
17060,0,2.0951912688858583,17060,Car,12583,419.3169265544792,-11.11582729700906,0.840136673592013,3.7472234815210075,13.490004533475627,0.7047266981482034,0.23387441398329176,-0.23984400850763113,0.26388165886928705,-11.154496192932127,0.8054536739896088,140.0313720703125,125.10693359375,0.8283002376556396,0,with_flow
17060,0,2.0951912688858583,17060,Car,12584,419.35025063669764,-10.990561784319048,0.8322919624233839,3.770836419693239,13.57501111089566,0.7124037597966842,0.22686542218275188,-0.23092994606351308,0.27097313125880707,-11.025794982910156,0.8090533664714517,143.0460205078125,125.07647705078124,0.8156837224960327,0,with_flow
17060,0,2.0951912688858583,17060,Car,12585,419.38357471891607,-10.864505172900252,0.8247480913129422,3.794701282185947,13.660924615869408,0.7198468621108762,0.2199411221644234,-0.22179303719690777,0.2772648630716048,-10.890142440795898,0.8149827204619209,142.1170654296875,124.71240234375,0.8302218317985535,0,with_flow
17060,0,2.0951912688858583,17060,Car,12586,419.4168988011345,-10.737649196621597,0.8175120526435592,3.8188103617900184,13.747717302444066,0.7270624318731254,0.21330067848566742,-0.21245899066651924,0.2828151612455083,-10.772534370422363,0.8007209059628684,142.84130859375,126.12127685546876,0.8422953486442566,0,with_flow
17060,0,2.0951912688858583,17060,Car,12587,419.4502228833529,-10.609985841488895,0.8105900161476153,3.8431562666190713,13.835362559828656,0.7340629608050819,0.20713759358713724,-0.20295142430333737,0.28769086169592006,-10.63930320739746,0.7991372257703984,141.1988525390625,125.9423828125,0.8347811698913574,0,with_flow
17060,0,2.0951912688858583,17060,Car,12588,419.48354696557135,-10.48150733165813,0.8039874033518193,3.8677321338141075,13.923835681730788,0.7408677722715755,0.20165007165613744,-0.1932915714037083,0.29196833128766697,-10.510941505432127,0.7946072298350653,140.26416015625,127.25689697265624,0.8502616286277771,0,with_flow
17060,0,2.0951912688858583,17060,Car,12589,419.5168710477898,-10.352206108045591,0.7977089721561333,3.8925318523201677,14.013114668352603,0.747502567939524,0.1970216248712324,-0.1834979844130541,0.29573169927595655,-10.371769905090332,0.8033005288685147,140.771484375,129.9102783203125,0.8622636795043945,0,with_flow
17060,0,2.0951912688858583,17060,Car,12590,419.5501951300082,-10.22207479981458,0.7917589100379543,3.917550267934636,14.10318096456469,0.75399890192361,0.19338526579871376,-0.17358631898590685,0.2990697731022812,-10.200153350830078,0.7995569622255776,140.829345703125,130.68304443359375,0.8487505316734314,0,with_flow
17060,0,2.0951912688858583,17060,Car,12591,419.58351921222663,-10.091106189569441,0.7861409319295019,3.942783343190836,14.19402003548701,0.7603913409341417,0.19073193512066738,-0.16356929326213418,0.3020691189080696,-10.056270599365234,0.797000579165928,141.8175048828125,132.34521484375,0.855915367603302,0,with_flow
17060,0,2.0951912688858583,17060,Car,12592,419.61684329444506,-9.959293175661124,0.7808583761353681,3.968228148188395,14.285621333478224,0.766710835298892,0.18889708406199676,-0.15345682151668702,0.3048111651017952,-9.911290168762209,0.797000579165928,143.7659912109375,133.02032470703125,0.842272162437439,0,with_flow
17060,0,2.0951912688858583,17060,Car,12593,419.6501673766635,-9.826628738125097,0.7759142945668187,3.993882669576185,14.377977610474266,0.7729809848543483,0.1876279679254101,-0.14325621806670757,0.3073700741450024,-9.783170700073242,0.789023989886884,143.3822021484375,133.3067626953125,0.850933849811554,0,with_flow
17060,0,2.0951912688858583,17060,Car,12594,419.6834914588819,-9.693105912695623,0.771311534845581,4.019745524771732,14.471083889178237,0.7792158949581378,0.18662858164359244,-0.13297248289624602,0.3098104607911834,-9.623589515686035,0.7893018036184185,145.4378662109375,134.2171630859375,0.8445095419883728,0,with_flow
17060,0,2.0951912688858583,17060,Car,12595,419.71681554110035,-9.558717775147436,0.7670528121425765,4.045815637021467,14.564936293277281,0.7854194372523476,0.18555248663473237,-0.12260861665190259,0.31218760419096697,-9.514240264892578,0.790856921862755,145.2291259765625,133.136474609375,0.8576185703277588,0,with_flow
17060,0,2.0951912688858583,17060,Car,12596,419.7501396233188,-9.423457437345167,0.7631407703146731,4.072091844685529,14.659530640867905,0.791582627599037,0.18405702116120154,-0.11216596387060926,0.31454504273108674,-9.386698722839355,0.7892863695222221,144.6993408203125,133.93035888671875,0.8356490731239319,0,with_flow
17060,0,2.0951912688858583,17060,Car,12597,419.7834637055372,-9.287318056865294,0.7595780299320902,4.098572510829703,14.754861038986931,0.7976864998644573,0.18188670451946598,-0.10164466127238696,0.31691128743355124,-9.27825164794922,0.7627074366448581,147.140380859375,133.54522705078125,0.8433954119682312,0,with_flow
17060,0,2.0951912688858583,17060,Car,12598,419.81678778775563,-9.150292857834645,0.7563672199305723,4.1252552387390535,14.850918859460593,0.8037050425907282,0.17889174539002375,-0.09104415035387547,0.3193006670105077,-9.139673233032228,0.7591267263273032,148.0909423828125,135.4630126953125,0.8320592045783997,0,with_flow
17060,0,2.0951912688858583,17060,Car,12599,419.85011186997406,-9.012375159371887,0.7535109946140384,4.152136708288737,14.947692149839453,0.8096093063276077,0.17499163825573097,-0.0803634905583332,0.3217230432619829,-8.994808197021484,0.7610788733910356,147.945068359375,136.02392578125,0.8455144762992859,0,with_flow
17060,0,2.0951912688858583,17060,Car,12600,419.8834359521925,-8.873558407719509,0.7510120447327969,4.179212596679554,15.045165348046396,0.8153679140722709,0.17012136843681608,-0.06960144775983522,0.3241859341125823,-8.900195121765137,0.7583195408365742,147.93896484375,136.275146484375,0.837352991104126,0,with_flow
17060,0,2.0951912688858583,17060,Car,12601,419.9167600344109,-8.733836211113019,0.7488731056056073,4.206477492849822,15.143318974259358,0.8209475832654076,0.16431296858681294,-0.058756605698401076,0.3266925074935008,-8.7598876953125,0.7598929316315799,147.561279296875,137.8831787109375,0.841378390789032,0,with_flow
17060,0,2.0951912688858583,17060,Car,12602,419.95008411662934,-8.593202376066053,0.7470969605991035,4.233924931185727,15.242129752268617,0.8263190718217528,0.15774456479204058,-0.047827525362697465,0.3292407748094835,-8.685315132141113,0.75908805238511,147.56494140625,137.333984375,0.8340275883674622,0,with_flow
17060,0,2.0951912688858583,17060,Car,12603,419.98340819884777,-8.45165093963762,0.7456864387373893,4.26154758293324,15.341571298559662,0.8314609689586878,0.15077293522948107,-0.0368129436784315,0.33182191296988767,-8.511164665222168,0.7489897183875784,148.236572265625,138.7877197265625,0.8578872084617615,0,with_flow
17060,0,2.0951912688858583,17060,Car,12604,420.0167322810662,-8.30917619224267,0.7446444048873112,4.289337661766402,15.441615582359049,0.8363678112015547,0.14385549666581682,-0.025712010442598573,0.3344203819764502,-8.392921447753906,0.7514838328522289,148.5460205078125,136.860107421875,0.8601904511451721,0,with_flow
17060,0,2.0951912688858583,17060,Car,12605,420.0500563632846,-8.165772684051776,0.743973742890544,4.317287443986614,15.54223479835181,0.8410486737556168,0.13745372689606158,-0.014524455512226602,0.3370171863341782,-8.232999801635742,0.7596129890591907,148.810302734375,139.47857666015625,0.8577447533607483,0,with_flow
17060,0,2.0951912688858583,17060,Car,12606,420.08338044550305,-8.02143521463088,0.7436773342991422,4.345389776285465,15.643403194627675,0.8455288497941821,0.13202062004024132,-0.003250713860938192,0.3395883376593774,-8.066596984863281,0.75908805238511,147.7991943359375,140.6929931640625,0.8418375253677368,0,with_flow
17060,0,2.0951912688858583,17060,Car,12607,420.1167045277215,-7.876158805106883,0.7437580312952479,4.373638592339907,15.745098932423664,0.8498476057491144,0.12792445059262433,0.008107835466725048,0.34210070220353367,-7.929254531860352,0.7416641996032542,149.185302734375,142.5079345703125,0.8490049839019775,0,with_flow
17060,0,2.0951912688858583,17060,Car,12608,420.1500286099399,-7.729938654923486,0.7442186199593144,4.402029314623694,15.847305532645299,0.8540547796127738,0.12546811062304972,0.019548558245749893,0.3445130381226549,-7.746149063110352,0.7533813396673581,149.8421630859375,143.0135498046875,0.8596729636192322,0,with_flow
17060,0,2.0951912688858583,17060,Car,12609,420.18335269215834,-7.582770086487572,0.7450617752437214,4.430559195104071,15.950013102374657,0.8582098250175011,0.1248429328205138,0.031067411186785028,0.34678235681356184,-7.554123401641846,0.7546318562660721,152.19384765625,146.0008544921875,0.8522878289222717,0,with_flow
17060,0,2.0951912688858583,17060,Car,12610,420.21667677437677,-7.434648479793781,0.7462900127973406,4.4592275431637445,16.05321915538948,0.8623753319281747,0.12604334832487232,0.04265884963642284,0.3488609111264526,-7.433167457580566,0.7415155355502365,152.079345703125,144.583984375,0.843808114528656,0,with_flow
17060,0,2.0951912688858583,17060,Car,12611,420.2500008565952,-7.285569203637542,0.7479056359415679,4.4880357006736515,16.156928522425147,0.8666103828228291,0.12898551481214923,0.054315648623841736,0.3506963526521254,-7.260910034179687,0.7287761970690823,154.5589599609375,146.3681640625,0.8519443869590759,0,with_flow
17060,0,2.0951912688858583,17060,Car,12612,420.2833249388136,-7.135527549713143,0.7499106783083366,4.516986942542688,16.261152993153676,0.8709719797293474,0.1335494689386315,0.06602886442308631,0.35223942330123387,-7.067249774932861,0.7359095879662723,154.759521484375,147.670654296875,0.8331738710403442,0,with_flow
17060,0,2.0951912688858583,17060,Car,12613,420.31664902103205,-6.984518669707024,0.7523068498820843,4.546086364212452,16.36591091116483,0.8755112097891058,0.1394814928737586,0.07778807476035773,0.3534511411510345,-6.969265460968018,0.7415155355502365,153.98095703125,147.3453369140625,0.848762035369873,0,with_flow
17060,0,2.0951912688858583,17060,Car,12614,420.3499731032505,-6.83253751918813,0.7550954935316235,4.575340577606048,16.471226079381772,0.8802681652022958,0.14654600712378618,0.08958172020520508,0.3543017902038687,-6.827849388122559,0.7229974585690804,153.2657470703125,147.5906982421875,0.840617835521698,0,with_flow
17060,0,2.0951912688858583,17060,Car,12615,420.3832971854689,-6.679578812322906,0.7582775519538094,4.604757433662754,16.577126761185916,0.8852782321694566,0.15464442646597593,0.10139739519982227,0.35477128048453066,-6.660501956939697,0.7360527525137488,155.0399169921875,150.112060546875,0.8678900003433228,0,with_flow
17060,0,2.0951912688858583,17060,Car,12616,420.41662126768733,-6.525636982338917,0.761853546306012,4.634345932586622,16.68364535731184,0.8905749323666434,0.16370297134468248,0.11322230445107462,0.3548569278344209,-6.519721508026123,0.7542859196271883,156.2166748046875,149.8626708984375,0.8701761960983276,0,with_flow
17060,0,2.0951912688858583,17060,Car,12617,420.44994534990576,-6.3707061444774435,0.7658235727922494,4.6641161411549446,16.7908181081578,0.8961887347224389,0.17365933958599256,0.12504381626049024,0.3545699121713706,-6.382140159606934,0.7634509343133515,155.7647705078125,150.3446044921875,0.8681062459945679,0,with_flow
17060,0,2.0951912688858583,17060,Car,12618,420.4832694321242,-6.214780061946774,0.7701873142861079,4.6940791142445795,16.898684811280486,0.9021490085873665,0.1844951899799293,0.13684978791123223,0.35392733021957223,-6.171462535858154,0.7867468397860053,157.478759765625,154.200439453125,0.880858302116394,0,with_flow
17060,0,2.0951912688858583,17060,Car,12619,420.5165935143426,-6.057852113118133,0.7749440588665926,4.724246894337283,17.00728881961422,0.9084850004820302,0.19606754306625518,0.14862866899077404,0.35294633247679497,-5.951887607574463,0.8169703482065644,158.9337158203125,155.9371337890625,0.8727962374687195,0,with_flow
17060,0,2.0951912688858583,17060,Car,12620,420.54991759656104,-5.899915259990173,0.7800927177731993,4.754632376150933,17.116676554143357,0.9152165504383766,0.20794927455282317,0.1603693302338768,0.35163265036905067,-5.824440956115723,0.8001008810639456,158.676513671875,155.90966796875,0.882975697517395,0,with_flow
17060,0,2.0951912688858583,17060,Car,12621,420.5832416787795,-5.740962027181502,0.7856318305692237,4.785248807376338,17.226895706554817,0.9223444379269516,0.21958435785902647,0.17206046871431155,0.34996994397256337,-5.636436462402344,0.8170805157207937,159.454833984375,156.57763671875,0.8773969411849976,0,with_flow
17060,0,2.0951912688858583,17060,Car,12622,420.6165657609979,-5.580984500768196,0.7915595478300707,4.816109161381802,17.337992980974487,0.9298514448287264,0.23039630086512816,0.1836899516693482,0.3479253195284551,-5.493078708648682,0.8011810903942862,159.542236328125,156.982177734375,0.8618571162223816,0,with_flow
17060,0,2.0951912688858583,17060,Car,12623,420.64988984321633,-5.419974347765817,0.7978735943294338,4.847225501080674,17.450011803890426,0.937699928472654,0.23981834084043338,0.19524426158585473,0.34544912273834333,-5.38219690322876,0.7939687549820689,161.5855712890625,155.8046875,0.862556517124176,0,with_flow
17060,0,2.0951912688858583,17060,Car,12624,420.68321392543476,-5.257922857630979,0.8045712149565051,4.8786083263744,17.56298997494784,0.9458348970440336,0.24745198774691968,0.20670807586343293,0.34248457881078365,-5.23474645614624,0.7856941279833713,163.224853515625,157.706298828125,0.881497859954834,0,with_flow
17060,0,2.0951912688858583,17060,Car,12625,420.7165380076532,-5.094821002486437,0.8116491125361521,4.91026613222228,17.676958076000208,0.9541921492422376,0.2531018068441167,0.21806419902579502,0.3389775953944738,-5.116666793823242,0.7842026975612701,164.0635986328125,157.3267822265625,0.8765548467636108,0,with_flow
17060,0,2.0951912688858583,17060,Car,12626,420.7498620898716,-4.930659508002891,0.8191033886091502,4.942205193106469,17.79193869518329,0.9627036678858456,0.25676503004047596,0.22929380387314272,0.3348856035800485,-4.969837665557861,0.7867264383944819,164.2813720703125,157.444580078125,0.8713920712471008,0,with_flow
17060,0,2.0951912688858583,17060,Car,12627,420.78318617209004,-4.7654289281669495,0.8269294966892943,4.974429559158769,17.90794641297157,0.9713050671860095,0.2586287475497121,0.24037692186185886,0.33018340053063777,-4.838481426239014,0.7939687549820689,166.2076416015625,158.69482421875,0.8732808232307434,0,with_flow
17060,0,2.0951912688858583,17060,Car,12628,420.81651025430847,-4.599119716356898,0.8351222145667717,5.006941267185436,18.02498856186757,0.9799407991806369,0.25905391172450076,0.2512930808698188,0.32486626330954727,-4.70101261138916,0.7931204119014827,164.7486572265625,157.9581298828125,0.8690266013145447,0,with_flow
17060,0,2.0951912688858583,17060,Car,12629,420.8498343365269,-4.431722286409827,0.8436756391749886,5.0397407381352055,18.14306665728674,0.9885705348926348,0.2585716345652543,0.2620220132771917,0.3189517073560819,-4.525579929351807,0.8104743677419435,166.467529296875,160.0894775390625,0.8794108629226685,0,with_flow
17060,0,2.0951912688858583,17060,Car,12630,420.8831584187453,-4.263227056906361,0.852583206425245,5.072827379160099,18.262178564976356,0.9971741239998486,0.2577485443678277,0.27254445568647445,0.31248250026656316,-4.2865753173828125,0.8450080692795912,166.0650634765625,163.4656982421875,0.886868417263031,0,with_flow
17060,0,2.0951912688858583,17060,Car,12631,420.91648250096375,-4.093624473754119,0.861837738179054,5.106200241925418,18.382320870931505,1.005749002261022,0.25694404383844593,0.28284292852162735,0.3055210772070776,-4.087653636932373,0.8592491275803105,165.10693359375,165.166015625,0.886071503162384,0,with_flow
17060,0,2.0951912688858583,17060,Car,12632,420.9498065831822,-3.9229050142082595,0.8714315102719765,5.139858427952684,18.503490340629664,1.014298972884664,0.2562549040677894,0.2929021790539517,0.2981370003517114,-3.925779342651367,0.8712643053640681,164.321044921875,166.8162841796875,0.8823513984680176,0,with_flow
17060,0,2.0951912688858583,17060,Car,12633,420.9831306654006,-3.7510591832257516,0.8813563293552321,5.173801172862125,18.62568422230365,1.0228279212450828,0.25568555800267284,0.3027093118216868,0.2904017833813924,-3.7516047954559326,0.882343502785389,165.257568359375,168.005859375,0.8803083300590515,0,with_flow
17060,0,2.0951912688858583,17060,Car,12634,421.01645474761904,-3.5780775090744057,0.8916036121584876,5.208027843397324,18.748900236230366,1.0313399459985555,0.25525372113669664,0.3122538217824887,0.28238718479522,-3.6005630493164062,0.8832353097000911,167.62548828125,167.7890625,0.8667325973510742,0,with_flow
17060,0,2.0951912688858583,17060,Car,12635,421.04977882983746,-3.4039505387576314,0.9021644651634951,5.242537953266303,18.87313663175869,1.0398401132245207,0.2550266204146054,0.3215275960538521,0.2741654577215043,-3.413480758666992,0.906652204294652,167.8638916015625,170.2899169921875,0.87738436460495,0,with_flow
17060,0,2.0951912688858583,17060,Car,12636,421.0831029120559,-3.2286688320760772,0.9130297652050385,5.277331240906296,18.998392467262665,1.0483370021317238,0.25508891282688084,0.33052498297435523,0.26581187454696786,-3.22867751121521,0.9174881816483268,170.612548828125,171.55908203125,0.8777177929878235,0,with_flow
17060,0,2.0951912688858583,17060,Car,12637,421.1164269942743,-3.0522229522783806,0.9241902425008763,5.312407772701345,19.124667981724844,1.0568413210326255,0.25548631436653707,0.33924282556039964,0.25740019350838916,-3.068787097930908,0.9135256992041676,169.6846923828125,171.9234619140625,0.8803758025169373,0,with_flow
17060,0,2.0951912688858583,17060,Car,12638,421.14975107649275,-2.8746034543111856,0.9356365625748326,5.347767985114001,19.251964746410405,1.065364696022991,0.2562498444091096,0.3476803901963028,0.24900291579905115,-2.84106707572937,0.9383490479900468,171.70166015625,176.5235595703125,0.8888266086578369,0,with_flow
17060,0,2.0951912688858583,17060,Car,12639,421.1830751587112,-2.695800871766402,0.947359407413455,5.383412731006676,19.380285831624036,1.0739199027997226,0.25730196532168725,0.35583942149668124,0.24069636946075704,-2.6335289478302,0.958519460281236,172.07861328125,178.9083251953125,0.8830333948135376,0,with_flow
17060,0,2.0951912688858583,17060,Car,12640,421.2163992409296,-2.5158057034993107,0.9593495596270777,5.419343206789894,19.50963554444362,1.082513399717677,0.2583688791284848,0.3637242068598077,0.2325556590734425,-2.458762884140014,0.9753786380263912,172.7071533203125,179.84619140625,0.8798847198486328,0,with_flow
17060,0,2.0951912688858583,17060,Car,12641,421.24972332314803,-2.334608406992454,0.9715979853391431,5.455560632180221,19.640018275848796,1.091139714341244,0.2590920212880913,0.37134143455507923,0.224649054302892,-2.2843573093414307,0.9887676277750286,172.4801025390625,182.3836669921875,0.882332980632782,0,with_flow
17060,0,2.0951912688858583,17060,Car,12642,421.28304740536646,-2.1521994043939556,0.9840959097086458,5.4920658416201,19.77143702983236,1.099781407356763,0.25913277107694055,0.378699907168938,0.2170348556947195,-2.10842227935791,1.008952232338582,173.1248779296875,184.1990966796875,0.8956366181373596,0,with_flow
17060,0,2.0951912688858583,17060,Car,12643,421.3163714875849,-1.968569101754988,0.9968348815427517,5.5288589078771295,19.903892068357667,1.108410437878958,0.258202901970127,0.3858101811671045,0.20975954872102767,-1.94885528087616,1.0137289964096523,174.5478515625,185.1856689453125,0.9068253636360168,0,with_flow
17060,0,2.0951912688858583,17060,Car,12644,421.3496955698033,-1.7837079200078356,1.0098068245913026,5.56593881691598,20.037379740897528,1.1169901568253415,0.2561143088273385,0.3926841220019269,0.20285522376672124,-1.7944921255111694,1.0190507437395186,175.1368408203125,186.5382080078125,0.8993894457817078,0,with_flow
17060,0,2.0951912688858583,17060,Car,12645,421.38301965202174,-1.5976063352169445,1.0230040735641905,5.603303251978591,20.171891707122928,1.1254799864483143,0.2528375630066393,0.3993344677907995,0.1963430066843769,-1.6301919221878052,1.0263572803595549,177.3973388671875,185.9759521484375,0.9019290804862976,0,with_flow
17060,0,2.0951912688858583,17060,Car,12646,421.4163437342402,-1.4102549230749921,1.0364193980408984,5.640948561565729,20.307414821636623,1.133841316300422,0.24847766603573546,0.40577454566808946,0.19023785255778392,-1.4123557806015017,1.0397542532613977,179.38885498046875,187.81396484375,0.8986459970474243,0,with_flow
17060,0,2.0951912688858583,17060,Car,12647,421.4496678164586,-1.2216444014393948,1.0500460194061259,5.678869893885794,20.44393161798886,1.1420405667931501,0.24311189113923198,0.41201812912253816,0.18455191360879894,-1.184050679206848,1.0589964909399503,180.4315795898437,190.20556640625,0.8887438774108887,0,with_flow
17060,0,2.0951912688858583,17060,Car,12648,421.482991898677,-1.0317656681327871,1.0638776243472892,5.717061300661681,20.58142068238205,1.1500442775976245,0.23663399315488126,0.41807935555785997,0.17929457677886557,-0.9750486612319946,1.0757032791605916,180.87213134765625,194.00390625,0.8734465837478638,0,with_flow
17060,0,2.0951912688858583,17060,Car,12649,421.51631598089546,-0.8406098388166159,1.0779083749925695,5.755515615821444,20.7198562169572,1.1578117880802865,0.2287759503318211,0.42397259124843417,0.1744697333665381,-0.8015025854110718,1.0876890079791928,182.24755859375,195.6912841796875,0.8842207789421082,0,with_flow
17060,0,2.0951912688858583,17060,Car,12650,421.5496400631139,-0.6481682924859892,1.0921329130730744,5.794224141092853,20.859206907934272,1.1652917747545377,0.21926358831664966,0.429712214239795,0.17007415377747828,-0.6446489691734314,1.091700631166414,184.7548828125,194.6866455078125,0.8755104541778564,0,with_flow
17060,0,2.0951912688858583,17060,Car,12651,421.5829641453323,-0.45443272815725727,1.1065463564782845,5.833176325524309,20.99943477188751,1.1724253037694297,0.20796270968518438,0.4353123931753741,0.1660991609228378,-0.4696486294269562,1.1061425101210909,186.2490234375,194.8712158203125,0.896282970905304,0,with_flow
17060,0,2.0951912688858583,17060,Car,12652,421.61628822755074,-0.25939522968758627,1.1211442901214799,5.872359616130013,21.140494618068047,1.17915210762637,0.19491070964482532,0.44078698465168314,0.16253525301151753,-0.310975432395935,1.1231017433864146,187.74981689453125,195.5367431640625,0.911480724811554,0,with_flow
17060,0,2.0951912688858583,17060,Car,12653,421.64961230976917,-0.06304833226903646,1.1359227554337026,5.911759499189952,21.282334197083827,1.1854157447963423,0.18032450832577596,0.4461495309357844,0.1593729379808523,-0.1441839933395385,1.1403732066437569,188.98297119140625,198.21923828125,0.9144241213798524,0,with_flow
17060,0,2.0951912688858583,17060,Car,12654,421.6829363919876,0.13461491555498556,1.1508782396946697,5.951359737972202,21.424895056699928,1.1911704051092615,0.16459578408563927,0.4514132410021299,0.15660144304834098,0.0702168643474578,1.161437909497312,193.05499267578125,201.3302001953125,0.9054650664329528,0,with_flow
17060,0,2.0951912688858583,17060,Car,12655,421.716260474206,0.333600901517202,1.1660076638995207,5.991142823228624,21.568114163623047,1.1963857516796952,0.1481510154463904,0.4565909180835722,0.15420672592272439,0.303624540567398,1.1852552035759552,194.89227294921875,202.8721923828125,0.9169540405273438,0,with_flow
17060,0,2.0951912688858583,17060,Car,12656,421.74958455642445,0.5339154156668829,1.1813083668053461,6.031090465518331,21.71192567586599,1.2010443983482197,0.13128914906926978,0.46169479228588717,0.15216763388585033,0.519684374332428,1.1940105938009995,196.166748046875,205.3277587890625,0.8995319604873657,0,with_flow
17060,0,2.0951912688858583,17060,Car,12657,421.7829086386429,0.7355636304621991,1.1967780810276651,6.071183926895924,21.856262136825325,1.2051359324756388,0.1141874617401187,0.46673621061309,0.15045220331706727,0.6846234202384949,1.1872616360814816,197.6058959960937,203.8914794921875,0.8855959177017212,0,with_flow
17060,0,2.0951912688858583,17060,Car,12658,421.8162327208613,0.9385500889658386,1.2124148979395466,6.111404196961581,22.001055109061692,1.2086547830749024,0.09706655288333399,0.47172532029192327,0.14902194213041353,0.8758045434951782,1.2084242656143511,198.6361694335937,206.5654296875,0.887468159198761,0,with_flow
17060,0,2.0951912688858583,17060,Car,12659,421.84955680307974,1.1428786992235263,1.2282172259967628,6.151732229773432,22.146236027184358,1.211605240053526,0.08027088955556377,0.4766710235821776,0.14784152371350906,1.0719267129898071,1.2174915310246044,202.7965087890625,209.427734375,0.8861388564109802,0,with_flow
17060,0,2.0951912688858583,17060,Car,12660,421.88288088529816,1.3485527392997332,1.2441837514164547,6.192149334716984,22.29173760498114,1.2140046905214943,0.06422047672993941,0.4815811094824444,0.1468795256646852,1.2710387706756592,1.2342084312393051,203.388427734375,211.1910400390625,0.8852653503417969,0,with_flow
17060,0,2.0951912688858583,17060,Car,12661,421.9162049675166,1.5555748767498268,1.2603134035677663,6.232637644452652,22.437495520029547,1.2158854169468363,0.04937404854993789,0.48646241667307294,0.14611065814801535,1.490221381187439,1.2559978270004708,203.62451171875,213.9512939453125,0.9001227021217346,0,with_flow
17060,0,2.0951912688858583,17060,Car,12662,421.949529049735,1.7639472045642457,1.2766053268581163,6.2731806302973965,22.583450269070628,1.2172953802281639,0.036155264509382994,0.491321045552778,0.145515556179412,1.7453603744506836,1.2785725876336054,205.0765991210937,216.615234375,0.9025838375091552,0,with_flow
17060,1,2.0951912688858583,17060,Car,12663,421.98285313195345,1.9736712941606667,1.2930588589152716,6.313763588301635,22.729548917885886,1.2182950989611157,0.02483669926251164,0.4961625073345888,0.1450775798606524,1.9536879062652588,1.297808616192999,206.5185546875,217.263427734375,0.9002510905265808,0,with_flow
17060,1,2.0951912688858583,17060,Car,12664,422.0161772141719,2.1847482618389025,1.3096735117573282,6.3543739379747315,22.875746176709033,1.2189507006446805,0.015562937036678406,0.5009917519473063,0.14477919389697935,2.1686103343963623,1.3203672331163188,206.7515869140625,219.38037109375,0.8961353302001953,0,with_flow
17060,1,2.0951912688858583,17060,Car,12665,422.0495012963903,2.397178842138203,1.3264489521133698,6.395001370285083,23.0220049330263,1.2193323401478566,0.008453447403670178,0.5058130959255959,0.1445994488661849,2.3696837425231934,1.333184629095478,210.73980712890625,222.1243896484375,0.8913567066192627,0,with_flow
17060,1,2.0951912688858583,17060,Car,12666,422.08282537860873,2.6109634657087257,1.3433849778815672,6.4356379774156744,23.16829671869643,1.2195141073972986,0.0036204849347610795,0.5106300619736954,0.14451154406428085,2.63611364364624,1.35534071769386,214.89410400390625,225.82373046875,0.8901687860488892,0,with_flow
17060,1,2.0951912688858583,17060,Car,12667,422.11614946082716,2.8261023416550124,1.3604814884898935,6.476278391702292,23.31460221012825,1.2195736388231297,0.0010111700863357483,0.5154451917141496,0.14448333090585988,2.954301595687866,1.333184629095478,216.03228759765625,232.0867919921875,0.9148356914520264,0,with_flow
17060,1,2.0951912688858583,17060,Car,12668,422.1494735430456,3.042595542750591,1.3777384492039817,6.516919760389427,23.460911137401936,1.2195815000274863,-0.000539366883764103,0.5202598758891346,0.14447972097141482,3.266402244567871,1.344262673394669,220.59649658203125,238.90234375,0.9193164110183716,0,with_flow
17256_1,1,4.420841383377495,17256,Rickshaw,12683,422.649334776322,0.4629876728236399,2.7752412599341754,5.892728515269961,21.21382265497186,-5.609098495885585,-0.0013465211869316818,0.988255666929429,-3.121559668969496,0.5198671817779541,2.798975824152933,73.1402587890625,156.8360595703125,0.6074948906898499,1,with_flow
17256_1,1,4.420841383377495,17256,Rickshaw,12684,422.68265885854044,0.6562429971924488,2.8064407305688603,5.705809660649373,20.540914778337743,-5.609146940890787,-0.0015609860556411578,0.8842320783918005,-3.121590930867443,0.6721911430358887,2.8052200691864897,72.365234375,156.9361572265625,0.6350389719009399,1,with_flow
17256_1,1,4.420841383377495,17256,Rickshaw,12685,422.71598294075886,0.843269394325469,2.834173688921493,5.518889088565034,19.868000718834125,-5.609202532740905,-0.001867815539116747,0.7802070181454942,-3.12165304912753,0.8612363338470459,2.8364086521278327,72.4105224609375,160.5263671875,0.6752001047134399,1,with_flow
17256_1,1,4.420841383377495,17256,Rickshaw,12686,422.7493070229773,1.024066801919171,2.858440063220213,5.331966460513662,19.195079257849184,-5.609271427367975,-0.002367842489612976,0.6761789540405795,-3.1217763202301017,1.0077874064445496,2.851413077278356,74.79315185546875,160.04119873046875,0.4951861649751663,1,with_flow
17256_1,1,4.420841383377495,17256,Rickshaw,12687,422.7826311051957,1.198635142834545,2.8792397137255916,5.1450412213290235,18.522148396784484,-5.609360345096514,-0.0030587099377424195,0.5721453378646334,-3.121991115301014,1.1543384790420532,2.866417502428879,77.17578125,159.5560302734375,0.3151722252368927,1,with_flow
17256_1,1,4.420841383377495,17256,Rickshaw,12688,422.81595518741415,1.3669743177656242,2.8965723994613346,4.958112599825091,17.849205359370327,-5.609475284770871,-0.0038979709505362276,0.46810266531512296,-3.1223236326843917,1.2933118343353271,2.8757127312139863,79.538330078125,158.787841796875,0.3954300880432129,1,with_flow
17256_1,0,4.420841383377495,17256,Rickshaw,12689,422.8492792696326,1.5290841987038537,2.9104377495023437,4.77117965625392,17.17624676251411,-5.609620137705395,-0.004788408910832619,0.3640466888881375,-3.1227915326589653,1.313909649848938,2.84376273286029,78.764892578125,155.156982421875,0.3930100202560425,1,with_flow
17256_1,0,4.420841383377495,17256,Rickshaw,12690,422.882603351851,1.6849646247939885,2.920835244057105,4.5842413828043584,16.50326897809569,-5.609794423435351,-0.005543052952931291,0.2599728169474366,-3.1233949049496585,1.5939863920211792,2.9023768177255374,80.6214599609375,164.0035400390625,0.6175132989883423,1,with_flow
17256_1,0,4.420841383377495,17256,Rickshaw,12691,422.91592743406943,1.8346154033220365,2.927764216322074,4.397296921325513,15.830268916771846,-5.609989572010084,-0.005963524356437228,0.155877006873835,-3.1241008391349876,1.7632124423980713,2.896414289298415,81.344970703125,165.86962890625,0.5211204886436462,1,with_flow
17256_1,0,4.420841383377495,17256,Rickshaw,12692,422.94925151628786,1.9780363188503067,2.931223887070405,4.210345794213196,15.157244859167506,-5.610191881387282,-0.005926698878612898,0.05175665328716683,-3.1248578920354144,1.9650092124938965,2.923933815026735,81.940185546875,167.596923828125,0.3753385543823242,1,with_flow
17256_1,0,4.420841383377495,17256,Rickshaw,12693,422.9825755985063,2.115227148284874,2.9312134219640713,4.02338803681247,14.484196932524894,-5.610384575611514,-0.005382274330843425,-0.052388853281103265,-3.1255983210696483,2.2034215927124023,2.954148098470257,81.9837646484375,169.40478515625,0.3838465213775635,1,with_flow
17256_1,1,4.420841383377495,17256,Rickshaw,12694,423.0158996807247,2.2461876792476816,2.927732005525347,3.83642425864436,13.811127331119698,-5.610550600091928,-0.004385462085049307,-0.15655774855590632,-3.126250331614901,2.408159017562866,2.9723017888584553,83.0513916015625,172.43634033203125,0.3760790675878525,1,with_flow
17256_1,1,4.420841383377495,17256,Rickshaw,12695,423.04922376294314,2.370917728602955,2.9207789191429336,3.6494555831063202,13.138040099182753,-5.61067685860969,-0.0031114332988070015,-0.2607460610004654,-3.126756042035429,2.61289644241333,2.990455479246654,84.1190185546875,175.4678955078125,0.3683116137981415,1,with_flow
17256_1,1,4.420841383377495,17256,Rickshaw,12696,423.08254784516157,2.4894171566625163,2.910353603981549,3.46248345155109,12.464940425583924,-5.610757971410061,-0.0018317757108562713,-0.364948334965548,-3.127086782758363,2.67574429512024,2.9755184673898616,86.182373046875,170.8828125,0.3729328215122223,1,with_flow
17256_1,1,4.420841383377495,17256,Rickshaw,12697,423.11587192738,2.6016858728716783,2.89645569151416,3.2755093131832314,11.791833527459634,-5.610798943098478,-0.0008237612370770385,-0.4691588388582155,-3.127255772594742,2.6404748757680263,2.9123317506377195,85.38138834635417,164.38895670572916,0.3794832229614258,1,with_flow
17256_1,1,4.420841383377495,17256,Rickshaw,12698,423.1491960095984,2.707723830476232,2.8790849892034744,3.088534302193616,11.118723487897018,-5.610812873584447,-0.0002371409472431012,-0.5733729519940391,-3.1273135649011903,2.605205456415812,2.849145033885578,84.58040364583333,157.89510091145834,0.3860336244106292,1,with_flow
17256_1,1,4.420841383377495,17256,Rickshaw,12699,423.18252009181685,2.807531012578428,2.8582414270250447,2.9015590658320045,10.445612636995216,-5.610814748107325,0.00012463835130915868,-0.6775880011697579,-3.127321359710473,2.569936037063598,2.785958317133436,83.7794189453125,151.4012451171875,0.3925840258598327,1,with_flow
17490,1,4.420841383377495,17490,Rickshaw,12744,424.6821037916461,-2.3782691974045584,4.180462346253111,-0.6204587600165656,-2.2336515360596363,4.210516189711461,0.0010276079780169312,4.788129598324677,-17.205311321786137,-2.4058570861816406,4.378801750255475,1285.7845458984375,1244.1209716796875,0.3343672752380371,1,with_flow
17490,1,4.420841383377495,17490,Rickshaw,12745,424.71542787386454,-2.3966075321698956,4.330469140278473,-0.48014658327593046,-1.7285276997933496,4.2105517890486945,0.00110894522096441,4.214775637186422,-17.205498100975387,-2.387273073196411,4.458867099992804,1276.635009765625,1247.1048583984375,0.3773250579833984,1,with_flow
17490,1,4.420841383377495,17490,Rickshaw,12746,424.74875195608297,-2.4102700722644963,4.461369299411645,-0.33983318169744986,-1.2233994541108195,4.210590098874899,0.0012227587706563155,3.641411750563701,-17.205956715969187,-2.400235414505005,4.478525880865254,1271.640625,1246.81103515625,0.3662163317203522,1,with_flow
17490,1,4.420841383377495,17490,Rickshaw,12747,424.7820760383014,-2.419256774945002,4.573162283589639,-0.1995184276187078,-0.7182663394273481,4.210633283676308,0.0013951839682546853,3.0680235497099675,-17.207014907705936,-2.41516375541687,4.47280426626152,1274.663818359375,1247.007568359375,0.3729531168937683,1,with_flow
17490,1,4.420841383377495,17490,Rickshaw,12748,424.8154001205198,-2.4235675920954707,4.665846885933098,-0.059202128633891876,-0.21312766308201075,4.210683085325435,0.0016116341146157624,2.4945853450110493,-17.20901084134528,-2.380317449569702,4.446636022265703,1280.0833129882812,1247.2491455078125,0.35564377903938293,1,with_flow
17490,1,4.420841383377495,17490,Rickshaw,12749,424.84872420273825,-2.4232024682896736,4.739420864222563,0.08111595873546615,0.29201745144767816,4.210740696131791,0.0018336982088813525,1.921061049795227,-17.212217603759143,-2.345471143722534,4.420467778269885,1285.5028076171875,1247.49072265625,0.3383344411849975,1,with_flow
17490,0,4.420841383377495,17490,Rickshaw,12750,424.8820482849567,-2.4181613396167725,4.793880644631044,0.22143608904220574,0.7971699205519407,4.210805297945188,0.0019869602484410493,1.3474076095519547,-17.216768508121223,-2.398523092269897,4.582335966688763,1261.6390380859375,1246.8131103515625,0.3151921927928924,1,with_flow
17490,0,4.420841383377495,17490,Rickshaw,12751,424.9153723671751,-2.4084441347024153,4.829221178526767,0.3617584388828962,1.3023303799784265,4.210873123385158,0.002012782841337613,0.7735806004598018,-17.22261283607657,-2.443195343017578,4.701039068324736,1246.657470703125,1247.291015625,0.3252570927143097,1,with_flow
17490,0,4.420841383377495,17490,Rickshaw,12752,424.94869644939354,-2.3940507786800813,4.845435993748722,0.5020830359400414,1.8074989293841492,4.210939446226973,0.0019127080772174936,0.19953978403841344,-17.22956040189969,-2.4092442989349365,4.777564510527558,1241.45263671875,1248.253662109375,0.3091463148593902,1,with_flow
17490,0,4.420841383377495,17490,Rickshaw,12753,424.98202053161197,-2.3749811982320375,4.842517400809448,0.6424097657983853,2.312675156874187,4.2110006018676085,0.0017142637928041667,-0.3747471880367206,-17.237335597198122,-2.3774406909942627,4.735647279292296,1245.915771484375,1249.58447265625,0.3331080079078674,1,with_flow
17490,0,4.420841383377495,17490,Rickshaw,12754,425.0153446138304,-2.3512353257091525,4.8204567958020865,0.782738406926351,2.8178582649348636,4.211053698762124,0.0014327943738997374,-0.9493025504048715,-17.245608189912804,-2.3578426837921143,4.748998304712359,1242.8326416015625,1250.2671508789062,0.3131385892629623,1,with_flow
17490,0,4.420841383377495,17490,Rickshaw,12755,425.0486686960488,-2.322813102393317,4.779245028416139,0.9230686461577755,3.323047126167992,4.211096094982644,0.0010772916172652742,-1.5241365178093442,-17.253986824723505,-2.338244676589966,4.762349330132421,1239.74951171875,1250.9498291015625,0.2931691706180572,1,with_flow
17490,0,4.420841383377495,17490,Rickshaw,12756,425.08199277826725,-2.28971448141847,4.718872834745943,1.0634000872602214,3.828240314136797,4.211125498270978,0.0006601448382476205,-2.0992454466402037,-17.26203597621068,-2.2817206382751465,4.762349330132421,1234.310302734375,1253.8123168945312,0.29090413451194763,1,with_flow
17490,0,4.420841383377495,17490,Rickshaw,12757,425.1153168604857,-2.2519394302936533,4.639331317752115,1.2037322665056518,4.333436159420347,4.211140092424376,0.00018337273186813286,-2.6746109048358537,-17.26930981351267,-2.225196599960327,4.762349330132421,1228.87109375,1256.6748046875,0.288639098405838,1,with_flow
17490,0,4.420841383377495,17490,Rickshaw,12758,425.1486409427041,-2.209487933006345,4.540612438659384,1.344064656724441,4.838632764207988,4.211137719726965,-0.00037004092078800257,-3.250199980884398,-17.275392703240776,-2.2239930629730225,4.748998304712359,1239.5933024088542,1256.867431640625,0.2904573976993561,1,with_flow
17490,0,4.420841383377495,17490,Rickshaw,12759,425.18196502492253,-2.162359992476482,4.422709473832406,1.4843966441581729,5.343827918969422,4.211115429876239,-0.001001132244829227,-3.825967101211552,-17.279949235820503,-2.2227895259857178,4.765827028206398,1250.3155110677083,1257.06005859375,0.29227569699287415,1,with_flow
17490,0,4.420841383377495,17490,Rickshaw,12760,425.21528910714096,-2.110555633676299,4.285617381874047,1.6247275230581133,5.849019083009208,4.211070996100489,-0.0016555710890353056,-4.401857652538427,-17.282784155445228,-2.221585988998413,4.704212105618621,1261.0377197265625,1257.252685546875,0.2940939962863922,1,with_flow
17490,0,4.420841383377495,17490,Rickshaw,12761,425.2486131893594,-2.0540749059019694,4.129333013038979,1.7650565554037978,6.3542035994536725,4.21100508910206,-0.0022224907126701006,-4.977813918604876,-17.283917821515928,-2.118831157684326,4.374241844106133,1311.0810791015624,1257.2210205078125,0.2981385290622711,1,with_flow
17490,0,4.420841383377495,17490,Rickshaw,12762,425.2819372715778,-1.9929178818516096,3.9538550832425017,1.905383100080003,6.859379160288011,4.210922871174011,-0.002587951300426114,-5.5537830149020095,-17.283614564919024,-2.0160763263702393,4.0442715825936455,1361.1244384765625,1257.18935546875,0.30218306183815,1,with_flow
17490,0,4.420841383377495,17490,Rickshaw,12763,425.31526135379625,-1.9270846520508107,3.7591838893154117,2.0457067454662834,7.364544283678621,4.210832606898235,-0.0026884035618182666,-6.129723835120941,-17.282299248038935,-1.9133214950561523,3.7143013210811584,1411.1677978515625,1257.1576904296876,0.3062275946140289,1,with_flow
17490,0,4.420841383377495,17490,Rickshaw,12764,425.3485854360147,-1.8565753158570895,3.545320846447114,2.1860273793934364,7.869698565816371,4.2107436940113505,-0.00251606731830481,-6.705610700690659,-17.280457304589422,-1.8105666637420652,3.3843310595686713,1461.2111572265626,1257.126025390625,0.3102721273899078,1,with_flow
17490,1,4.420841383377495,17490,Rickshaw,12765,425.3819095182331,-1.7813899711854968,3.312267957215384,2.3263451971685924,8.374842709806932,4.21066491562987,-0.0021122889454835486,-7.281433886151951,-17.27854719781278,-1.7078118324279783,3.0543607980561838,1511.2545166015625,1257.0943603515625,0.3143166601657867,1,with_flow
17490,1,4.420841383377495,17490,Rickshaw,12766,425.41523360045153,-1.7015287048962715,3.0600273094175705,2.466660655045621,8.879978358164236,4.210602913830374,-0.0015608515912666433,-7.857197434185289,-17.27692529618897,-1.605457067489624,2.747814101506268,1557.484130859375,1257.9461669921875,0.3075025975704193,1,with_flow
17490,1,4.420841383377495,17490,Rickshaw,12767,425.44855768266996,-1.616991585539448,2.788600685988183,2.6069743765434183,9.385107755556307,4.210560887736354,-0.0009761947894943583,-8.43291469511831,-17.27578569134527,-1.5445066690444946,2.625513258825904,1585.58544921875,1258.7283935546875,0.4035435318946838,1,with_flow
17490,1,4.420841383377495,17490,Rickshaw,12768,425.4818817648884,-1.5277786598828222,2.497989351749934,2.7472870219990417,9.89023327919655,4.210537852239521,-0.0004744191513092738,-9.008602401656514,-17.275142403213327,-1.4633649587631226,2.374807831928028,1629.1346435546875,1258.0521240234375,0.4108888804912567,1,with_flow
17490,1,4.420841383377495,17490,Rickshaw,12769,425.5152058471068,-1.4338899539295658,2.1881940307876224,2.8875991576296522,10.395356967466748,4.210529268570745,-0.0001470668415484188,-9.584275629435531,-17.274892152393736,-1.4411406517028809,2.139118893612186,1656.60498046875,1255.333740234375,0.309121161699295,1,with_flow
17490,1,4.420841383377495,17490,Rickshaw,12770,425.54852992932524,-1.3353254778884922,1.8592150178911655,3.027911150715397,10.90048014257543,4.210528050504482,7.396257691993924e-05,-10.159944643436294,-17.274855646258636,-1.4897148609161377,2.197745041908943,1642.253173828125,1253.198974609375,0.2994340658187866,1,with_flow
1754,1,4.420841383377495,1754,Rickshaw,1260,41.98834359521925,-16.411306502115742,0.6550512259311547,-1.859875067638809,-6.695550243499713,10.056636663961593,0.0026211155401654196,-0.292083763478044,0.4580689371892315,-16.327871322631836,0.6759665741974972,46.187255859375,80.15130615234375,0.4031234383583069,1,with_flow
1754,1,4.420841383377495,1754,Rickshaw,1261,42.02166767743768,-16.467701196699206,0.6455721445494766,-1.524745492728488,-5.489083773822557,10.056719387645135,0.0023436833701009174,-0.2768190100981758,0.45806828300980595,-16.23165512084961,0.7026996706334203,43.6611328125,81.45654296875,0.4483399391174316,1,with_flow
1754,1,4.420841383377495,1754,Rickshaw,1262,42.054991759656104,-16.51292796094678,0.6366017426171893,-1.1896132777197201,-4.282607799790993,10.056792866156231,0.0018186174176135993,-0.2615547042946204,0.4580344840114092,-16.602462768554688,0.6349391984394881,40.1297607421875,73.3846435546875,0.4080622792243957,1,with_flow
1754,1,4.420841383377495,1754,Rickshaw,1263,42.08831584187453,-16.546986714883392,0.6281399770274534,-0.8544789960654171,-3.076124385835502,10.056840595157832,0.0008502920204369692,-0.24629286196710543,0.4579098516765381,-16.864238739013672,0.5816940502097185,37.44775390625,69.2684326171875,0.5703032612800598,1,with_flow
1754,1,4.420841383377495,1754,Rickshaw,1264,42.12163992409296,-16.569877406779323,0.6201867038191916,-0.5193437498229305,-1.86963749936255,10.056849536558628,-0.0003455037986277992,-0.23103752172564362,0.4576362627502648,-16.594894409179688,0.5931064112247952,42.7926025390625,71.2978515625,0.5567970871925354,1,with_flow
1754,1,4.420841383377495,1754,Rickshaw,1265,42.15496400631139,-16.581600026816254,0.6127416160127682,-0.18420888941360536,-0.6631520018889793,10.056817567963847,-0.001541269188221673,-0.21579429646076342,0.4571787279228601,-16.70256233215332,0.537256981016146,43.773193359375,68.209228515625,0.6257709264755249,1,with_flow
1754,0,4.420841383377495,1754,Rickshaw,1266,42.188288088529816,-16.582154610326562,0.6058042043848935,0.15092424767676138,0.543327291636341,10.05674681379633,-0.002596718246808781,-0.20056957742427495,0.45652708759016414,-16.720088958740234,0.5532092725572111,41.13720703125,68.33154296875,0.578780472278595,1,with_flow
1754,0,4.420841383377495,1754,Rickshaw,1267,42.221612170748244,-16.57154123521848,0.5993737482520509,0.4860544723610396,1.7497961004997427,10.056644501459138,-0.0033520673512308814,-0.1853694316705559,0.45571233431377856,-16.60183334350586,0.5852259745910207,40.8297119140625,70.92901611328125,0.5774655938148499,1,with_flow
1754,0,4.420841383377495,1754,Rickshaw,1268,42.25493625296667,-16.549760013895757,0.593449348850742,0.8211809347710199,2.956251365175672,10.056523404660302,-0.0036990683123910174,-0.17019829929243807,0.4547978131286179,-16.502105712890625,0.5739427632544605,41.950439453125,71.61016845703125,0.5771702527999878,1,with_flow
1754,0,4.420841383377495,1754,Rickshaw,1269,42.2882603351851,-16.51681107947648,0.5880299977351673,1.1563032507052307,4.16269170253883,10.05639796534599,-0.0036453064882254705,-0.1550582485078772,0.45386074692233347,-16.401609420776367,0.6338392973312419,36.9488525390625,73.4456787109375,0.532081127166748,1,with_flow
1754,0,4.420841383377495,1754,Rickshaw,1270,42.32158441740353,-16.472694570105276,0.583114662168219,1.491421490570119,5.3691173660524285,10.056280451674052,-0.0032935453780463747,-0.13994863698010818,0.45298335843552895,-16.388574600219727,0.6208753661399198,36.9468994140625,71.75347900390625,0.5681071877479553,1,with_flow
1754,0,4.420841383377495,1754,Rickshaw,1271,42.354908499621956,-16.417410615586846,0.5787023733809505,1.8265360580954717,6.575529809143698,10.056178456592054,-0.0027692715447713745,-0.12486639296361834,0.45222614214623835,-16.401609420776367,0.6071331662128112,36.3721923828125,70.10906982421875,0.5427955985069275,1,with_flow
1754,1,4.420841383377495,1754,Rickshaw,1272,42.388232581840384,-16.350959328844763,0.574792293801673,2.1616475420521466,7.781931151387728,10.056095884808766,-0.002148304759176846,-0.1098068491883818,0.4516252986507059,-16.32526969909668,0.6186714836451226,35.798828125,69.50140380859375,0.4580809473991394,1,with_flow
1754,1,4.420841383377495,1754,Rickshaw,1273,42.42155666405881,-16.273340801336627,0.5713837576591253,2.4967566347473964,8.988323885090628,10.056035276023204,-0.0014800608324300557,-0.09476447756188777,0.451195961136694,-16.14746856689453,0.5993699932294481,41.4361572265625,71.18157958984375,0.3529846370220184,1,with_flow
1754,1,4.420841383377495,1754,Rickshaw,1274,42.45488074627724,-16.184555100282328,0.5684762871988248,2.8318640882243398,10.194710717607624,10.05599724147103,-0.0008602349018979932,-0.07973366282732774,0.4509282516977722,-16.149768829345703,0.5918092375306829,39.8525390625,70.440673828125,0.297174870967865,1,with_flow
1754,1,4.420841383377495,1754,Rickshaw,1275,42.48820482849567,-16.08460226830082,0.5660695824103584,3.1669706013559913,11.401094164881568,10.055977942946008,-0.0003898241348571385,-0.06470945926597488,0.45079297262688844,-16.06039810180664,0.577955805668918,39.692626953125,71.0606689453125,0.3133423924446106,1,with_flow
1754,1,4.420841383377495,1754,Rickshaw,1276,42.521528910714096,-15.973482327392459,0.5641634889900887,3.502076700408231,12.607476121469633,10.055971260407988,-0.00011391382533180249,-0.049688147949874306,0.45074656184040607,-16.013442993164062,0.5412521056867435,39.5504150390625,69.00592041015625,0.3513644188642502,1,with_flow
1754,1,4.420841383377495,1754,Rickshaw,1277,42.554852992932524,-15.851195285630164,0.5627579507502269,3.837182690742295,13.81385768667226,10.055970350798646,5.9322113770576834e-05,-0.03466758934875863,0.450740284685166,-15.966487884521484,0.504548405704569,39.408203125,66.951171875,0.3893864452838897,1,with_flow
17688,1,2.6910291214624382,17688,Bike,12918,430.4804940976526,-0.1828150029296347,5.223068038623894,2.9712161885572916,10.69637827880625,-4.092359629015888,-0.0010192884855868556,1.8997535454256937,0.6108982321039811,-0.1852068454027176,5.184341292197045,44.4520263671875,93.5611572265625,0.5153500437736511,1,with_flow
17688,1,2.6910291214624382,17688,Bike,12919,430.513818179871,-0.08607422805542975,5.286714782897603,2.8348414880119384,10.205429356842979,-4.092394033131375,-0.0010455315002100046,1.9201113197938637,0.6109114101704789,-0.0550405643880367,5.277016830737013,40.4354248046875,99.1087646484375,0.2917108535766601,1,with_flow
17688,1,2.6910291214624382,17688,Bike,12920,430.54714226208944,0.00612196587797117,5.351039945552122,2.698465630217511,9.71447626878304,-4.092429311771238,-0.001103223040148316,1.9404702290712526,0.6109752208346181,-0.0219064373522996,5.371654450931367,40.6087646484375,93.051513671875,0.5596294403076172,1,with_flow
17688,1,2.6910291214624382,17688,Bike,12921,430.58046634430787,0.09377353945331776,5.4160436024856455,2.5620885516409797,9.223518785907528,-4.092467560921965,-0.001176415926689807,1.9608328554411703,0.6111427843002564,0.0264990255236625,5.444718397904497,42.3392333984375,97.724365234375,0.6490030884742737,1,with_flow
17688,1,2.6910291214624382,17688,Bike,12922,430.6137904265263,0.17688045026256505,5.481725943712198,2.4257101540964365,8.732556554747172,-4.092507717733366,-0.0011080893080627156,1.981203403485786,0.6114562823179108,0.130866527557373,5.508603492725906,46.4296875,95.087646484375,0.5521517992019653,1,with_flow
17688,1,2.6910291214624382,17688,Bike,12923,430.6471145087447,0.2554426545030461,5.548087319647398,2.2893304933641763,8.241589776111034,-4.092541413040379,-0.0006869261662627175,2.0015871976587745,0.6119404063868039,0.1884646266698837,5.55737736554725,52.826171875,95.9566650390625,0.741485595703125,1,with_flow
17688,0,2.6910291214624382,17688,Bike,12924,430.68043859096315,0.32946011614148407,5.615128268671363,2.1529500171000975,7.750620061560351,-4.0925535001014515,0.0002941991836682784,2.021990106432403,0.6126041603832251,0.3133651614189148,5.635959268015684,54.6561279296875,96.60791015625,0.7548964619636536,1,with_flow
17688,0,2.6910291214624382,17688,Bike,12925,430.7137626731816,0.39893282384735074,5.682849527911586,2.0165698001022885,7.259651280368239,-4.092521805204809,0.001974800263040215,2.042418140401546,0.6134473961757863,0.4236169457435608,5.691539754663027,57.762451171875,98.4842529296875,0.8589317798614502,1,with_flow
17688,0,2.6910291214624382,17688,Bike,12926,430.7470867554,0.4638608151119708,5.751252032703612,1.8801917101925598,6.768690156693215,-4.09242188328879,0.004347418929409747,2.0628771226635427,0.614459041262629,0.5112379193305969,5.747688641818566,62.61181640625,101.776611328125,0.8780186772346497,1,with_flow
17688,0,2.6910291214624382,17688,Bike,12927,430.78041083761843,0.524244202921946,5.820336904880917,1.7438183949335853,6.277746221760907,-4.092232057713126,0.007290026445941401,2.0833723919348057,0.615622412531895,0.561998188495636,5.794579200097146,64.3958740234375,102.7874755859375,0.8770728707313538,1,with_flow
17688,0,2.6910291214624382,17688,Bike,12928,430.81373491983686,0.5800831995794798,5.890105435040938,1.6074531371759586,5.786831293833451,-4.091936016407472,0.010640811881752804,2.1039087563117675,0.6169242044453229,0.6362320184707642,5.879849920530953,66.3316650390625,103.624755859375,0.8996270298957825,1,with_flow
17688,0,2.6910291214624382,17688,Bike,12929,430.8470590020553,0.63137813485928,5.960559068813034,1.4710996746055676,5.295958828580043,-4.091522867133089,0.014203773974338056,2.124490784438064,0.6183637122136922,0.7279953956604004,5.970918184225644,69.1824951171875,104.735107421875,0.8817358016967773,1,with_flow
17688,0,2.6910291214624382,17688,Bike,12930,430.8803830842737,0.67812946789388,6.031699405342715,1.3347619909709492,4.805143167495417,-4.090989360944007,0.017696807813128823,2.1451231552939873,0.6199463152934277,0.7595686316490173,6.072476666038531,72.1671142578125,103.0084228515625,0.871649980545044,1,with_flow
17688,0,2.6910291214624382,17688,Bike,12931,430.91370716649215,0.7203377903950245,6.103528202003069,1.1984439968519438,4.314398388666998,-4.090343407375952,0.02078546023673065,2.165810643679131,0.6216696333679668,0.8207869529724121,6.133143663101298,72.989013671875,102.716552734375,0.8666090965270996,1,with_flow
17688,0,2.6910291214624382,17688,Bike,12932,430.9470312487106,0.7580038179434103,6.176047370237781,1.0621491544448074,3.823736956001307,-4.089604048172253,0.023125363825182276,2.1865575974727904,0.6235093861488968,0.8298578858375549,6.20270353802764,72.25439453125,105.836181640625,0.8660673499107361,1,with_flow
17688,0,2.6910291214624382,17688,Bike,12933,430.980355330929,0.7911283687148807,6.249258948968254,0.9258800927640436,3.333168333950557,-4.0888021443250695,0.024393082047013223,2.2073672087352088,0.6254212469191763,0.8605697154998779,6.2787982447642,73.20947265625,106.795654296875,0.848304808139801,1,with_flow
17688,0,2.6910291214624382,17688,Bike,12934,431.01367941314743,0.8197123294603024,6.3231650555603585,0.7896382446678435,2.842697680804237,-4.087978294028862,0.02432646559233728,2.2282408944405354,0.6273430117699008,0.8333461284637451,6.345721195485225,74.67236328125,108.032958984375,0.8485105037689209,1,with_flow
17688,0,2.6910291214624382,17688,Bike,12935,431.04700349536586,0.8437566105441061,6.397767816668759,0.6534235509155684,2.352324783296046,-4.087180830046104,0.022778526985950613,2.249177694263793,0.6291944281323303,0.8166159391403198,6.405045603582313,76.5810546875,104.6173095703125,0.8529491424560547,1,with_flow
17688,0,2.6910291214624382,17688,Bike,12936,431.0803275775843,0.8632620928499047,6.473069279525609,0.5172342901340169,1.862043444482461,-4.086460147016673,0.019784311137568778,2.2701737252702823,0.6308815436207694,0.751660168170929,6.450445263649006,75.1058349609375,103.5211181640625,0.8518833518028259,1,with_flow
17688,1,2.6910291214624382,17688,Bike,12937,431.1136516598027,0.8782295723690117,6.549071308559642,0.38106711265179444,1.37184160554646,-4.085862242024137,0.015620011189579276,2.2912218808740916,0.6323072739039831,0.6937897801399231,6.501465063572027,76.4766845703125,99.4019775390625,0.8265313506126404,1,with_flow
17688,1,2.6910291214624382,17688,Bike,12938,431.14697574202114,0.8886597100540912,6.625775479257959,0.2449173415225646,0.8817024294812327,-4.085419101942405,0.010849947073836488,2.31231200499953,0.6333886424028381,0.6296172142028809,6.502068944761136,68.7337646484375,94.9324951171875,0.7951934933662415,1,with_flow
17688,1,2.6910291214624382,17688,Bike,12939,431.18029982423957,0.8945529971748798,6.703182987852368,0.10877960094805372,0.39160656341299344,-4.085139112967429,0.006290286007297564,2.333431690718961,0.6340789873168526,0.6688612103462219,6.502068944761136,76.157958984375,92.2022705078125,0.8592726588249207,1,with_flow
17688,1,2.6910291214624382,17688,Bike,12940,431.213623906458,0.8959097467576431,6.781294603760074,-0.02735125853620768,-0.09846453073034765,-4.084999865926235,0.0027858830016774245,2.354568174227961,0.6344118288216036,0.8595194220542908,6.803660409414997,81.34375,96.90576171875,0.7632413506507874,1,with_flow
17688,1,2.6910291214624382,17688,Bike,12941,431.2469479886764,0.8927301180193912,6.860110709633094,-0.16347917504061715,-0.5885250301462218,-4.084953438979031,0.0007891065855835815,2.3757115675068206,0.6345183657081888,1.0462132692337036,6.949383113985249,86.2860107421875,105.7255859375,0.869421660900116,1,with_flow
17688,1,2.6910291214624382,17688,Bike,12942,431.28027207089485,0.8850141675304908,6.939631436411742,-0.2996063452034331,-1.0785828427323592,-4.084947273420761,-0.0004190703919562111,2.3968566557058653,0.6345322099937718,1.1745790243148804,7.068012770611735,85.613525390625,109.6541748046875,0.7999705672264099,1,with_flow
17837,1,4.420841383377495,17837,Rickshaw,13033,434.3127635527718,-0.4996743325229802,5.235784672800482,5.254887465716359,18.917594876578892,-10.381228408369473,-0.002644529753212055,5.860773724385595,-9.558625878289696,-0.5258108377456665,5.154015954222272,100.188232421875,203.3106689453125,0.5223501920700073,1,with_flow
17837,1,4.420841383377495,17837,Rickshaw,13034,434.3460876349902,-0.3303241949139737,5.42578216389976,4.908941111003657,17.67218799961317,-10.381315211625433,-0.0025651114539734696,5.542240100756513,-9.558688689521118,-0.5370467305183411,5.222812994509024,99.5528564453125,204.1512451171875,0.4599491655826568,1,with_flow
17837,1,4.420841383377495,17837,Rickshaw,13035,434.37941171720865,-0.17250245010581433,5.605164795062316,4.562991887289797,16.42677079424327,-10.381399368339457,-0.0022987681884237806,5.223706008446925,-9.558625427680699,-0.4043240249156952,5.7370884335895465,98.8590087890625,210.0516357421875,0.3484316170215606,1,with_flow
17837,1,4.420841383377495,17837,Rickshaw,13036,434.4127357994271,-0.026209190408499478,5.7739326564799125,4.2170400615227885,15.181344221482039,-10.381468420305657,-0.0015700714741032223,4.905178934376348,-9.558235068365168,0.3601549863815307,6.097401844378625,98.4202880859375,217.02294921875,0.5027307868003845,1,with_flow
17837,1,4.420841383377495,17837,Rickshaw,13045,434.71265253939293,0.10855550937544356,5.93208619454347,3.87108645307408,13.935911231066688,-10.38150401072124,-0.00047631615907106205,4.586672372698782,-9.55738648666874,0.3644755780696869,6.097401844378625,113.4906005859375,152.3104248046875,0.6839154958724976,1,with_flow
17837,1,4.420841383377495,17837,Rickshaw,13046,434.74597662161136,0.23179161023777217,6.079626347223042,3.525132318769075,12.69047634756867,-10.38150016590335,0.0006114983135883701,4.268201358286044,-9.556120139209145,0.3862567245960235,6.157305297188184,112.355712890625,149.2596435546875,0.3896853327751159,1,with_flow
17837,0,4.420841383377495,17837,Rickshaw,13047,434.7793007038298,0.3434991158290528,6.216554506094524,3.179178893593595,11.445044016936942,-10.381463255481084,0.001402764169257055,3.9497774480868624,-9.55459105001934,0.3601549863815307,6.1857061630303365,110.1993408203125,147.739501953125,0.4197724163532257,1,with_flow
17837,0,4.420841383377495,17837,Rickshaw,13048,434.8126247860482,0.44367806585828734,6.342872349981005,2.833227067491448,10.199617442969213,-10.381406674246332,0.0017730597197005262,3.631406056884072,-9.553002250438794,0.3832210302352905,6.241747188915905,107.8966064453125,144.167724609375,0.6526868343353271,1,with_flow
17837,0,4.420841383377495,17837,Rickshaw,13049,434.84594886826665,0.5323285217792534,6.45858162563168,2.487277248794819,8.954198095661349,-10.381345084305329,0.0017456243330364997,3.3130859368304755,-9.55154093703555,0.4005517363548279,6.314139131792577,104.5758056640625,144.7318115234375,0.8583679795265198,1,with_flow
17837,0,4.420841383377495,17837,Rickshaw,13050,434.8792729504851,0.6094505508701751,6.563683944116655,2.1413293944016907,7.708785819846087,-10.381290331588739,0.0014420544958849725,2.99481054163544,-9.550331783277244,0.526762068271637,6.501560151796869,113.90087890625,144.0533447265625,0.8991740942001343,1,with_flow
17837,1,4.420841383377495,17837,Rickshaw,13051,434.9125970327035,0.6750442133410977,6.658180644380533,1.7953831531030204,6.4633793511708735,-10.38124897402016,0.0010118821322892592,2.676570536871645,-9.549419553216058,0.5446377396583557,6.595549894757785,115.9141845703125,146.31201171875,0.8954985737800598,1,with_flow
17837,1,4.420841383377495,17837,Rickshaw,13052,434.94592111492193,0.7291095549314699,6.742072739851493,1.4494380331884602,5.217976919478457,-10.381222891501995,0.0005983267802458385,2.3583559884501315,-9.548799883673942,0.716495931148529,6.713785715826157,116.435791015625,154.028076171875,0.8910802602767944,1,with_flow
17837,1,4.420841383377495,17837,Rickshaw,13053,434.97924519714036,0.7716466049166378,6.8153609226123075,1.1034935660065976,3.972576837623752,-10.381209096638523,0.0002931593400215156,2.040157750665487,-9.548431646119209,0.7941892743110657,6.813983158719291,121.6302490234375,179.04345703125,0.85233473777771,1,with_flow
17837,1,4.420841383377495,17837,Rickshaw,13054,435.0125692793588,0.8026553790180381,6.878045607270152,0.7575494133233271,2.7271778879639776,-10.381203352970095,0.00010653351523405002,1.721968421724935,-9.54825460794568,0.797641932964325,6.840564575244319,115.9771728515625,160.944091796875,0.8551534414291382,1,with_flow
17837,1,4.420841383377495,17837,Rickshaw,13055,435.0458933615772,0.8221358839450146,6.930126996566139,0.4116053690438408,1.481779328557827,-10.381201996375282,2.2211557334518422e-05,1.4037827268457062,-9.548200850005596,0.8842738270759583,7.006216778282374,128.875244140625,175.260009765625,0.8542525768280029,1,with_flow
17837,1,4.420841383377495,17837,Rickshaw,13056,435.07921744379564,0.8300881215155688,6.971605157687401,0.06566134328378107,0.23638083582161185,-10.38120187261057,-1.4783613096369663e-05,1.0855978593248732,-9.548194342487035,0.8457752466201782,7.031950916147244,126.0797119140625,198.69189453125,0.8341012597084045,1,with_flow
1791,1,2.0951912688858583,1791,Car,1445,48.153298805628424,-24.728988141699116,2.090891717378015,4.89775279071747,17.63191004658289,-12.754382601911047,-0.005401633467670308,0.7036061450893649,-2.8881653157714267,-25.309764862060547,2.012869405953217,45.1400146484375,79.7716064453125,0.3267785310745239,1,opposing
1791,1,2.0951912688858583,1791,Car,1446,48.18662288784685,-24.572856878062197,2.112735097093172,4.472723258137364,16.101803729294513,-12.754448739267342,0.0014322904644752939,0.6073604248395101,-2.8881726473872744,-24.125789642333984,2.162663873464836,44.589396158854164,83.19927978515625,0.3286340534687042,1,opposing
1791,1,2.0951912688858583,1791,Car,1447,48.21994697006528,-24.43088933737966,2.1313711861226485,4.047694767127917,14.571701161660501,-12.75428714238065,0.01080832227400783,0.5111158140553349,-2.888084594015431,-24.520448048909504,2.112732384294296,44.038777669270836,86.626953125,0.3304895758628845,1,opposing
1791,1,2.0951912688858583,1791,Car,1448,48.25327105228371,-24.303085325217832,2.146800089013605,3.622677834337402,13.041640203614648,-12.753728384427138,0.02512831479138894,0.414876786672439,-2.887825102094841,-24.125789642333984,2.162663873464836,43.4881591796875,90.05462646484375,0.3323450982570648,1,opposing
1791,1,2.0951912688858583,1791,Car,1449,48.286595134502136,-24.18944420591823,2.1590221011936412,3.1976883877123052,11.511678195764299,-12.752612386324412,0.04380806361591314,0.3186503361822311,-2.887317173125064,-23.96669292449951,2.178364784381645,43.85418701171875,91.23651123046875,0.3728877753019333,1,opposing
1791,1,2.0951912688858583,1791,Car,1450,48.319919216720564,-24.08996472803628,2.168037793214214,2.77274728807465,9.981890237068741,-12.750808657399604,0.06569178847704711,0.22244594082265368,-2.886490727335663,-23.80759620666504,2.1940656952984545,44.22021484375,92.41839599609376,0.4134304523468017,1,opposing
1791,0,2.0951912688858583,1791,Car,1451,48.35324329893899,-24.00464488077809,2.1738480881605766,2.3478789849911763,8.452364345968235,-12.748234149203842,0.08920230237891422,0.1262752090177788,-2.885288545883384,-23.714893341064453,2.216029656009703,44.1956787109375,96.71697998046876,0.291331797838211,1,opposing
1791,0,2.0951912688858583,1791,Car,1452,48.38656738115742,-23.933481802808842,2.1764543247552055,1.9231097541749385,6.923195115029778,-12.744863487682508,0.11257603380191883,0.03015137886288083,-2.883671271634774,-23.670530319213867,2.2417783409537457,49.36328125,109.2200927734375,0.3663760721683502,1,opposing
1791,0,2.0951912688858583,1791,Car,1453,48.41989146337585,-23.876471754254222,2.175858300111302,1.4984657137608717,5.394476569539139,-12.740731163191363,0.13410232226573154,-0.06591143200840459,-2.8816275935641724,-23.676448822021484,2.229983498198446,46.9111328125,104.6650390625,0.3069287836551666,1,opposing
1791,0,2.0951912688858583,1791,Car,1454,48.453215545594276,-23.83361015447532,2.1720622811554082,1.0739709040516934,3.8662952545860962,-12.735925814056777,0.15232234467859992,-0.161899360839338,-2.879184763539336,-23.670178095499672,2.2138796450154223,48.760172526041664,103.99019368489583,0.29941819111506146,1,opposing
1791,0,2.0951912688858583,1791,Car,1455,48.486539627812704,-23.804891679395503,2.1650689748359233,0.64964566463793,2.338724392696548,-12.730579158515816,0.1660654766524343,-0.2578000556512969,-2.8764049340986935,-23.663907368977863,2.1977757918323984,50.609212239583336,103.31534830729167,0.29190759857495624,1,opposing
1791,0,2.0951912688858583,1791,Car,1456,48.51986371003113,-23.79031040703537,2.1548814598142134,0.22550534627197294,0.8118192465791026,-12.724857854861561,0.17435421119444267,-0.35360371145062475,-2.873377659375727,-23.65763664245605,2.181671938649375,52.458251953125,102.6405029296875,0.2843970060348511,1,opposing
1791,0,2.0951912688858583,1791,Car,1457,48.55318779224956,-23.789860002148092,2.141503087560772,-0.19844076637291508,-0.7143867589424943,-12.71895877037787,0.17642487346859478,-0.44930387939564465,-2.8702140000307472,-23.8725414276123,2.1262861522385323,51.376678466796875,97.04795837402344,0.30619701743125916,1,opposing
1791,0,2.0951912688858583,1791,Car,1458,48.58651187446799,-23.803533934245923,2.124937359612442,-0.6221903592084379,-2.2398852931503765,-12.713099460883875,0.17222105447468583,-0.5448980786665631,-2.8670384588269524,-24.08744621276855,2.07090036582769,50.29510498046875,91.45541381835938,0.32799702882766724,1,opposing
1791,0,2.0951912688858583,1791,Car,1459,48.619835956686416,-23.83132571542605,2.1051877915928547,-1.045748207827505,-3.7646935481790185,-12.707480553219753,0.16288708514645475,-0.6403878916761536,-2.8639660365312656,-24.3023509979248,2.015514579416847,49.213531494140625,85.86286926269531,0.3497970402240753,1,opposing
1791,0,2.0951912688858583,1791,Car,1460,48.65316003890484,-23.873229119240953,2.0822577878291377,-1.469124898466461,-5.28884963447926,-12.702243335648394,0.1507952950310781,-0.735778223185813,-2.8610771140536855,-24.51725578308105,1.9601287930060045,48.1319580078125,80.27032470703125,0.3715970516204834,1,opposing
1791,0,2.0951912688858583,1791,Car,1461,48.68648412112327,-23.929238333948916,2.0561505542231444,-1.8923341852853088,-6.812403067027112,-12.697430323600218,0.13886567378524192,-0.8310757567224689,-2.858394394616528,-23.61062431335449,2.119389506184722,47.1751708984375,90.324951171875,0.5053870677947998,1,opposing
1791,0,2.0951912688858583,1791,Car,1462,48.7198082033417,-23.999348008540466,2.0268690736977835,-2.315389411286625,-8.33540188063185,-12.69298819338732,0.1284371056220592,-0.9262868697451724,-2.8558850506421236,-24.44173622131348,1.943822226866042,48.5208740234375,79.44635009765625,0.4236713051795959,1,opposing
1791,0,2.0951912688858583,1791,Car,1463,48.75313228556013,-24.08355320672067,1.994416134842779,-2.738302193557248,-9.857887896806092,-12.688870226264925,0.11988311959361586,-1.021416896503431,-2.8535214070113493,-23.52941131591797,2.102000779276968,49.283935546875,90.16015625,0.4793944060802459,1,opposing
1791,0,2.0951912688858583,1791,Car,1464,48.786456367778555,-24.18184934697574,1.9587943674036326,-3.161081998549209,-11.379895194777152,-12.684998203519442,0.11229126872121624,-1.1164699192223506,-2.851258387583264,-23.32790184020996,2.1044038857950818,48.8089599609375,89.4827880859375,0.4921356737613678,1,opposing
1791,0,2.0951912688858583,1791,Car,1465,48.81978044999698,-24.294232130360363,1.920006283855206,-3.5837368449259612,-12.90145264173346,-12.68138621932237,0.10230177650595812,-1.2114491982215982,-2.849104069315069,-24.51725578308105,1.943822226866042,48.8043212890625,91.4620361328125,0.5311816334724426,1,opposing
1791,0,2.0951912688858583,1791,Car,1466,48.85310453221541,-24.420697560670042,1.8780542681986998,-4.00627764133795,-14.422599508816619,-12.67817997789669,0.08801137290912137,-1.3063596208521495,-2.8471435075373672,-24.51808357238769,1.8511089014009043,46.125244140625,72.48828125,0.5058690905570984,1,opposing
1791,0,2.0951912688858583,1791,Car,1467,48.88642861443384,-24.561242090271193,1.832940487418479,-4.428720350959621,-15.943393263454634,-12.67552042286841,0.07010980036911248,-1.4012094482612447,-2.845484826972341,-25.121898651123047,1.7041170528744596,45.9251708984375,63.7615966796875,0.6044946908950806,1,opposing
1791,1,2.0951912688858583,1791,Car,1468,48.91975269665227,-24.71586277557456,1.7846667751809537,-4.851085045948963,-17.46390616541627,-12.673507288393054,0.050671539365349495,-1.4960102995468958,-2.844213205773407,-25.13886604309082,1.686795348972947,44.6869140625,62.8581787109375,0.5562332153320313,1,opposing
1791,1,2.0951912688858583,1791,Car,1469,48.953076778870695,-24.88455738107481,1.7332345422433892,-5.273393600232332,-18.984216960836395,-12.672143257780519,0.03248292874313909,-1.590775545867457,-2.8433447943567853,-25.155833435058597,1.6694736450714347,43.4486572265625,61.9547607421875,0.5079717397689819,1,opposing
1791,1,2.0951912688858583,1791,Car,1470,48.98640086108912,-25.06732438387045,1.6786447574420909,-5.695666415325804,-20.504399095172896,-12.67134236081679,0.017724532920151963,-1.685517988677182,-2.8428327586523743,-25.17280082702637,1.6521519411699221,42.210400390625,61.0513427734375,0.45971026420593264,1,opposing
1791,1,2.0951912688858583,1791,Car,1471,49.01972494330755,-25.264162881153517,1.6208979976589726,-6.117919990593997,-22.024511966138387,-12.67096195019589,0.007572858031174686,-1.7802481228863232,-2.842589350306077,-25.189768218994146,1.6348302372684098,40.9721435546875,60.1479248046875,0.4114487886428833,1,opposing
1791,1,2.0951912688858583,1791,Car,1472,49.05304902552598,-25.475072435034125,1.559994543034147,-6.540165608510945,-23.544596190639403,-12.670837643729472,0.0021113568457237167,-1.8749731695332588,-2.842510019933983,-25.20673561096192,1.6175085333668973,39.73388671875,59.2445068359375,0.363187313079834,1,opposing
1791,1,2.0951912688858583,1791,Car,1473,49.08637310774441,-25.700052893503006,1.495934490646933,-6.962409233751011,-25.064673241503638,-12.670821232137651,-0.001126387974750287,-1.9696969460445013,-2.8424995730449067,-25.232818603515625,1.592810963594848,37.810302734375,59.82952880859375,0.2887359261512756,1,opposing
18103,1,2.6910291214624382,18103,Bike,13212,440.2777742698704,-0.300791363629415,5.246468542552618,3.395308984348755,12.223112343655519,-6.915989508966834,-0.0016457993386183034,3.081644416128685,0.8497717230135459,-0.2661689519882202,5.252523097476798,50.658935546875,91.422607421875,0.48137167096138,1,with_flow
18103,1,2.6910291214624382,18103,Bike,13213,440.31109835208883,-0.19148590267012522,5.349633349035353,3.164839003790631,11.393420413646272,-6.916049071921622,-0.0019289700667087242,3.1099623812212434,0.8497770688979217,-0.2080449610948562,5.3619448077932175,55.925048828125,87.5557861328125,0.5074800848960876,1,with_flow
18103,1,2.6910291214624382,18103,Bike,13214,440.34442243430726,-0.08986067674686546,5.453741827363744,2.93436690275099,10.563720849903564,-6.9161180712810335,-0.0023088134685761252,3.1382803903573997,0.8497723967354875,-0.1199368014931678,5.445851650852799,65.3065185546875,94.130859375,0.7394854426383972,1,with_flow
18103,1,2.6910291214624382,18103,Bike,13215,440.3777465165257,0.004084236910056549,5.558793971008124,2.7038922511433094,9.734012104115914,-6.916202950101329,-0.0028151437812177927,3.166597886693558,0.849744084337644,-0.0683274492621421,5.528292432177132,65.7427978515625,97.5897216796875,0.8255997896194458,1,with_flow
18103,1,2.6910291214624382,18103,Bike,13216,440.4110705987441,0.09034874382592868,5.6647897476733435,2.4734144685104584,8.90429208663765,-6.9163056954466775,-0.003269969910227065,3.194913910367832,0.8496838745020093,0.0622125379741191,5.641634048120617,69.2318115234375,97.4110107421875,0.8686078190803528,1,with_flow
18103,1,2.6910291214624382,18103,Bike,13217,440.44439468096255,0.16893273043905882,5.771729091289271,2.242933031934526,8.074558914964294,-6.91642088759361,-0.0035112709318384848,3.2232274876422666,0.8496000147311078,0.1946026235818863,5.759583185287226,71.7244873046875,96.42919921875,0.876935601234436,1,with_flow
18103,0,2.6910291214624382,18103,Bike,13218,440.477718763181,0.23983606968702703,5.879611910887191,2.012447673014579,7.244811622852485,-6.916539715209125,-0.0035026638247938305,3.2515381791619133,0.8495153396937769,0.2106959223747253,5.879280100795519,76.319091796875,94.5484619140625,0.8854189515113831,1,with_flow
18103,0,2.6910291214624382,18103,Bike,13219,440.5110428453994,0.30305863029517166,5.988438115315477,1.7819584006931688,6.415050242495408,-6.916654333708172,-0.003223626986502203,3.2798464565176095,0.8494604560092149,0.2843109369277954,6.006693354788374,78.3702392578125,97.37158203125,0.8909012675285339,1,with_flow
18103,0,2.6910291214624382,18103,Bike,13220,440.54436692761783,0.35860028593046006,6.098207646484947,1.551465516344435,5.5852758588399665,-6.9167545640306045,-0.0026301589965419627,3.3081538299574915,0.8494654546090539,0.4346396625041961,6.131179452606055,77.2972412109375,102.1484375,0.906398355960846,1,with_flow
18103,0,2.6910291214624382,18103,Bike,13221,440.57769100983626,0.4064609263597179,6.208920511735482,1.3209696891741487,4.755490881026936,-6.916829628977468,-0.001813469322898373,3.336462652551768,0.8495490322416854,0.4346396625041961,6.260588849706972,79.73388671875,104.1754150390625,0.8989260792732239,1,with_flow
18103,0,2.6910291214624382,18103,Bike,13222,440.6110150920547,0.4466404685654457,6.3205768036704875,1.0904718445987354,3.9256986405554475,-6.916875428432238,-0.0009631577428213662,3.3647755678295623,0.8497081229409016,0.537768542766571,6.349631876135254,78.850830078125,100.871826171875,0.8852898478507996,1,with_flow
18103,1,2.6910291214624382,18103,Bike,13223,440.6443391742731,0.4791388615651576,6.433176695903841,0.8599729480481042,3.095902612973175,-6.91689382167309,-0.000294833719111479,3.3930946308333034,0.8499106848557101,0.4814499318599701,6.401307359041513,74.9625244140625,97.36962890625,0.8560760021209717,1,with_flow
18103,1,2.6910291214624382,18103,Bike,13224,440.67766325649154,0.5039560839128708,6.546720408813651,0.6294737582673636,2.266105529762509,-6.916895078558431,3.6549162745493655e-05,3.421420509392534,0.8501100081934617,0.4936056733131408,6.534952439829604,78.7266845703125,95.670166015625,0.8291522264480591,1,with_flow
18103,1,2.6910291214624382,18103,Bike,13225,440.71098733870997,0.5210921330750758,6.661208160604669,0.3989746418293024,1.4363087105854888,-6.916891385738482,4.958176824416373e-05,3.4497524760891967,0.8502712657707313,0.4119690358638763,6.620416175167568,81.806884765625,88.9541015625,0.8028449416160583,1,with_flow
18103,1,2.6910291214624382,18103,Bike,13226,440.7443114209284,0.5305470122390574,6.776640128208598,0.16847559201336615,0.6065121312481182,-6.916891774024588,-5.2515740129624886e-05,3.4780888500404377,0.8503725420987325,0.489499032497406,6.74006554656344,81.2354736328125,89.918701171875,0.7752251029014587,1,with_flow
18103,1,2.6910291214624382,18103,Bike,13227,440.7776355031468,0.5323207211529143,6.8930164241917335,-0.062023531197743814,-0.22328471231187774,-6.916894885816165,-5.7827057123088575e-05,3.506427577803273,0.8504147303911637,0.630202054977417,6.872913731258267,81.0469970703125,93.892822265625,0.7956159114837646,1,with_flow
18103,1,2.6910291214624382,18103,Bike,13228,440.81095958536525,0.526413256941834,7.010337097620009,-0.2925227236206479,-1.0530818050343325,-6.9168956280918,1.3278155165608041e-05,3.5347670265693045,0.8504210669784236,0.49155235290527344,7.069097769833999,82.045166015625,103.5850830078125,0.7202927470207214,1,with_flow
18560,1,4.420841383377495,18560,Rickshaw,13726,457.4063525301424,-23.314586761760612,2.426393040855369,6.520491498732906,23.473769395438463,-4.229481221358139,-0.0008111661403660264,0.032157686148335925,-0.08670512794881019,-23.06828117370605,2.4091609367998377,24.9632568359375,64.6802978515625,0.3814506232738495,1,with_flow
18560,1,4.420841383377495,18560,Rickshaw,13727,457.4396766123608,-23.099645781496783,2.427416523522849,6.379547289236558,22.96637024125161,-4.22952124886604,-0.0015911510570847747,0.029268336212994517,-0.08670213823064679,-22.990249633789062,2.443339121914756,24.8868408203125,65.4552001953125,0.3069180250167846,1,with_flow
18560,1,4.420841383377495,18560,Rickshaw,13728,457.47300069457924,-22.88940166350349,2.428343725913953,6.238601384723109,22.458964985003195,-4.229587268655435,-0.002772368676194501,0.02637938107811466,-0.0866785753434991,-23.002585411071777,2.434536187577291,25.9825439453125,67.412841796875,0.2984651178121567,1,with_flow
18560,1,4.420841383377495,18560,Rickshaw,13729,457.50632477679767,-22.68385448363504,2.4291746753635985,6.09765247320796,21.951548903548655,-4.2297060221494505,-0.004692183688868859,0.02349174356879813,-0.08662139316314965,-22.88004875183105,2.4257332532398257,27.0782470703125,69.3704833984375,0.2900122106075287,1,with_flow
18560,1,4.420841383377495,18560,Rickshaw,13730,457.5396488590161,-22.483004375871534,2.4299094361693854,5.956698402412321,21.444114248684354,-4.229899994085499,-0.007141692354782247,0.020606696931514124,-0.08652156261196886,-22.810251235961914,2.39985009651513,27.8675537109375,66.191650390625,0.3220550119876861,1,with_flow
18560,1,4.420841383377495,18560,Rickshaw,13731,457.5729729412345,-22.286851556842233,2.4305481202974466,5.815736417765563,20.936651103956027,-4.230182002835869,-0.009743985075494021,0.01772585034780161,-0.08636599642115739,-22.740453720092773,2.411042477308557,28.8851318359375,62.50115966796875,0.2999293506145477,1,with_flow
18560,0,4.420841383377495,18560,Rickshaw,13741,457.9062137634188,-22.09539633950929,2.431090903185307,5.674763578112245,20.429148881204082,-4.230549412805081,-0.012054461537278715,0.01485149196049168,-0.08612616671237516,-21.75077438354492,2.457350087999766,32.7105712890625,63.009033203125,0.2844686508178711,1,with_flow
18560,0,4.420841383377495,18560,Rickshaw,13742,457.93953784563723,-21.908639130090382,2.4315380548017553,5.533777310518015,19.921598317864852,-4.230985410570604,-0.013994466755653417,0.011987058192122702,-0.08576472207222974,-21.700939178466797,2.4651769488053645,32.8876953125,66.34725952148438,0.2859048694372177,1,with_flow
18560,0,4.420841383377495,18560,Rickshaw,13743,457.97286192785566,-21.726580412069584,2.4318899788258195,5.3927754969209225,19.41399178891532,-4.231482118326618,-0.015846149068950138,0.009137063788308586,-0.08525716204725953,-21.651103973388672,2.4730038096109634,33.0648193359375,69.68548583984375,0.2873410880565643,1,with_flow
18560,0,4.420841383377495,18560,Rickshaw,13744,458.0061860100741,-21.54922073726099,2.432147239182109,5.251756099650736,18.90632195874265,-4.232041527319442,-0.017805306628465016,0.006306490472197196,-0.08460076160114904,-21.65569496154785,2.4424088184612645,34.575439453125,78.0556640625,0.3119559586048126,1,with_flow
18560,0,4.420841383377495,18560,Rickshaw,13745,458.0395100922925,-21.37656072741692,2.432310562849442,5.110716941036411,18.39858098773108,-4.23266880933064,-0.019854903954993557,0.003500015403055022,-0.08381526420624519,-21.57318115234375,2.424009246954352,33.86376953125,76.90924072265625,0.3700008392333984,1,with_flow
18560,0,4.420841383377495,18560,Rickshaw,13746,458.07283417451094,-21.208601079236107,2.4323808194800702,4.969655725089577,17.890760610322477,-4.2333648202231124,-0.021789582001013857,0.0007214807040749616,-0.08292837806582709,-21.503400802612305,2.436862478421231,33.3516845703125,76.48529052734375,0.4288165867328644,1,with_flow
18560,0,4.420841383377495,18560,Rickshaw,13747,458.1061582567294,-21.045342564875465,2.4323589916272517,4.8285702710608795,17.382852975819166,-4.234121044974854,-0.02325668648144858,-0.002026166872278398,-0.08196582048970458,-21.46085929870605,2.4389036819940504,32.5106201171875,73.6202392578125,0.3662777841091156,1,with_flow
18560,0,4.420841383377495,18560,Rickshaw,13748,458.1394823389478,-20.886786022057784,2.4322461456727957,4.687458903051102,16.874852050983968,-4.234914835687984,-0.02374827883834024,-0.004740853295810338,-0.08095505251659862,-21.429458618164062,2.442301311998104,30.8739013671875,72.5050048828125,0.2816720008850097,1,with_flow
18560,0,4.420841383377495,18560,Rickshaw,13749,458.17280642116623,-20.73293232839958,2.4320434011353504,4.546321012169582,16.366755643810496,-4.235703824167964,-0.022582323962383286,-0.007421487800311932,-0.07992792584068786,-21.408763885498047,2.433222870173364,30.5211181640625,72.07806396484375,0.29519122838974,1,with_flow
18560,0,4.420841383377495,18560,Rickshaw,13774,459.0059084766269,-20.583782353804622,2.4317518951719124,4.405157813112675,15.858568127205631,-4.236419906128796,-0.019054551709383413,-0.010068132014826287,-0.07892146239257236,-20.025156021118164,2.404657373971784,37.4105224609375,86.57611083984375,0.3441140353679657,1,with_flow
18560,0,4.420841383377495,18560,Rickshaw,13775,459.03923255884536,-20.439336884852903,2.431372742038603,4.263973215748229,15.350303576693625,-4.236973775063562,-0.013091608291042535,-0.012682092526231259,-0.07797135538888922,-19.9303035736084,2.3945297684125006,34.580810546875,82.51324462890625,0.2944578230381012,1,with_flow
18560,0,4.420841383377495,18560,Rickshaw,13776,459.0725566410638,-20.299596529872414,2.4309069949194226,4.122773912067213,14.841986083441968,-4.23729243779092,-0.005295993411292056,-0.015265640712001538,-0.07709776500236942,-19.872370719909668,2.3967639868894763,33.84454345703125,81.72109985351562,0.29160045832395554,1,with_flow
18560,0,4.420841383377495,18560,Rickshaw,13777,459.1058807232822,-20.16456163821175,2.4303556241585773,3.981568620595277,14.333647034142999,-4.237326743303294,0.003670563198644215,-0.017821351274257435,-0.07629835554638376,-19.814437866210938,2.3989982053664525,33.1082763671875,80.928955078125,0.2887430936098099,1,with_flow
18560,0,4.420841383377495,18560,Rickshaw,13778,459.13920480550064,-20.034232245315977,2.4297195197666053,3.8403673497377055,13.82532245905574,-4.237047801491281,0.013254828227116303,-0.020351348219656062,-0.07554870924628154,-19.75650501251221,2.401232423843428,32.37200927734375,80.13681030273438,0.28588572889566416,1,with_flow
18560,0,4.420841383377495,18560,Rickshaw,13779,459.17252888771907,-19.908608040306593,2.4289995183693955,3.6991807840350974,13.317050822526351,-4.236443333332031,0.02300975104945737,-0.022856598870110822,-0.0748041284845059,-19.69857215881348,2.403466642320404,31.6357421875,79.34466552734375,0.2830283641815185,1,with_flow
18560,0,4.420841383377495,18560,Rickshaw,13780,459.2058529699375,-19.787688352028564,2.428196452672785,3.558019788335013,12.808871238006047,-4.2355142438196856,0.032582600400972564,-0.025336268846811866,-0.07400149287612684,-19.596885681152344,2.425318484079974,32.28961181640625,80.38937377929688,0.31786657869815826,1,with_flow
18560,0,4.420841383377495,18560,Rickshaw,13781,459.2391770521559,-19.671472149777998,2.427311221263049,3.4168950195799352,12.300822070487767,-4.234271762822726,0.041682384141971264,-0.027787157469915433,-0.0730632861379914,-19.49519920349121,2.447170325839544,32.9434814453125,81.43408203125,0.352704793214798,1,with_flow
18560,0,4.420841383377495,18560,Rickshaw,13782,459.27250113437435,-19.55995805566937,2.4263448734492825,3.2758166071564814,11.792939785763334,-4.232736189427271,0.05005082996334577,-0.030203409241734057,-0.07191013873474567,-19.423583984375,2.457738956262552,33.046142578125,85.912353515625,0.4773707091808319,1,with_flow
18560,0,4.420841383377495,18560,Rickshaw,13783,459.3058252165928,-19.453144367100766,2.4252986961089804,3.134793864727086,11.28525791301751,-4.230935966877128,0.05745722922000421,-0.03257668692567903,-0.07047432243153907,-19.258241653442383,2.457738956262552,32.4251708984375,89.188232421875,0.5123742818832397,1,with_flow
18560,0,4.420841383377495,18560,Rickshaw,13784,459.3391492988112,-19.351029088219374,2.424174288204925,2.9938350388312633,10.777806139792549,-4.22890677056613,0.06366517281734471,-0.03489670460599606,-0.06870729061325292,-19.18659019470215,2.457738956262552,32.5867919921875,92.14471435546876,0.4828720688819885,1,with_flow
18560,0,4.420841383377495,18560,Rickshaw,13785,459.37247338102964,-19.253609969713107,2.422973614570021,2.8529470469748484,10.270609369109454,-4.226692799970297,0.06843429340358917,-0.03715190651570341,-0.06658149470485797,-19.156158447265625,2.457738956262552,32.8511962890625,93.51885986328124,0.4687713980674743,1,with_flow
18560,0,4.420841383377495,18560,Rickshaw,13786,459.40579746324806,-19.160884557783422,2.421699036432519,2.712135202453378,9.76368672883216,-4.224345750526248,0.07158262146742804,-0.03933017875661522,-0.06409111147763605,-19.128028869628903,2.457738956262552,32.24365234375,94.7093505859375,0.4412746429443359,1,with_flow
18560,0,4.420841383377495,18560,Rickshaw,13787,459.4391215454665,-19.072850251276392,2.420353317810804,2.5714030100325775,9.25705083611728,-4.221921949643915,0.07302362002244493,-0.04141958608154733,-0.061252819658357716,-19.157793045043945,2.461212869730564,32.056884765625,97.478515625,0.4315283000469208,1,with_flow
18560,0,4.420841383377495,18560,Rickshaw,13788,459.4724456276849,-18.989504363926674,2.418939606894659,2.4307520665097555,8.75070743943512,-4.219478860291217,0.07278632645941197,-0.043409138477884454,-0.05810699893011606,-19.07181739807129,2.4492931349784577,31.8424072265625,100.34185791015624,0.5313632488250732,1,with_flow
18560,0,4.420841383377495,18560,Rickshaw,13789,459.50576970990335,-18.91084418772983,2.417461391028261,2.290182097378306,8.244655550561902,-4.217070874589293,0.07097984187832197,-0.04528960961629985,-0.05471881338174625,-19.02906608581543,2.4326129572685007,32.75634765625,100.49755859375,0.5487369894981384,1,with_flow
18560,0,4.420841383377495,18560,Rickshaw,13790,459.5390937921218,-18.83686705328636,2.4159224249112357,2.149691083366321,7.7388879001187565,-4.214748184118009,0.0677455347471827,-0.04705428659236635,-0.05117256014487141,-18.943477630615234,2.434857465142941,33.675048828125,101.71026611328124,0.6113694906234741,1,with_flow
18560,0,4.420841383377495,18560,Rickshaw,13791,459.5724178743402,-18.767570385419575,2.4143266377556034,2.009275418015831,7.233391504856992,-4.2125557590496,0.06324190006295703,-0.04869947334223394,-0.04756438710391679,-18.900001525878903,2.4218303783395974,34.847412109375,100.76708984375,0.5850347280502319,1,with_flow
18560,0,4.420841383377495,18560,Rickshaw,13792,459.60574195655863,-18.70295175312838,2.412678026492322,1.8689300843537064,6.728148303673343,-4.210533227563314,0.0576480630457479,-0.050224861508627,-0.04400105283655454,-18.9027042388916,2.3936101091632827,36.7744140625,101.57159423828124,0.5246075391769409,1,with_flow
18560,0,4.420841383377495,18560,Rickshaw,13793,459.63906603877706,-18.643008913479235,2.4109805379005,1.728648848621127,6.223135855036058,-4.208713621464261,0.05119941221748787,-0.05163378819929688,-0.04059253832131896,-18.863954544067383,2.384259885322763,38.408935546875,100.486083984375,0.4560865759849548,1,with_flow
18560,0,4.420841383377495,18560,Rickshaw,13794,459.6723901209955,-18.58773984803128,2.4092379478612056,1.5884245219753708,5.718328279111335,-4.207120880718772,0.044186829516610425,-0.05293311471140889,-0.037438527314036296,-18.809080123901367,2.3768174576948367,36.3883056640625,98.831298828125,0.508476197719574,1,with_flow
18560,0,4.420841383377495,18560,Rickshaw,13795,459.7057142032139,-18.53714278931758,2.4074537512190144,1.4482492879115778,5.21369743648168,-4.2057686503846945,0.036921872998778346,-0.05413275164851297,-0.034621625280979784,-18.75788688659668,2.3603987726031934,35.1597900390625,97.07293701171876,0.502906322479248,1,with_flow
18560,0,4.420841383377495,18560,Rickshaw,13796,459.73903828543234,-18.491216235987523,2.4056310704555712,1.308115049678413,4.709214178842287,-4.204660105655833,0.029715357376706303,-0.05524501506356369,-0.03220249738827419,-18.68549537658692,2.376558803530993,37.65625,97.031005859375,0.4289831221103668,1,with_flow
18560,0,4.420841383377495,18560,Rickshaw,13797,459.77236236765077,-18.449958956346315,2.403772588948723,1.1680137772014934,4.204849597925376,-4.203788176359952,0.022861370175219883,-0.05628379093171479,-0.030214880482904244,-18.63784408569336,2.3510999957499963,38.83056640625,97.26763916015624,0.3870486915111542,1,with_flow
18560,0,4.420841383377495,18560,Rickshaw,13798,459.8056864498692,-18.413369980599434,2.401880512875481,1.0279378340470742,3.7005762025694673,-4.203136437297143,0.01663150931368958,-0.057263706388283875,-0.028669216778979906,-18.57616233825684,2.3619056371214917,37.6558837890625,96.93072509765624,0.4560262262821197,1,with_flow
18560,1,4.420841383377495,18560,Rickshaw,13799,459.8390105320876,-18.38144858265752,2.3999565605627784,0.8878802789398044,3.1963690041832957,-4.20267971679238,0.011267353905757798,-0.05819924371158547,-0.027545782375911487,-18.474552154541016,2.367470781922408,40.5399169921875,100.046630859375,0.4706936478614807,1,with_flow
18560,1,4.420841383377495,18560,Rickshaw,13800,459.87233461430606,-18.354194252304634,2.3980019838789866,0.747835138195274,2.6922064975029865,-4.202385488841264,0.006944417799740993,-0.05910376944625814,-0.026798427014284087,-18.369504928588867,2.376558803530993,41.1400146484375,100.0411376953125,0.5060266852378845,1,with_flow
18560,1,4.420841383377495,18560,Rickshaw,13801,459.9056586965245,-18.33160665936762,2.396017618982638,0.6077976040910268,2.1880713747276963,-4.202216884092945,0.0037388323916834184,-0.05998875173765929,-0.026360364578911832,-18.26987266540528,2.3793362312327204,43.0361328125,100.15350341796876,0.4478892385959625,1,with_flow
18560,1,4.420841383377495,18560,Rickshaw,13802,459.9389827787429,-18.31368561310978,2.3940039598857314,0.46776411989356564,1.6839508316168363,-4.202136302525221,0.0016204254568465174,-0.060863176488194795,-0.026150257412869915,-18.19781494140625,2.4142371578177992,43.250732421875,98.95367431640624,0.3680715560913086,1,with_flow
18560,1,4.420841383377495,18560,Rickshaw,13803,459.97230686096134,-18.300431020804087,2.391961248263503,0.3277323447973658,1.179836441270517,-4.202108885710639,0.0004675071198276765,-0.061733159589934444,-0.02607944188048643,-18.145153045654297,2.4259574911431843,44.1978759765625,101.486083984375,0.3637044727802276,1,with_flow
18560,1,4.420841383377495,18560,Rickshaw,13804,460.00563094317977,-18.2918428492638,2.389889570035736,0.18770101631511782,0.6757236587344242,-4.2021051440338235,-0.00024294418719250643,-0.0626019933023847,-0.026069849098740716,-17.81758689880371,2.478845703722988,45.58349609375,105.46343994140624,0.3201020956039428,1,with_flow
18966,1,2.6910291214624382,18966,Bike,14044,468.0034106756025,-1.3447312848405133,5.876256362803176,0.8899546915667338,3.203836889640242,5.3963161609592145,0.0011426010256769814,-0.44686799901995067,8.35125834137897,-1.4265602827072144,5.871192102178414,68.520263671875,97.17578125,0.6075910925865173,1,with_flow
18966,1,2.6910291214624382,18966,Bike,14045,468.0367347578209,-1.3120780634363212,5.8660019228495655,1.0697827517223395,3.8512179062004224,5.396364478930917,0.0017572820910679188,-0.1685688103827992,8.351329070145951,-1.3037480115890503,5.887742243192832,59.4678955078125,99.44677734375,0.4154874682426452,1,with_flow
18966,1,2.6910291214624382,18966,Bike,14046,468.07005884003934,-1.2734322072951856,5.8650215880138505,1.2496127067456038,4.498605744284173,5.396433280584982,0.0026832376832824044,0.10973280875536107,8.351404131947595,-1.3074625730514526,5.849367757946551,74.287841796875,101.1259765625,0.5662820339202881,1,with_flow
18966,1,2.6910291214624382,18966,Bike,14047,468.10338292225777,-1.2287936381267912,5.873315441180374,1.4294455803461605,5.146004089246178,5.396543311797256,0.004262935164359718,0.38803695026271934,8.351480046160479,-1.198639690876007,5.863917320767793,84.21514892578125,104.70263671875,0.49676550924777985,1,with_flow
18966,1,2.6910291214624382,18966,Bike,14048,468.1367070044762,-1.1781622315792624,5.890883566856014,1.6092831260816696,5.793419253894011,5.3967173973888,0.006471681146655515,0.6663436523744215,8.351558753474457,-1.0898168087005615,5.902694156935607,94.1424560546875,108.279296875,0.4272489845752716,1,with_flow
18966,1,2.6910291214624382,18966,Bike,14049,468.1700310866946,-1.1215377925181025,5.917726053122565,1.7891278177726946,6.440860143981701,5.396974637466501,0.009074362846403984,0.9446531171224203,8.351646662892286,-0.9440719485282898,5.917646070678382,101.8896484375,112.58154296875,0.5748805999755859,1,with_flow
18966,0,2.6910291214624382,18966,Bike,14050,468.20335516891305,-1.058920034547259,5.953842997771714,1.9689825928346152,7.088337334204615,5.397322187015947,0.011593287819657372,1.2229657006297796,8.351746111024287,-0.9228934049606324,5.946640173505369,101.303466796875,112.8829345703125,0.5880975127220154,1,with_flow
18966,0,2.6910291214624382,18966,Bike,14051,468.2366792511315,-0.9903085729262623,5.999234511385072,2.148850304129516,7.735861094866259,5.397747308819469,0.013457764731397608,1.501281812099103,8.351858972092533,-0.8597813248634338,6.017125384589875,102.0858154296875,115.19873046875,0.4229725301265716,1,with_flow
18966,0,2.6910291214624382,18966,Bike,14052,468.2700033333499,-0.9157029384217639,6.053900719677616,2.328733069432197,8.383439049955909,5.398219122332717,0.014171084336163153,1.779601959100021,8.351988306572254,-0.8711763024330139,6.077566724522047,100.42523193359375,116.05706787109375,0.5986673384904861,1,with_flow
18966,0,2.6910291214624382,18966,Bike,14053,468.30332741556833,-0.8351026113975294,6.11784176570239,2.5086317119326,9.03107416295736,5.398691785578555,0.013425326828989254,2.0579266207567875,8.352127682387353,-0.882571280002594,6.138008064454219,98.7646484375,116.9154052734375,0.7743621468544006,1,with_flow
18966,0,2.6910291214624382,18966,Bike,14054,468.33665149778676,-0.7485070717930344,6.1910578023017875,2.688545402949267,9.67876345061736,5.399113895722834,0.011263302046816855,2.3362558254229953,8.352256355178046,-0.9983242750167848,6.146300609196777,93.8072509765625,111.107666015625,0.7914923429489136,1,with_flow
18966,1,2.6910291214624382,18966,Bike,14055,468.3699755800052,-0.6559158549950238,6.273548969592848,2.8684716888306596,10.326498079790374,5.399442463985473,0.00822506335316062,2.6145887416526143,8.352347156289504,-0.9044474959373474,6.239009499576801,93.7899169921875,114.9886474609375,0.826691746711731,1,with_flow
18966,1,2.6910291214624382,18966,Bike,14056,468.4032996622236,-0.5573285975552353,6.3653153678663035,3.0484071072284014,10.974265586022245,5.399662081097699,0.005153374358558479,2.892923930984124,8.352393772994064,-0.65607088804245,6.363123050244916,94.586669921875,126.182861328125,0.6908881068229675,1,with_flow
18966,1,2.6910291214624382,18966,Bike,14057,468.43662374444204,-0.4527450542523438,6.466357050281938,3.2283481854465474,11.622053467607572,5.399785926927127,0.0026884511471976687,3.171260115428922,8.352409854029492,-0.4705143868923187,6.478147160077208,91.844970703125,131.5531005859375,0.4720728397369385,1,with_flow
18966,1,2.6910291214624382,18966,Bike,14058,468.4699478266605,-0.34216508496976067,6.576674036331074,3.4082921655337026,12.26985179592133,5.399841261431838,0.0010805310311805929,3.449596570084592,8.352412447015025,-0.2943493127822876,6.590768518198197,92.43798828125,137.8751220703125,0.571269154548645,1,with_flow
18966,1,2.6910291214624382,18966,Bike,14059,468.5032719088789,-0.22558862544405814,6.696266329890604,3.588237267233426,12.917654162040334,5.399857942336972,0.00028151668186551906,3.7279330466539595,8.35241223042315,-0.1265278756618499,6.699860258182143,94.41943359375,141.8985595703125,0.7077468633651733,1,with_flow
18966,1,2.6910291214624382,18966,Bike,14060,468.53659599109733,-0.10301565488477205,6.825133930950147,3.7681826292988796,13.565457465475967,5.399860024001943,-0.00015658211006552847,4.0062695163857,8.352412144115851,-0.0052504590712487,6.824333582954697,99.5732421875,145.0362548828125,0.7690348029136658,1,with_flow
19643_0,1,2.0951912688858583,19643,Car,14751,491.56353680403106,-25.11083739047356,0.8650981863727217,1.2009861894691347,4.323550282088885,5.814176920686954,0.0015782789684095633,0.1288677350971544,0.5775619972678698,-25.084077835083008,0.8692532603700232,69.202880859375,73.28106689453125,0.6455639004707336,1,with_flow
19643_0,1,2.0951912688858583,19643,Car,14752,491.5968608862495,-25.06758731348983,0.8697132759094407,1.3947390887700375,5.0210607195721355,5.814223312146005,0.0012059813000096231,0.1481145310882768,0.5775658949171585,-25.044984817504883,0.8793753664237651,69.4307861328125,73.58917236328125,0.6703343987464905,1,with_flow
19643_0,1,2.0951912688858583,19643,Car,14753,491.6301849684679,-25.017880574872482,0.8749697486115217,1.588493365242843,5.718576114874235,5.814257297126945,0.000589409728748986,0.16736137303063353,0.5775633379974707,-24.988508224487305,0.8857934667937861,68.7735595703125,73.87554931640625,0.6665082573890686,1,with_flow
19643_0,1,2.0951912688858583,19643,Car,14754,491.66350905068634,-24.961717138379182,0.880867600556453,1.7822483493974794,6.416094057830926,5.8142625952225275,-0.0005863934337828215,0.18660786839493831,0.5775425727851876,-24.96768951416016,0.8740105100665922,67.8167724609375,72.52728271484375,0.6766042113304138,1,with_flow
19643_0,1,2.0951912688858583,19643,Car,14755,491.69683313290477,-24.899097000114953,0.8874068070662519,1.9760027423585174,7.113609872490662,5.814218215080945,-0.002377464377737773,0.20585313529741525,0.5774868742747783,-24.932373046875,0.8588696616979656,66.3660888671875,71.90911865234375,0.6571603417396545,1,with_flow
19643_0,1,2.0951912688858583,19643,Car,14756,491.7301572151232,-24.830020211251416,0.8945873051042251,2.1697545436664565,7.811116357199244,5.814104141585737,-0.004655374963550344,0.22509578025749485,0.577384385425554,-24.906837463378903,0.870896902913233,66.10400390625,66.74005126953125,0.6017467379570007,1,with_flow
19643_0,0,2.0951912688858583,19643,Car,14757,491.7634812973416,-24.754486899673626,0.9024089812231338,2.363501191497961,8.50860428939266,5.8139079428848595,-0.007061953098531237,0.24433425953484392,0.5772388528185352,-24.87766456604004,0.8832134890813303,66.614013671875,65.10064697265625,0.5929930210113525,1,with_flow
19643_0,0,2.0951912688858583,19643,Car,14758,491.79680537956006,-24.672497282962556,0.9108716755964861,2.5572399548374705,9.206063837414893,5.813633475374381,-0.008993060372232234,0.2635674186649725,0.5770693892174843,-24.785573959350582,0.9461508949156034,60.006103515625,68.76373291015625,0.5699358582496643,1,with_flow
19643_0,0,2.0951912688858583,19643,Car,14759,491.8301294617785,-24.58405166332403,0.9199752026726481,2.750968620066705,9.903487032240138,5.81330857191838,-0.009775268060662642,0.2827949102149306,0.5769021376341046,-24.6037654876709,0.9140877131898004,64.1622314453125,69.75341796875,0.5355332493782043,1,with_flow
19643_0,1,2.0951912688858583,19643,Car,14760,491.8634535439969,-24.489150396929766,0.929719377816694,2.9446862796902686,10.600870606884968,5.81298197170126,-0.009044225608250106,0.3020170614111208,0.5767507283077249,-24.393360137939453,0.9339641680396408,68.5506591796875,69.25042724609375,0.4165502488613128,1,with_flow
19643_0,1,2.0951912688858583,19643,Car,14761,491.89677762621534,-24.387793841494425,0.9401040340318008,3.138393767788794,11.298217564039659,5.812705790882838,-0.007019057002631419,0.32123459711206687,0.5766270688806516,-24.239320755004883,0.9518400446963045,69.4888916015625,64.85888671875,0.5422559380531311,1,with_flow
19643_0,1,2.0951912688858583,19643,Car,14762,491.93010170843377,-24.27998230048788,0.9511290348989042,3.3320934047787576,11.995536257203527,5.812514164435957,-0.0044090324977482075,0.3404486138038682,0.5765406053214388,-24.13577461242676,0.9699728014827652,70.5826416015625,66.9813232421875,0.5785772204399109,1,with_flow
19643_0,1,2.0951912688858583,19643,Car,14763,491.9634257906522,-24.165715986267458,0.9627942846043323,3.5257881747242505,12.692837429007302,5.81241193695992,-0.0020706219867619863,0.35966041003273785,0.5764932314780666,-24.099794387817383,0.9749457737192744,69.2196044921875,69.00726318359375,0.5857624411582947,1,with_flow
19643_0,1,2.0951912688858583,19643,Car,14764,491.9967498728706,-24.04499501458156,0.9750997296976601,3.719480735906562,13.390130649263623,5.812376161281296,-0.0006097477951621219,0.3788711694751144,0.5764761369999127,-24.094402313232425,0.9701557043928624,67.4794921875,68.1064453125,0.5383738875389099,1,with_flow
19643_0,1,2.0951912688858583,19643,Car,14765,492.03007395508905,-23.917819428597642,0.9880453496882348,3.913172715450946,14.087421775623406,5.812371298388603,0.00031789323418252025,0.3980816485302744,0.5764737710958708,-24.056264877319336,0.9661057620702568,65.5518798828125,66.13946533203125,0.4933740496635437,1,with_flow
20744_1,1,4.420841383377495,20744,Rickshaw,15624,520.6554605807187,-3.127686793287924,4.349746300679476,-2.6676915849149037,-9.603689705693654,14.27817652887487,0.0034244861957120065,-0.038191241811504316,-0.8115889639486253,-3.251123428344727,4.333362351826162,61.7021484375,126.5546875,0.3420517444610595,1,with_flow
20744_1,1,4.420841383377495,20744,Rickshaw,15625,520.6887846629371,-3.2086572269023232,4.348022979020222,-2.191882454018038,-7.890776834464937,14.278297798688724,0.003853722581981455,-0.06523678233443286,-0.8115921864127281,-3.446559429168701,4.358530750233903,60.61279296875,128.98468017578125,0.3985805809497833,1,with_flow
20744_1,1,4.420841383377495,20744,Rickshaw,15626,520.7221087451555,-3.2737716887202155,4.345398390637753,-1.7160690916735744,-6.177848730024868,14.278433372411207,0.004602296850070567,-0.09228214512165434,-0.8115753298097801,-3.300668239593506,4.383699148641643,59.5234375,131.4146728515625,0.4551094174385071,1,with_flow
20744_1,1,4.420841383377495,20744,Rickshaw,15627,520.755432827374,-3.3230300261565286,4.341872555417673,-1.2402506839986611,-4.46490246239518,14.278604533325975,0.006012512625743832,-0.11932642716509312,-0.8115269884377533,-3.1715476512908936,4.393683412250045,55.462158203125,134.58154296875,0.4663948714733124,1,with_flow
20744_1,1,4.420841383377495,20744,Rickshaw,15628,520.7887569095924,-3.356432046974694,4.33744552600146,-0.7644256567677097,-2.7519323643637548,14.278834095341367,0.008016989148869702,-0.14636869551245324,-0.8114589978502682,-3.1722514629364014,4.342165463567032,51.8985595703125,132.8251953125,0.5962003469467163,1,with_flow
20744_1,1,4.420841383377495,20744,Rickshaw,15629,520.8220809918108,-3.3739774946838215,4.33211737411155,-0.2885917619581294,-1.038930343049266,14.279138850937057,0.0103998294336878,-0.17340889146082472,-0.8114101813871315,-3.201578617095948,4.308093365688038,52.5185546875,129.76513671875,0.6604617834091187,1,with_flow
20744_1,0,4.420841383377495,20744,Rickshaw,15630,520.8554050740292,-3.3756660300783135,4.325888149785153,0.1872536699983327,0.6741132119939978,14.279527224883578,0.012914970849250265,-0.2004484020390508,-0.8114243947841739,-3.231400489807129,4.295362187763493,53.299560546875,125.8680419921875,0.6376854777336121,1,with_flow
20744_1,0,4.420841383377495,20744,Rickshaw,15631,520.8887291562477,-3.3614972218429173,4.318757834370461,0.6631134529660458,2.3872084306777652,14.279999610037915,0.015334379714927794,-0.227489888360625,-0.811532348198674,-3.202656507492065,4.29852670969396,52.897216796875,125.399169921875,0.554621696472168,1,with_flow
20744_1,0,4.420841383377495,20744,Rickshaw,15632,520.9220532384661,-3.331470546019087,4.310726306845106,1.1389902936077778,4.100365056988,14.280549233144356,0.017452710436387072,-0.25453673260754484,-0.8117468120987237,-3.284717798233032,4.252104851210216,53.981201171875,120.5836181640625,0.5356324315071106,1,with_flow
20744_1,0,4.420841383377495,20744,Rickshaw,15633,520.9553773206845,-3.285585393516298,4.301793329410292,1.6148865578313256,5.813591608192772,14.281162801152949,0.019120698090060683,-0.2815924621835042,-0.81206221687028,-3.1968839168548584,4.274693981519119,55.72412109375,122.9088134765625,0.5740827918052673,1,with_flow
20744_1,0,4.420841383377495,20744,Rickshaw,15634,520.988701402903,-3.2238410845058567,4.291958555264366,2.090804106830883,7.526894784591179,14.28182359257481,0.020214940377108023,-0.30865991869620013,-0.812442602615215,-3.017496347427368,4.314937234228992,54.9730224609375,125.4273681640625,0.4727588295936584,1,with_flow
20744_1,0,4.420841383377495,20744,Rickshaw,15635,521.0220254851214,-3.1462368871394544,4.281221566956175,2.566744175149342,9.240279030537632,14.282510089823283,0.02054152728634508,-0.335740413303934,-0.8128364765444733,-3.0301413536071777,4.31096020470566,57.3760986328125,123.2926025390625,0.3108307123184204,1,with_flow
20744_1,0,4.420841383377495,20744,Rickshaw,15636,521.0553495673398,-3.052772041835472,4.269581930939499,3.0427071466530227,10.953745727950881,14.283192647663174,0.019884074697254617,-0.3628336600456927,-0.8132025423097549,-2.925742626190185,4.320579726914296,56.9703369140625,126.802978515625,0.4826260209083557,1,with_flow
20744_1,0,4.420841383377495,20744,Rickshaw,15637,521.0886736495582,-2.9434457939398686,4.257039242681479,3.5186923072246876,12.667292306008875,14.28383532690338,0.018095036507140044,-0.3899383182815236,-0.81352030870732,-3.1190009117126465,4.229950714049284,55.0301513671875,118.0732421875,0.4316183626651764,1,with_flow
20744_1,0,4.420841383377495,20744,Rickshaw,15638,521.1219977317767,-2.8182574335027146,4.243593148826719,3.994697666957737,14.380911601047853,14.284398648631793,0.015231368835907881,-0.4170527868647266,-0.8137915681551271,-3.172868490219116,4.222238278439624,60.672119140625,115.6322021484375,0.341314435005188,1,with_flow
20744_1,1,4.420841383377495,20744,Rickshaw,15639,521.1553218139951,-2.6772063379852096,4.229243348785609,4.470720010918308,16.09459203930591,14.284850469678155,0.011640566816307431,-0.4441754479531539,-0.8140096250756084,-3.088913917541504,4.237408398370003,64.196044921875,116.64208984375,0.3851929903030395,1,with_flow
20744_1,1,4.420841383377495,20744,Rickshaw,15640,521.1886458962135,-2.520292007169433,4.21398960218588,4.946755301171957,17.808319084219047,14.285174471043105,0.007837365665061003,-0.47130424142688715,-0.8141565318369259,-2.8614346981048584,4.3198179566951325,72.197021484375,119.8621826171875,0.3344261944293976,1,with_flow
20744_1,1,4.420841383377495,20744,Rickshaw,15658,521.7884793761452,-2.347514081032901,4.197831746770209,5.42279926480133,19.522077353284786,14.285372815713751,0.004370177764576718,-0.4984366052814067,-0.8142269721773749,-2.8614346981048584,4.1409470711768135,75.775634765625,120.4644775390625,0.7423471212387085,1,with_flow
20744_1,1,4.420841383377495,20744,Rickshaw,15659,521.8218034583637,-2.1588723374931442,4.180769700419236,5.898847995311808,21.23585278312251,14.285465735369376,0.0018029646879901744,-0.5255705318586094,-0.8142560249866915,-2.235984981060028,4.175563087894176,78.538330078125,124.6165771484375,0.3286163210868835,1,with_flow
20744_1,1,4.420841383377495,20744,Rickshaw,15660,521.8551275405821,-1.9543666695573305,4.162803429096574,6.374898602979848,22.949634970727455,14.28549298000075,0.00045738860042473286,-0.5527050541824648,-0.8142650827829951,-1.3753395676612854,4.154352027231862,78.77838134765625,123.72576904296875,0.3593878895044327,1,with_flow
20744_1,1,4.420841383377495,20744,Rickshaw,15661,521.8884516228005,-1.733997042922641,4.143932921610796,6.850949626540679,24.663418655546444,14.285496219480029,-0.00026296588487184636,-0.5798397198350055,-0.8142662465573757,-1.3233944177627563,4.133140966569549,79.0184326171875,122.8349609375,0.3901594579219818,1,with_flow
20807_1,1,2.7382897801574595,20807,Truck,15704,523.3213871581929,-22.763634223414467,0.4750138571217095,3.3032463250100816,11.891686770036294,4.412995289746693,0.0007302959711665835,-0.14984593260422197,0.06720183121799977,-22.91095924377441,0.4731531477969186,65.739990234375,79.39337158203125,0.3453559577465057,1,with_flow
20807_1,1,2.7382897801574595,20807,Truck,15705,523.3547112404113,-22.651106260792456,0.4700576927018272,3.4503060008364788,12.421101603011325,4.413037655112368,0.001812331633502917,-0.14760648035272433,0.06720281318564603,-22.68125915527344,0.4595629825875145,65.953125,81.2275390625,0.3343850076198578,1,with_flow
20807_1,1,2.7382897801574595,20807,Truck,15706,523.3880353226298,-22.533677641007756,0.46517615692290826,3.5973675831237,12.95052329924532,4.413116078323417,0.0034924192473202555,-0.14536695182351225,0.06720737631892361,-22.55331993103028,0.4468232892995509,64.1842041015625,82.38653564453125,0.5109518766403198,1,with_flow
20807_1,1,2.7382897801574595,20807,Truck,15707,523.4213594048482,-22.411348273275227,0.46036925575054793,3.744432929068944,13.4799585446482,4.413270418444646,0.0063846213201662165,-0.1431270862143509,0.06722556618608888,-22.354516983032227,0.452817927742897,65.0260009765625,82.3154296875,0.598986804485321,1,with_flow
20807_1,1,2.7382897801574595,20807,Truck,15708,523.4546834870666,-22.284117982355454,0.4556370112699286,3.891505256817711,14.00941892454376,4.41354160161503,0.010384198054622597,-0.1408861209895795,0.06727729087844958,-22.10044479370117,0.4613879314101803,63.70751953125,85.3770751953125,0.7035128474235535,1,with_flow
20807_1,1,2.7382897801574595,20807,Truck,15709,523.4880075692851,-22.15198646396187,0.4509794832436427,4.038589049080517,14.538920576689863,4.413962506184135,0.015063456807065449,-0.1386425316243894,0.067387074702987,-21.948699951171875,0.468001885138831,65.6241455078125,85.234619140625,0.4882654845714569,1,with_flow
20807_1,0,2.7382897801574595,20807,Truck,15710,523.5213316515035,-22.01495324951788,0.44639679557644274,4.185689568441398,15.068482446389034,4.414545553361295,0.01975625305609216,-0.13639401261730535,0.06757593997959188,-21.847585678100582,0.4491813353529073,67.655517578125,83.70770263671875,0.5151726007461548,1,with_flow
20807_1,0,2.7382897801574595,20807,Truck,15711,523.5546557337219,-21.873017692646155,0.44188915912609644,4.332812089724232,15.598123523007237,4.415279224186474,0.02380209283631595,-0.1341376982613422,0.0678566459942227,-21.76927757263184,0.4491813353529073,66.6805419921875,83.11773681640625,0.5827818512916565,1,with_flow
20807_1,0,2.7382897801574595,20807,Truck,15712,523.5879798159403,-21.726178981582,0.4374568864600336,4.479961152257283,16.127860148126217,4.416131919158591,0.026699047690787844,-0.13187037010063468,0.06823812890841247,-21.658236503601078,0.4390190474280332,67.91287231445312,83.0184326171875,0.5420389696955681,1,with_flow
20807_1,0,2.7382897801574595,20807,Truck,15713,523.6213038981588,-21.574436173601338,0.43310040168254216,4.627140002505142,16.65770400901851,4.417058666707277,0.028122214784524965,-0.12958857320820996,0.06872571067564026,-21.547195434570312,0.42885675950315916,69.14520263671875,82.91912841796875,0.5012960880994797,1,with_flow
20807_1,0,2.7382897801574595,20807,Truck,15714,523.6546279803772,-21.4177882445153,0.42882024662701607,4.774350237193598,17.187660853896954,4.418006213153879,0.02789841173034438,-0.12728870237663936,0.0693237106676513,-21.43615436553955,0.41869447157828504,70.37753295898438,82.81982421875,0.4605532065033912,1,with_flow
20807_1,0,2.7382897801574595,20807,Truck,15715,523.6879520625956,-21.256234147343395,0.4246170860002259,4.921591609310923,17.71772979351932,4.418918044639808,0.026014236502751076,-0.12496697307307192,0.07003920222267379,-21.32511329650879,0.408532183653411,71.60986328125,82.72052001953125,0.4198103249073028,1,with_flow
20807_1,0,2.7382897801574595,20807,Truck,15716,523.721276144814,-21.089772874551077,0.4204917155894274,5.068862011544324,18.247903241559566,4.419740014266013,0.022611432058302534,-0.12261926638868442,0.07088581859415499,-21.140181064605713,0.4084955498503702,71.39453125,84.42362976074219,0.4012457430362701,1,with_flow
20807_1,0,2.7382897801574595,20807,Truck,15717,523.7546002270325,-20.91840351768721,0.41644507769819916,5.2161576446622675,18.778167520784162,4.4204250550817825,0.017891060168260583,-0.12024085542626523,0.07188651680828206,-20.955248832702637,0.4084589160473294,71.17919921875,86.12673950195312,0.3826811611652374,1,with_flow
20807_1,0,2.7382897801574595,20807,Truck,15718,523.7879243092509,-20.74212531977817,0.41247828645590956,5.363473251769846,19.308503706371447,4.420932420586057,0.012017678772604545,-0.11782611152203526,0.0730720241802521,-20.77031660079956,0.4084222822442886,70.9638671875,87.82984924316406,0.3641165792942047,1,with_flow
20807_1,0,2.7382897801574595,20807,Truck,15719,523.8212483914693,-20.560937720731477,0.408592661700132,5.510802299367711,19.83888827772376,4.421226011312768,0.005114716920233835,-0.1153682886791376,0.0744782438682548,-20.585384368896484,0.4083856484412478,70.74853515625,89.532958984375,0.345551997423172,1,with_flow
20807_1,0,2.7382897801574595,20807,Truck,15720,523.8545724736878,-20.37484039752286,0.4047897686115876,5.658137112737128,20.369293605853663,4.421273307080405,-0.0027180682292371693,-0.11285939359966024,0.0761437121124647,-20.39812183380127,0.4232539608296256,70.79800415039062,91.70159912109375,0.33519992232322693,1,with_flow
20807_1,0,2.7382897801574595,20807,Truck,15721,523.8878965559062,-20.18383330035516,0.4010714601887276,5.805468985436947,20.899688347573008,4.421044857054476,-0.011390008801836866,-0.11029015296946429,0.0781055007091242,-20.210859298706055,0.43812227321800334,70.84747314453125,93.8702392578125,0.32484784722328186,1,with_flow
20807_1,0,2.7382897801574595,20807,Truck,15722,523.9212206381246,-19.987916685373964,0.39743991738704987,5.952788278706679,21.430037803344046,4.420514183900843,-0.020804942940767963,-0.10765022352408506,0.080388743813405,-20.02359676361084,0.4529905856063811,70.89694213867188,96.03887939453125,0.3144957721233368,1,with_flow
20807_1,0,2.7382897801574595,20807,Truck,15723,523.954544720343,-19.78709114402777,0.39389767591755426,6.100084526571493,21.960304295657377,4.41965824579626,-0.030843755929045306,-0.10492879038699775,0.0829946121980224,-19.836334228515625,0.4200209611850001,70.9464111328125,98.20751953125,0.3041436970233917,1,with_flow
20807_1,0,2.7382897801574595,20807,Truck,15724,523.9878688025615,-19.581357628557,0.39044762672562705,6.247346566436361,22.490447639170903,4.418458504183834,-0.0413308264035059,-0.10211552224556777,0.08589350239936588,-19.6989107131958,0.4439399295898795,71.77633666992188,99.14007568359375,0.31718044728040695,1,with_flow
20807_1,0,2.7382897801574595,20807,Truck,15725,524.0211928847799,-19.370717472369208,0.3870929842515155,6.394562723892484,23.020425806012945,4.416903622081808,-0.05193896542213785,-0.09920145982378734,0.08903278381410529,-19.561487197875977,0.4200209611850001,72.60626220703125,100.0726318359375,0.3302171975374222,1,with_flow
20807_1,0,2.7382897801574595,20807,Truck,15726,524.0545169669983,-19.155172401905645,0.3838372269726621,6.541721165839101,23.550196197020764,4.414996867475699,-0.0620943597724214,-0.0961798821588484,0.09233038407130598,-19.424063682556152,0.3961019927801207,73.43618774414062,101.00518798828125,0.34325394779443735,1,with_flow
20807_1,0,2.7382897801574595,20807,Truck,15727,524.0878410492168,-18.934724532176233,0.3806840072076918,6.688810536018924,24.079717929668124,4.412765146981094,-0.07094303096449288,-0.09304719512286587,0.09568293629548713,-19.286640167236328,0.3721830243752413,74.26611328125,101.937744140625,0.3562906980514526,1,with_flow
20807_1,0,2.7382897801574595,20807,Truck,15728,524.1211651314352,-18.709376335987898,0.37763703756532924,6.8358209016763025,24.60895524603469,4.410268644682328,-0.07735440888925048,-0.08980341845261657,0.09897914907938558,-19.07878875732422,0.3551302995157164,72.3590087890625,100.08013916015624,0.3134725093841553,1,with_flow
20807_1,0,2.7382897801574595,20807,Truck,15729,524.1544892136536,-18.479130576242923,0.3746999685581943,6.982745019435217,25.137882069966782,4.407609617617528,-0.07999600532647849,-0.08645223230688237,0.10211250237076575,-18.922239303588867,0.3748597756448819,73.98388671875,102.1929931640625,0.4435149431228637,1,with_flow
20807_1,0,2.7382897801574595,20807,Truck,15737,524.421081871401,-18.243990192044325,0.3718762709723837,7.129579816618038,25.666487339824936,4.4049370577650375,-0.07765322556007029,-0.08300068199993807,0.10498708386239178,-17.76601219177246,0.3190837017440167,87.525146484375,111.07843017578124,0.4032531082630157,1,with_flow
20807_1,0,2.7382897801574595,20807,Truck,15738,524.4544059536195,-18.003958133599628,0.36916912867255464,7.276327900842418,26.194780443032705,4.402434172671348,-0.07042369608695082,-0.07945890209593842,0.10751503238203683,-17.492481231689453,0.3387226134351564,86.2396240234375,107.57061767578124,0.5921468734741211,1,with_flow
20807_1,0,2.7382897801574595,20807,Truck,15739,524.4877300358379,-17.759037167137585,0.3665813432995363,7.422997469972111,26.7227908918996,4.400243447687983,-0.05982948736513081,-0.07583954870146287,0.10963452480637204,-17.330120086669922,0.2851427049809902,83.15234375,106.6494140625,0.6077695488929749,1,with_flow
20807_1,0,2.7382897801574595,20807,Truck,15740,524.5210541180563,-17.509229717942414,0.3641152651680751,7.569600449923484,27.250561619724543,4.398446647159264,-0.04757760561562745,-0.07215690384860904,0.11131134620138444,-17.15671157836914,0.3138896848654309,85.2313232421875,108.344970703125,0.7502397894859314,1,with_flow
20807_1,0,2.7382897801574595,20807,Truck,15741,524.5543782002748,-17.25453777875184,0.361772757393226,7.7161505802171355,27.77814208878169,4.397072487605401,-0.03513193142196441,-0.06842567725756837,0.11255510955112069,-16.92870330810547,0.3241309173053324,82.224365234375,108.20794677734376,0.6163846254348755,1,with_flow
20807_1,1,2.7382897801574595,20807,Truck,15742,524.5877022824932,-16.994962877044944,0.35955520530035306,7.862661797919198,28.305582472509116,4.396105168416868,-0.02373680016141285,-0.06465964401658938,0.11340993389369425,-16.7827091217041,0.3437710708203041,83.34716796875,113.563720703125,0.7700253129005432,1,with_flow
20807_1,1,2.7382897801574595,20807,Truck,15743,524.6210263647116,-16.730506092128007,0.35746356449853484,8.009146849443908,28.83292865799807,4.395490473445038,-0.014346940364579591,-0.060870688902362025,0.11394329333591136,-16.679157257080078,0.3549883767920716,83.32568359375,115.92333984375,0.6940621733665466,1,with_flow
20807_1,1,2.7382897801574595,20807,Truck,15744,524.65435044693,-16.461168114089553,0.3554984346081431,8.155616207338348,29.36021834641805,4.395148971176284,-0.007448236058920873,-0.0570682310606013,0.1142337965615814,-16.530248641967773,0.3609405271200268,85.5120849609375,116.82257080078124,0.7015445828437805,1,with_flow
20807_1,1,2.7382897801574595,20807,Truck,15745,524.6876745291485,-16.18694933027165,0.35366014573955645,8.302077529537648,29.887479106335533,4.394994062183419,-0.00304682342635725,-0.053259014633253485,0.11436223518092187,-16.29065704345703,0.3951348559447589,84.8939208984375,116.508544921875,0.6630485653877258,1,with_flow
20807_1,1,2.7382897801574595,20807,Truck,15746,524.7209986113669,-15.90784992011476,0.3519488475371093,8.448535674184416,30.4147284270639,4.394945905987554,-0.0008147275564128086,-0.049447161158705136,0.11440284776383164,-16.158235549926758,0.3816614221755525,84.90771484375,117.43768310546876,0.7424927949905396,1,with_flow
20807_1,1,2.7382897801574595,20807,Truck,15747,524.7543226935853,-15.623869943198894,0.35036458991763453,8.59499305934621,30.941975013646356,4.394939762087268,0.0004459912025254198,-0.04563465768923123,0.11440819182977457,-15.92264175415039,0.3999213772030798,83.9947509765625,119.29620361328124,0.4633178114891052,1,with_flow
20928_0,1,4.420841383377495,20928,Rickshaw,15643,521.2886181428688,-23.99817050688461,2.222022796407736,0.6117323406573862,2.2022364263665906,4.028703847472121,0.0009897012617017253,-0.055166898840571334,0.06122189046650746,-24.027393341064453,2.2188379519038217,27.4111328125,61.521728515625,0.3799535930156708,1,with_flow
20928_0,1,4.420841383377495,20928,Rickshaw,15644,521.3219422250872,-23.975548155196027,2.22021840355325,0.7459857610341873,2.6855487397230746,4.028737786882362,0.0010472286689600795,-0.053126721223218785,0.061223095054677684,-23.889385223388672,2.2171668118329064,27.9056396484375,60.150390625,0.3992001116275787,1,with_flow
20928_0,1,4.420841383377495,20928,Rickshaw,15645,521.3552663073057,-23.94845191232907,2.218481999007466,0.8802403423328966,3.168865232398428,4.028773643340653,0.0010873109589616887,-0.05108644324244534,0.06122876537078709,-23.88122272491455,2.2166104747562185,27.21826171875,58.80462646484375,0.3780394494533539,1,with_flow
20928_0,1,4.420841383377495,20928,Rickshaw,15646,521.3885903895241,-23.916881738578468,2.2168135896242838,1.014496139146859,3.6521861009286924,4.028810254161949,0.0010472150045750985,-0.04904582105692079,0.061244869947718494,-23.889385223388672,2.230500806526132,26.4522705078125,58.21087646484375,0.3361884653568268,1,with_flow
20928_0,1,4.420841383377495,20928,Rickshaw,15647,521.4219144717425,-23.88083759368663,2.2152131938707584,1.1487531131758941,4.135511207433219,4.028843438298479,0.0008582500730863308,-0.04700440255042491,0.0612770376820122,-23.860355377197266,2.2168886432945625,25.9244384765625,58.0753173828125,0.3550834059715271,1,with_flow
20928_0,1,4.420841383377495,20928,Rickshaw,15648,521.455238553961,-23.840319441336064,2.2136808473975345,1.2830110577290461,4.618839807824566,4.028867454953948,0.0004879357916101548,-0.04496164286215866,0.061325014648930753,-23.87306022644043,2.230552963127071,25.3935546875,58.05584716796875,0.3511476218700409,1,with_flow
20928_0,0,4.420841383377495,20928,Rickshaw,15649,521.4885626361794,-23.7953272554592,2.2122166031480868,1.4172695607686234,5.102170418767044,4.028875958323352,-5.170196435886602e-05,-0.042917069682189876,0.06138452878721745,-23.863121032714844,2.216095650076197,25.19970703125,57.28509521484375,0.3464257419109344,1,with_flow
20928_0,0,4.420841383377495,20928,Rickshaw,15650,521.5218867183978,-23.745861027080416,2.2108205260364056,1.5515280164219363,5.58550085911897,4.028864009112926,-0.0006948981314608117,-0.040870482326136215,0.06144343128626817,-23.81922912597656,2.206515156616565,25.396484375,56.65557861328125,0.4238534271717071,1,with_flow
20928_0,0,4.420841383377495,20928,Rickshaw,15651,521.5552108006162,-23.691920769652505,2.209492680036203,1.6857857011448998,6.068828524121639,4.02882964463842,-0.0013489077951152218,-0.03882215444238299,0.061486544950073885,-23.73684501647949,2.211157803713791,25.335205078125,57.552490234375,0.4299421310424804,1,with_flow
20928_0,0,4.420841383377495,20928,Rickshaw,15652,521.5885348828347,-23.63350652121378,2.208233111760813,1.8200418808882508,6.552150771197703,4.028774106884387,-0.0019348983226536033,-0.03677284645276492,0.061499951830963795,-23.640199661254883,2.2091279539588635,25.8023681640625,57.51580810546875,0.3798558712005615,1,with_flow
20928_0,0,4.420841383377495,20928,Rickshaw,15653,521.6218589650531,-23.57061834312286,2.207041834775011,1.9542959015200476,7.035465245472172,4.028700687216843,-0.0024102246454459682,-0.034723783749626536,0.06146938351373832,-23.59941291809082,2.191384065435188,26.0411376953125,57.318603515625,0.4499557614326477,1,with_flow
20928_0,0,4.420841383377495,20928,Rickshaw,15654,521.6551830472715,-23.503256316540373,2.2059188138502783,2.0885472328605075,7.518770038297827,4.0286134698358875,-0.002738700875525298,-0.03267666405948105,0.06138169452200448,-23.586578369140625,2.170874103027679,26.496826171875,58.18927001953125,0.5113258361816406,1,with_flow
20928_0,0,4.420841383377495,20928,Rickshaw,15655,521.68850712949,-23.431420537808897,2.2048639512804042,2.2227955027693636,8.002063809969709,4.028518157830548,-0.0028449363276098548,-0.03063348156279594,0.061234175967143534,-23.50101661682129,2.1726193977217,26.627197265625,59.56634521484375,0.5015959739685059,1,with_flow
20928_0,0,4.420841383377495,20928,Rickshaw,15656,521.7218312117084,-23.355111111924924,2.20387708488428,2.3570405832217167,8.48534609959818,4.028423860051713,-0.00264552938571277,-0.028595997670741613,0.06104440110965259,-23.266271591186523,2.210555341751919,27.49072265625,62.19287109375,0.4780198633670807,1,with_flow
20928_0,0,4.420841383377495,20928,Rickshaw,15657,521.7551552939268,-23.274328142517177,2.202958007269802,2.49128269692269,8.968617708921686,4.028341838153026,-0.002160124425226093,-0.02656506798300783,0.06084691082100405,-23.12127494812012,2.2264939732308333,27.6915283203125,64.53204345703125,0.5034012198448181,1,with_flow
20928_0,1,4.420841383377495,20928,Rickshaw,15658,521.7884793761452,-23.18907171992999,2.2021065022091717,2.6255223988109813,9.451880635719533,4.028279891723816,-0.0015370819069664163,-0.024540379293726836,0.060674304423928516,-23.075645446777344,2.2262374479078457,27.645263671875,64.639892578125,0.5103892683982849,1,with_flow
20928_0,1,4.420841383377495,20928,Rickshaw,15659,521.8218034583637,-23.09934191283898,2.201322379796144,2.7597603982870567,9.935137433833404,4.028239394465338,-0.0009501568696999294,-0.02252074088930582,0.060545706650467324,-23.05276107788086,2.220084033417422,27.939697265625,62.760009765625,0.4570266604423523,1,with_flow
20928_0,1,4.420841383377495,20928,Rickshaw,15660,521.8551275405821,-23.005138766585528,2.2006054975866447,2.8939973576449094,10.418390487521673,4.0282165655125235,-0.0005065352087727463,-0.020504578463873088,0.06046527211918706,-23.05276107788086,2.210606079125622,28.600555419921875,62.04144287109375,0.4197460487484932,1,with_flow
20928_0,1,4.420841383377495,20928,Rickshaw,15661,521.8884516228005,-22.906462307082545,2.1999557655185433,3.0282337694554657,10.901641570039677,4.0282056348234505,-0.00021914598712283393,-0.018490388127326812,0.060425381981867976,-22.905461311340332,2.201128124833822,29.26141357421875,61.3228759765625,0.3824654370546341,1,with_flow
20928_0,1,4.420841383377495,20928,Rickshaw,15662,521.921775705019,-22.803312546883927,2.1993731379556376,3.162469949798541,11.384891819274747,4.028201959834738,-6.253535359080076e-05,-0.01647704337570924,0.06041195402239423,-22.83181142807007,2.1916501705420224,29.922271728515625,60.60430908203125,0.345184825360775,1,with_flow
20928_0,1,4.420841383377495,20928,Rickshaw,15663,521.9550997872374,-22.695689490456314,2.198857598578033,3.29670607078198,11.868141854815129,4.028201466956921,3.295447490359038e-05,-0.01446391542303637,0.06041015471722595,-22.758161544799805,2.182172216250222,30.5831298828125,59.8857421875,0.3079042136669159,1,with_flow
21031,1,4.420841383377495,21031,Rickshaw,15726,524.0545169669983,-20.761835914761217,1.7669079238557974,6.0859567157113785,21.909444176560964,-8.545527867729422,-0.0021229289517918914,-1.181870623103829,2.837212755169254,-20.75425338745117,1.735273170992769,33.5343017578125,71.73187255859375,0.3550692200660705,1,with_flow
21031,1,4.420841383377495,21031,Rickshaw,15727,524.0878410492168,-20.56377188670952,1.7290985293258558,5.801183645846255,20.884261125046518,-8.54560002514619,-0.0022077179535863922,-1.0873226594774312,2.837243378911948,-20.510786056518555,1.763659667159152,33.0621337890625,72.9647216796875,0.3730967938899994,1,with_flow
21031,1,4.420841383377495,21031,Rickshaw,15728,524.1211651314352,-20.375197700352384,1.6944398814494401,5.516408129798804,19.859069267275693,-8.545675008078623,-0.0023269344409509478,-0.9927731325159246,2.837311540636852,-20.44028663635254,1.7576105658706074,34.7239990234375,68.355712890625,0.34953773021698,1,with_flow
21031,1,4.420841383377495,21031,Rickshaw,15729,524.1544892136536,-20.196113439204762,1.6629320574674145,5.231630034384249,18.833868123783297,-8.545755111055444,-0.0024717283876514342,-0.8982204454069412,2.8374327301528424,-20.35433578491211,1.722111789812176,35.5880126953125,73.9959716796875,0.3320240378379822,1,with_flow
21031,1,4.420841383377495,21031,Rickshaw,15730,524.187813295872,-20.02651919219318,1.6345751899204843,4.9468491841318665,17.80865706287472,-8.545839744238647,-0.0025151603127084327,-0.8036630854871111,2.8375850799116034,-20.03528594970703,1.6216516124768943,34.2276611328125,75.362548828125,0.342121809720993,1,with_flow
21031,1,4.420841383377495,21031,Rickshaw,15737,524.421081871401,-19.866415052688087,1.6093694428169991,4.6620655198348535,16.783435871405473,-8.54592274187355,-0.0023602263120895027,-0.7091008527888496,2.8377157767464904,-19.78583335876465,1.5481406089242844,33.4002685546875,66.65106201171875,0.3171989917755127,1,with_flow
21031,0,4.420841383377495,21031,Rickshaw,15738,524.4544059536195,-19.715801112178927,1.587314956751177,4.377279218266827,15.758205185760579,-8.545997048990003,-0.0020365437310700266,-0.6145353189037124,2.837777803030681,-19.666457176208496,1.5462823969632644,33.5577392578125,65.69302368164062,0.3085648715496063,1,with_flow
21031,0,4.420841383377495,21031,Rickshaw,15739,524.4877300358379,-19.574677452804544,1.5684117993149698,4.092490647415273,14.732966330694984,-8.546058473775021,-0.0016232422339399488,-0.5199691104866766,2.8377563706048665,-19.547080993652344,1.5444241850022444,33.7152099609375,64.7349853515625,0.2999307513236999,1,with_flow
21031,0,4.420841383377495,21031,Rickshaw,15740,524.5210541180563,-19.443044142618348,1.5526599478956369,3.807700271306354,13.707720976702875,-8.546105235105331,-0.0011829151917155895,-0.425404865514186,2.8376635801619723,-19.379562377929688,1.5518359218411826,33.364501953125,66.02520751953125,0.435262382030487,1,with_flow
21031,0,4.420841383377495,21031,Rickshaw,15741,524.5543782002748,-19.320901233536198,1.5400593020374154,3.522908584907239,12.68247090566606,-8.546137312901234,-0.0007754304843204478,-0.33084453498495237,2.837526393123034,-19.31989479064941,1.5435822284442224,33.5430908203125,65.78302001953125,0.4682919383049011,1,with_flow
21031,1,4.420841383377495,21031,Rickshaw,15742,524.5877022824932,-19.208248761402974,1.5306097121443687,3.2381160449661204,11.657217761878034,-8.54615691612376,-0.0004458202359154363,-0.2362891040247418,2.8373743332063195,-19.17787170410156,1.5406813279729257,34.3231201171875,67.48895263671875,0.4878699779510498,1,with_flow
21031,1,4.420841383377495,21031,Rickshaw,15743,524.6210263647116,-19.105086748255257,1.5243110118801928,2.953323019576116,10.631962870474018,-8.546167026001626,-0.00021805118004254002,-0.1417386060556496,2.837234407285708,-19.123023986816406,1.5420957653174492,34.1407470703125,67.014404296875,0.5183635354042053,1,with_flow
21031,1,4.420841383377495,21031,Rickshaw,15744,524.65435044693,-19.011415205686355,1.5211630477732947,2.6685297624911715,9.606707144968217,-8.546171448834663,-9.412733094885425e-05,-0.047192272379379424,2.837126980094144,-19.05769157409668,1.5406813279729257,35.1566162109375,67.99566650390625,0.4889739453792572,1,with_flow
21031,1,4.420841383377495,21031,Rickshaw,15745,524.6876745291485,-18.92723413890433,1.5211657014126574,2.3837364071073757,8.581451065586553,-8.546173299415457,-3.791650467851397e-05,0.047351171836721356,2.8370615540394697,-18.941774368286133,1.543510202661973,33.5909423828125,68.275634765625,0.3426804542541504,1,with_flow
21031,1,4.420841383377495,21031,Rickshaw,15746,524.7209986113669,-18.852543550084352,1.5243188998540687,2.098943011849183,7.556194842657059,-8.546173975900102,-1.1650266942979052e-05,0.1418931097961488,2.8370348849144476,-18.84957695007324,1.5341683167814673,32.6295166015625,67.0078125,0.3492160141468048,1,with_flow
21031,1,4.420841383377495,21031,Rickshaw,15747,524.7543226935853,-18.787343440027854,1.5306226119465036,1.8141496051243862,6.53093857844779,-8.546174075884364,5.6495457556593465e-06,0.23643459454486052,2.837030923306054,-18.80001640319824,1.4938856805157834,35.976806640625,66.85260009765625,0.3257081806659698,1,with_flow
21140,1,4.420841383377495,21140,Rickshaw,15802,526.5871472155989,-15.932554201392206,3.964366648486142,3.462180224806089,12.46384880930192,-5.488149994671467,-0.0013398964726718532,0.5899584345434654,-1.8718942513795214,-15.8926362991333,3.985807439085929,29.8828125,85.72320556640625,0.3909818530082702,1,with_flow
21140,1,4.420841383377495,21140,Rickshaw,15803,526.6204712978173,-15.820227511538086,3.982987104619758,3.2792918907506783,11.805450806702442,-5.488196827023759,-0.0014708247340073021,0.5275789773310148,-1.8719145522925098,-15.86805534362793,3.985807439085929,28.36376953125,79.8536376953125,0.3707560896873474,1,with_flow
21140,1,4.420841383377495,21140,Rickshaw,15804,526.6537953800357,-15.713995434249899,3.9995288074218713,3.096401930703854,11.147046950533875,-5.488248022440197,-0.001627817220163837,0.4651984531009298,-1.8719630665107445,-15.73369026184082,3.990801167520771,29.7750244140625,78.63177490234375,0.4342340528964996,1,with_flow
21140,1,4.420841383377495,21140,Rickshaw,15805,526.6871194622541,-15.613858026532412,4.013991700350396,2.91351016588818,10.488636597197448,-5.488305318053522,-0.001823671199322136,0.4028154444129052,-1.8720681189367583,-15.599325180053713,3.97225949588681,31.227294921875,84.52252197265625,0.4392944276332855,1,with_flow
21140,1,4.420841383377495,21140,Rickshaw,15806,526.7204435444726,-15.519815352081022,4.026375664728931,2.7306163784696085,9.83021896249059,-5.488369566778168,-0.0020402576072792874,0.34042768254280215,-1.87225007366786,-15.599325180053713,4.008031118381448,32.4549560546875,88.40350341796875,0.4759280979633331,1,with_flow
21140,1,4.420841383377495,21140,Rickshaw,15807,526.753767626691,-15.431867482319985,4.036680498642607,2.5477203236593153,9.171793165173536,-5.488441297478025,-0.002226814053613527,0.2780325600905643,-1.8725083742732611,-15.516109466552734,3.995794895955613,31.16064453125,90.684814453125,0.3438306450843811,1,with_flow
21140,0,4.420841383377495,21140,Rickshaw,15808,526.7870917089094,-15.350014496673074,4.0449059167682915,2.36482178352429,8.513358420687444,-5.4885179798473835,-0.0022820023485439467,0.2156277692510018,-1.8728256421487548,-15.40185546875,4.035443137646606,33.626708984375,92.4461669921875,0.4412165582180023,1,with_flow
21140,0,4.420841383377495,21140,Rickshaw,15809,526.8204157911279,-15.274256479710088,4.051051570424992,2.1819206878337516,7.854914476201506,-5.488593388745796,-0.0021224774104036193,0.1532119331392251,-1.8731638640674078,-15.21840000152588,4.065985617388556,34.6409912109375,94.03082275390624,0.4549592733383178,1,with_flow
21140,0,4.420841383377495,21140,Rickshaw,15810,526.8537398733463,-15.204593514392531,4.055117088271029,1.999017214003185,7.196461970411466,-5.488659439070846,-0.001753459904174354,0.09078510641417137,-1.8734781464997337,-15.09632682800293,4.08770369698109,35.7613525390625,96.10302734375,0.4548008143901825,1,with_flow
21140,0,4.420841383377495,21140,Rickshaw,15811,526.8870639555647,-15.141025673509736,4.057102124695576,1.8161117826120166,6.53800241740326,-5.488710253629823,-0.0012830181651725392,0.028348728665428036,-1.873732531310082,-14.99687957763672,4.099586886631858,37.376220703125,97.386474609375,0.408788800239563,1,with_flow
21140,1,4.420841383377495,21140,Rickshaw,15812,526.9203880377831,-15.08355301339884,4.057006398699054,1.633204932673823,5.879537757625763,-5.4887449498764935,-0.0008606071044280715,-0.034094874868434766,-1.8739113084433905,-15.138934135437012,4.060224264422201,37.45751953125,91.80096435546876,0.413942813873291,1,with_flow
21140,1,4.420841383377495,21140,Rickshaw,15813,526.9537121200016,-15.032175573026011,4.054829710994334,1.450297139108084,5.221069700789103,-5.488767611513635,-0.0005508305676443062,-0.09654325148794424,-1.8740209546533362,-15.038517951965332,4.074335286027381,36.56494140625,91.6639404296875,0.4835586547851562,1,with_flow
21140,1,4.420841383377495,21140,Rickshaw,15814,526.98703620222,-14.986893377859337,4.050571938538485,1.2673887418629812,4.562599470706733,-5.488781661722743,-0.00033148540040570866,-0.15899431948066928,-1.8740760195817279,-15.00998592376709,4.041527719616061,35.29443359375,90.29119873046876,0.372566282749176,1,with_flow
21140,1,4.420841383377495,21140,Rickshaw,15815,527.0203602844384,-14.947706443747359,4.04423301800133,1.0844799825853833,3.9041279373073796,-5.488789704407109,-0.00017597570880391878,-0.22144662272461083,-1.8740988382800272,-14.969822883605955,4.0199643357923005,35.58056640625,89.19317626953125,0.2901380956172943,1,with_flow
21140,1,4.420841383377495,21140,Rickshaw,15816,527.0536843666569,-14.914614779773895,4.035812922323705,0.9015710309964537,3.2456557115872338,-5.48879339018072,-6.427055128361655e-05,-0.28389941515893224,-1.8741073309460958,-14.851441383361816,4.0419793886840605,37.1724853515625,89.049072265625,0.3467013239860534,1,with_flow
21140,1,4.420841383377495,21140,Rickshaw,15817,527.0870084488753,-14.887618390124494,4.025311641535148,0.7186620138427398,2.5871832498338634,-5.48879398792138,2.8396155357768293e-05,-0.3463523546383219,-1.8741086391804733,-14.96338176727295,4.013180074795276,37.12890625,84.57391357421875,0.3074047267436981,1,with_flow
21303_0,1,4.420841383377495,21303,Rickshaw,15925,530.6860093284655,-3.6235836366638847,5.140249091873084,0.13513803715487296,0.48649693375754266,5.155000495690857,0.0013063545146962952,-0.24654228872271192,3.0928166379291575,-3.607900857925415,5.13916267677243,58.2659912109375,116.5167236328125,0.3449451625347137,1,with_flow
21303_0,1,4.420841383377495,21303,Rickshaw,15932,530.9192779039945,-3.6162179779349497,5.133750579022898,0.3069244108142699,1.1049278789313717,5.155043175886343,0.0012551681226392773,-0.14347658114216522,3.092842672783079,-3.5929648876190186,5.112269385062193,56.5416259765625,122.026123046875,0.5238049626350403,1,with_flow
21303_0,1,4.420841383377495,21303,Rickshaw,15933,530.9526019862129,-3.6031276724913566,5.130686651078248,0.47871218398249643,1.7233638623369871,5.15508415034229,0.0011702740805269018,-0.04040996601439735,3.0928724984268543,-3.622836828231812,5.140973965532945,55.846435546875,123.1690673828125,0.543821394443512,1,with_flow
21303_0,1,4.420841383377495,21303,Rickshaw,15934,530.9859260684314,-3.5843126750516445,5.131057342386445,0.6505012626181244,2.341804545425248,5.155121172505698,0.001022682554122175,0.06265787085499896,3.0929179937375784,-3.5685834884643555,5.155368477778605,55.6832275390625,125.710205078125,0.681352972984314,1,with_flow
21303_0,1,4.420841383377495,21303,Rickshaw,15935,531.0192501506498,-3.5597729446713573,5.134862704186157,0.8222914825599835,2.9602493372159406,5.155152310257324,0.00081592574252586,0.16572760163137643,3.0929862949979805,-3.5929648876190186,5.153140291017384,57.934814453125,121.6177978515625,0.6809071898460388,1,with_flow
21303_0,1,4.420841383377495,21303,Rickshaw,15936,531.0525742328682,-3.5295084469725944,5.142102811706372,0.9940826130579871,3.5786974070087534,5.155175552458754,0.0005699579539749303,0.2687999174156558,3.093070971550795,-3.5910520553588867,5.137351388011915,59.343017578125,115.3934326171875,0.681907594203949,1,with_flow
21303_0,0,4.420841383377495,21303,Rickshaw,15937,531.0858983150866,-3.4935191562090293,5.1527777573681135,1.1658743747394722,4.1971477490621,5.155190296908763,0.0003370813065842542,0.37187510239491073,3.093155599457631,-3.4773993492126465,5.153857710385408,62.0692138671875,113.5887451171875,0.5319141745567322,1,with_flow
21303_0,0,4.420841383377495,21303,Rickshaw,15938,531.1192223973051,-3.4518050558478794,5.166887633650078,1.337666506010591,4.815599421638128,5.155198018309104,0.00015005365574831164,0.47495287736111147,3.0932237168381396,-3.4682202339172363,5.155368477778605,63.8570556640625,110.5072021484375,0.3288932740688324,1,with_flow
21303_0,0,4.420841383377495,21303,Rickshaw,15939,531.1525464795235,-3.404366137177761,5.184432514741806,1.5094587991587627,5.434051676971546,5.155200297709485,1.557916820771519e-05,0.5780324299220642,3.0932601505494035,-3.397979974746704,5.159153556818208,63.5919189453125,112.4560546875,0.7025617361068726,1,with_flow
21303_0,0,4.420841383377495,21303,Rickshaw,15940,531.1858705617419,-3.3512023974829352,5.205412440344974,1.6812511041916176,6.052503975089824,5.1551990566320685,-6.673615934408203e-05,0.6811125446442667,3.0932573057767367,-3.313848733901977,5.191942673275454,64.468505859375,114.29345703125,0.5376909971237183,1,with_flow
21303_0,0,4.420841383377495,21303,Rickshaw,15941,531.2191946439603,-3.2923138379886847,5.22982740790323,1.8530433325733846,6.670955997264184,5.155195849866963,-0.00011703395605224197,0.7841919778350545,3.093221186490804,-3.324448823928833,5.223751103712315,61.403564453125,111.7303466796875,0.5019187927246094,1,with_flow
21303_0,1,4.420841383377495,21303,Rickshaw,15942,531.2525187261788,-3.2277004622228054,5.257677378742021,2.0248354287916555,7.2894075436499595,5.155191256533721,-0.00014003115817977295,0.8872698562781816,3.0931669880952444,-3.2203330993652344,5.268345352322323,58.1822509765625,113.54443359375,0.5503378510475159,1,with_flow
21303_0,1,4.420841383377495,21303,Rickshaw,15943,531.2858428083972,-3.1573622751598442,5.288962294417883,2.1966273656802295,7.907858516448827,5.155186517047307,-0.00012717564355768884,0.9903458835210419,3.093112829138222,-3.1431229591369627,5.301995797789369,57.115673828125,114.6907470703125,0.5063235521316528,1,with_flow
21303_0,1,4.420841383377495,21303,Rickshaw,15944,531.3191668906156,-3.0812992819546268,5.323682095978479,2.3684191589352532,8.526308972166913,5.155182780510517,-8.927339033094531e-05,1.0934202948901781,3.09307147630459,-3.0659128189086915,5.335646243256414,56.0490966796875,115.837060546875,0.4623092532157898,1,with_flow
21303_0,1,4.420841383377495,21303,Rickshaw,15945,531.3524909728341,-2.99951148670808,5.361836737932774,2.54021085259422,9.144759069339193,5.155180567139708,-4.6011001015535255e-05,1.1964936179757653,3.093047633707491,-2.98870267868042,5.369296688723458,54.98251953125,116.9833740234375,0.41829495429992675,1,with_flow
21303_0,1,4.420841383377495,21303,Rickshaw,15946,531.3858150550525,-2.911998891894559,5.403426193538947,2.71200249642154,9.763208987117544,5.155179713961755,-1.4638531025798498e-05,1.299566409310441,3.0930386347817445,-2.9114925384521486,5.402947134190503,53.9159423828125,118.1296875,0.37428065538406374,1,with_flow
21303_0,1,4.420841383377495,21303,Rickshaw,15947,531.4191391372709,-2.818761498522774,5.448450452112889,2.883794125999891,10.381658853599607,5.155179591508485,7.289295211876379e-06,1.402639051135032,3.0930373566009854,-2.834282398223877,5.4365975796575485,52.849365234375,119.2760009765625,0.3302663564682007,1,with_flow
21303_1,1,4.420841383377495,21303,Rickshaw,15962,531.9190003705473,-1.3319958718969755,6.224465905020864,-0.47076138805611845,-1.6947409970020264,4.186069877021269,0.0009808697532278643,-0.29480548228540543,2.6944608168172106,-1.3972654342651367,6.14002904403892,46.6585693359375,130.235595703125,0.5612488389015198,1,with_flow
21303_1,1,4.420841383377495,21303,Rickshaw,15963,531.9523244527658,-1.3453592528851759,6.216137879959428,-0.3312638609202693,-1.1925498993129695,4.186105846500616,0.0011778981378691683,-0.20501452229864903,2.6945015162200687,-1.3777701457341511,6.237072964012668,45.3797607421875,129.29402669270834,0.5765024026234945,1,with_flow
21303_1,1,4.420841383377495,21303,Rickshaw,15964,531.9856485349842,-1.3540739859417208,6.210802093886393,-0.1917650450255849,-0.6903541620921056,4.186148381770051,0.0014873237826219946,-0.11522070633453585,2.6946493051182525,-1.3582748572031658,6.241230945008648,44.1009521484375,128.35245768229166,0.5917559663454691,1,with_flow
21303_1,1,4.420841383377495,21303,Rickshaw,15965,532.0189726172026,-1.3581400231299583,6.208458719721684,-0.05226459916302029,-0.18815255698687303,4.186204973900651,0.0020250779489428016,-0.025418841760709077,2.6949988794749062,-1.3387795686721802,6.237072964012668,42.8221435546875,127.410888671875,0.6070095300674438,1,with_flow
21303_1,1,4.420841383377495,21303,Rickshaw,15966,532.052296699421,-1.3575573008827306,6.209108152712604,0.08723807483685403,0.3140570694126745,4.18628334949819,0.0027816777344404258,0.06439911888360247,2.695626466541299,-1.3208363056182861,6.245388926004628,45.05914306640625,127.15625,0.5918846279382706,1,with_flow
21303_1,1,4.420841383377495,21303,Rickshaw,15967,532.0856207816395,-1.3523257315245563,6.212751095067943,0.22674382086003814,0.8162777550961373,4.186390367615706,0.003718575144349651,0.1542434430016827,2.6965887570668325,-1.302893042564392,6.253704887996587,47.296142578125,126.901611328125,0.5767597258090973,1,with_flow
21303_1,0,4.420841383377495,21303,Rickshaw,15968,532.1189448638579,-1.3424451957314194,6.219388618528391,0.36625368498863903,1.3185132659591006,4.186531185705881,0.0047756794198857925,0.2441259124953214,2.697919290107232,-1.284949779510498,6.262020849988546,49.53314208984375,126.64697265625,0.561634823679924,1,with_flow
21303_1,0,4.420841383377495,21303,Rickshaw,15969,532.1522689460763,-1.3279155368591344,6.22902220133168,0.5057688481592822,1.8207678533734162,4.18670865788298,0.005878144622481219,0.3340589964995742,2.6996254295876545,-1.267006516456604,6.270336811980505,51.7701416015625,126.392333984375,0.5465099215507507,1,with_flow
21303_1,0,4.420841383377495,21303,Rickshaw,15970,532.1855930282948,-1.308736557809186,6.241653736289688,0.645290542435975,2.32304595276951,4.186922953255264,0.0069449531215497575,0.42405495564645534,2.701687278473079,-1.265784740447998,6.28663450795024,51.1641845703125,123.481689453125,0.4632566571235657,1,with_flow
21303_1,0,4.420841383377495,21303,Rickshaw,15971,532.2189171105132,-1.2849080208485648,6.25728550872401,0.7848199593302239,2.825351853588806,4.187171526260632,0.007904262827135619,0.514124935271088,2.7040576707762547,-1.254812479019165,6.268716054476483,55.246826171875,122.815185546875,0.5902094841003418,1,with_flow
21303_1,0,4.420841383377495,21303,Rickshaw,15972,532.2522411927316,-1.2564296503695327,6.275920144121547,0.9243581689514051,3.3276894082250585,4.187449757863919,0.008700065659395368,0.604278064042103,2.7066643502141043,-1.2094401121139526,6.296311508861953,61.328125,125.010498046875,0.4404956102371216,1,with_flow
21303_1,0,4.420841383377495,21303,Rickshaw,15973,532.28556527495,-1.2233011379735124,6.297560529425794,1.0639060601008294,3.8300618163629863,4.1877513696673105,0.009277735634621177,0.6945208410499015,2.7094230804016277,-1.190218448638916,6.310665218324565,63.39862060546875,121.6566162109375,0.4281827062368393,1,with_flow
21303_1,0,4.420841383377495,21303,Rickshaw,15974,532.3188893571685,-1.1855221494906991,6.3222097193080895,1.2034642795407882,4.332471406346838,4.188068101914097,0.009584597360527669,0.7848567691482788,2.7122381833507037,-1.1709967851638794,6.325018927787177,65.4691162109375,118.302734375,0.415869802236557,1,with_flow
21303_1,0,4.420841383377495,21303,Rickshaw,15975,532.3522134393869,-1.143092334103003,6.349870830274762,1.3430331711687398,4.834919416207463,4.188390165488256,0.009585487257230988,0.8752860111422227,2.7150058264950045,-1.1310733556747437,6.331518988530103,69.469482421875,120.4061279296875,0.5904448628425598,1,with_flow
21303_1,0,4.420841383377495,21303,Rickshaw,15976,532.3855375216053,-1.0960113351425924,6.380546926025145,1.4826127377175817,5.337405855783294,4.188706957045024,0.0092596009789779,0.9658052306892259,2.717621531358002,-1.0860683917999268,6.3558991836114025,70.85400390625,121.96905517578125,0.6323553621768951,1,with_flow
21303_1,0,4.420841383377495,21303,Rickshaw,15977,532.4188616038238,-1.0442788018490154,6.414240902541787,1.6222026187359542,5.8399294274494356,4.189007300896923,0.00859183957191779,1.0564077562669612,2.71999109051564,-1.04106342792511,6.380279378692701,72.238525390625,123.531982421875,0.6742658615112305,1,with_flow
21303_1,0,4.420841383377495,21303,Rickshaw,15978,532.4521856860422,-0.9878944017684255,6.450955383957677,1.761802073543393,6.342487464756215,4.189279587381629,0.007581821467810993,1.1470840340966117,2.722036569647245,-1.0624816417694092,6.394507131738079,71.7608642578125,121.4102783203125,0.5487220287322998,1,with_flow
21303_1,0,4.420841383377495,21303,Rickshaw,15979,532.4855097682606,-0.9268578335874795,6.490692636629103,1.9014099758292335,6.845075912985241,4.18951261538084,0.006285808410913761,1.23782227453928,2.7237034288630864,-1.055219650268555,6.423349377250766,73.1002197265625,119.08642578125,0.5936127305030823,1,with_flow
21303_1,0,4.420841383377495,21303,Rickshaw,15980,532.518833850479,-0.8611688392729459,6.533454509767543,2.0410248730387086,7.347689542939351,4.189698524974218,0.004845381393435161,1.3286094281997398,2.7249724015884764,-1.0456622838974,6.465390436062408,73.62646484375,117.24658203125,0.4160906970500946,1,with_flow
21303_1,0,4.420841383377495,21303,Rickshaw,15981,532.5521579326975,-0.7908272125529827,6.579242414705075,2.1806451450221607,7.850322522079779,4.189835551156709,0.003456505694163751,1.4194325009348063,2.725866696749433,-0.8074051737785339,6.577065169616686,79.238525390625,127.162109375,0.7907347679138184,1,with_flow
21303_1,1,4.420841383377495,21303,Rickshaw,15982,532.5854820149159,-0.7158328007304453,6.628057350373028,2.320269236224794,8.35296925040926,4.189928894734099,0.002258307325258594,1.5102799446627033,2.7264463795302953,-0.7573985457420349,6.617540111172908,77.080078125,126.7401123046875,0.5150776505470276,1,with_flow
21303_1,1,4.420841383377495,21303,Rickshaw,15983,532.6188060971343,-0.6361854994603544,6.67989996690223,2.459895812232265,8.855624924036155,4.189986063194672,0.0013096285101351114,1.6011424214606904,2.7267809282575706,-0.6580506563186646,6.678132243998954,82.178466796875,128.6495361328125,0.4929533004760742,1,with_flow
21303_1,1,4.420841383377495,21303,Rickshaw,15984,532.6521301793528,-0.5518852444074862,6.734770642730914,2.5995238153728195,9.35828573534215,4.190016179070394,0.0006477841450753726,1.6920129917526803,2.7269447832712714,-0.533375084400177,6.761894680687226,83.6893310546875,127.4952392578125,0.3976354897022247,1,with_flow
21303_1,1,4.420841383377495,21303,Rickshaw,15985,532.6854542615712,-0.4629320011916393,6.792669566728129,2.7391525104514405,9.860949037625186,4.1900292368188925,0.0002647484873351937,1.782887213301292,2.7270113565857543,-0.3367927968502044,6.862162375328565,89.41845703125,134.2332763671875,0.5814126133918762,1,with_flow
21303_1,1,4.420841383377495,21303,Rickshaw,15986,532.7187783437896,-0.369325754486114,6.853596818027355,2.8787814816166906,10.363613333820087,4.190033824071112,7.885476889646806e-05,1.8737628376449595,2.727035057007823,-0.3808170557022095,6.842236424928855,84.6676025390625,130.76806640625,0.7277390956878662,1,with_flow
21303_1,1,4.420841383377495,21303,Rickshaw,15987,532.752102426008,-0.27106649881578293,6.917552424728794,3.0184105299702284,10.866277907892822,4.1900344923444965,-3.874723464036833e-05,1.9646388670921433,2.727038617792855,-0.1863631308078766,6.950572426409392,89.850341796875,136.8916015625,0.7946240901947021,1,with_flow
23013_3,1,2.6910291214624382,23013,Bike,17177,572.4077602659373,0.5476951063000379,-0.12099792757049002,6.722061138768802,24.199420099567686,-7.043276754611648,-0.001629334995683962,0.4562976341201764,-3.4663872345888547,0.6053043007850647,-0.10711669040975719,102.013427734375,140.428466796875,0.386125236749649,1,with_flow
23013_3,1,2.6910291214624382,23013,Bike,17178,572.4410843481558,0.7677908533899142,-0.10771693511465917,6.487349396617712,23.354457827823765,-7.043338818683495,-0.0020955430933135644,0.3407829540931183,-3.4664191702995786,0.7184792160987854,-0.1032785899276174,100.55047607421876,139.4285888671875,0.3839811682701111,1,with_flow
23013_3,1,2.6910291214624382,23013,Bike,17179,572.4744084303742,0.980065010295439,-0.0982853836291937,6.252635359507096,22.509487294225547,-7.043416418712316,-0.002691279549101069,0.22526695432329166,-3.4664696742756194,0.940752774477005,-0.10583732358237725,102.50213623046876,143.99530029296875,0.3845237046480179,1,with_flow
23013_3,1,2.6910291214624382,23013,Bike,17180,572.5077325125926,1.1845174900512,-0.09270333105475134,6.017918350154095,21.664506060554743,-7.043518187525429,-0.0034732156434142,0.10974868763875127,-3.466558288198263,1.1630263328552246,-0.1083960572371371,104.45379638671876,148.56201171875,0.3850662410259247,1,with_flow
23013_3,1,2.6910291214624382,23013,Bike,17181,572.541056594811,1.3811481793080098,-0.09097087722374185,5.7831974894372085,20.81951096197395,-7.043647902159643,-0.004314237450042165,-0.005773387927983542,-3.466700082586992,1.3365943431854248,-0.1128208529535688,106.18865966796876,147.3372802734375,0.3859893679618835,1,with_flow
23013_3,1,2.6910291214624382,23013,Bike,17182,572.5743806770295,1.5699569339854165,-0.0930881800974419,5.548471831690778,19.9744985940868,-7.043805723532419,-0.005080331109508681,-0.12130116378586384,-3.4669001883010027,1.5200140476226809,-0.1123423072697793,106.307373046875,151.565673828125,0.5785478949546814,1,with_flow
23013_3,0,2.6910291214624382,23013,Bike,17183,572.6077047592479,1.75094357929644,-0.09905546113564559,5.313740509409444,19.129465833873997,-7.043986496902823,-0.005613380215312087,-0.23683648569335636,-3.4671505426659723,1.7499942779541016,-0.1083960572371371,106.65838623046876,156.930908203125,0.6956228017807007,1,with_flow
23013_3,0,2.6910291214624382,23013,Bike,17184,572.6410288414663,1.924107915492193,-0.10887299648994522,5.0790029216174455,18.284410517822803,-7.0441798450200555,-0.00582037038448467,-0.35238072506416024,-3.467431414257349,1.931976079940796,-0.1123423072697793,107.45977783203124,159.27685546875,0.7818343639373779,1,with_flow
23013_3,0,2.6910291214624382,23013,Bike,17185,572.6743529236848,2.089449728918325,-0.12254109561765904,4.844258839680691,17.439331822850487,-7.044374413905292,-0.005694020778188592,-0.4679344736378789,-3.467716592162777,2.0820083618164062,-0.1022821150042272,109.416748046875,154.583740234375,0.6671769022941589,1,with_flow
23013_3,0,2.6910291214624382,23013,Bike,17186,572.7076770059032,2.2469688045003298,-0.1400600726574371,4.609508403985409,16.594230254347472,-7.044559341053187,-0.005232392566913115,-0.5834974177910144,-3.4679795463949876,2.239715337753296,-0.1301197250369146,111.73388671875,155.2396240234375,0.760883629322052,1,with_flow
23013_3,0,2.6910291214624382,23013,Bike,17187,572.7410010881216,2.3966649379404514,-0.16143021807783242,4.374752124560485,15.749107648417745,-7.0447231432654895,-0.00441618444988575,-0.6990685049968595,-3.4682031834732845,2.40185546875,-0.161060830228902,114.43328857421876,155.5775146484375,0.4217730164527893,1,with_flow
23013_3,1,2.6910291214624382,23013,Bike,17188,572.77432517034,2.538537948471324,-0.18665177928558765,4.139990907434559,14.903967266764411,-7.0448536716405865,-0.0032730678670591937,-0.8146462394804673,-3.46837692218054,2.642909049987793,-0.1628456858821385,114.96221923828124,160.5654296875,0.5010371208190918,1,with_flow
23013_3,1,2.6910291214624382,23013,Bike,17189,572.8076492525585,2.6725876921120806,-0.2157249484953362,3.9052260414671895,14.058813749281883,-7.044941287230906,-0.0020073977505193517,-0.9302288236906978,-3.468493979756947,2.771689414978028,-0.2006689787504649,113.56756591796876,161.89208984375,0.3279219567775726,1,with_flow
23013_3,1,2.6910291214624382,23013,Bike,17190,572.8409733347769,2.798814071425814,-0.24864985621032754,3.670458968271716,13.213652285778178,-7.044987461015953,-0.0009508907827186288,-1.0458144196669303,-3.4685595056014407,2.8145740032196045,-0.2487786532251519,112.8582763671875,159.340087890625,0.6601105332374573,1,with_flow
23013_3,1,2.6910291214624382,23013,Bike,17191,572.8742974169953,2.9172170339171775,-0.28542657657107623,3.435690881468396,12.368487173286226,-7.045004662356154,-0.000308746235261137,-1.1614015333031464,-3.4685876967822042,2.8808369636535645,-0.2826107242977813,114.47869873046876,153.03271484375,0.6168265342712402,1,with_flow
23013_3,1,2.6910291214624382,23013,Bike,17192,572.9076214992137,3.027796559041347,-0.32605514235900007,3.2009224904973954,11.523320965790624,-7.04500803838581,-5.425824831184946e-05,-1.2769891857802316,-3.4685946220584065,2.948202848434448,-0.3470384961337278,117.54571533203124,148.7216796875,0.6763022541999817,1,with_flow
23013_3,1,2.6910291214624382,23013,Bike,17193,572.9409455814322,3.130552642025984,-0.3705355627483183,2.9661540573938314,10.678154606617793,-7.04500827856881,3.984326770023472e-05,-1.3925769347952304,-3.4685952881283715,3.119272470474243,-0.3767121870527172,121.3648681640625,148.1412353515625,0.6328927874565125,1,with_flow
2320,1,2.0951912688858583,2320,Car,1655,55.1513560714983,-24.46038210960301,2.0362220516406624,0.08150236723340369,0.2934085220402533,7.274997313624358,0.001664664876216193,-0.5606805852557564,1.8441955790378406,-24.51154327392578,2.064258914571333,43.3302001953125,74.327880859375,0.3068089187145233,1,with_flow
2320,1,2.0951912688858583,2320,Car,1656,55.18468015371673,-24.453626684509302,2.0185618727172634,0.3239360155236115,1.1661696558850014,7.2750615045320535,0.0021878587896287157,-0.49922425366873713,1.8442049740637485,-24.336706161499023,2.0399056848075268,48.6324462890625,76.86376953125,0.4347481429576874,1,with_flow
2320,1,2.0951912688858583,2320,Car,1657,55.218004235935155,-24.43879234218446,2.002949669721854,0.5663720677484076,2.0389394438942676,7.275143130396734,0.0027017590296372516,-0.4377681293456507,1.8441759420838568,-24.391826629638672,2.021173304513667,47.8076171875,74.52935791015625,0.3304714262485504,1,with_flow
2320,1,2.0951912688858583,2320,Car,1658,55.25132831815358,-24.415878992131685,1.989385405797788,0.8088111425487032,2.9117201131753316,7.2752415718121295,0.003023768630662876,-0.3763142862952552,1.8440587286191223,-24.391826629638672,1.9466897754972825,49.3616943359375,70.68609619140625,0.3753640949726105,1,with_flow
2320,1,2.0951912688858583,2320,Car,1659,55.28465240037201,-24.384886526188332,1.977868945418284,1.0512536182961734,3.7845130258662243,7.27534465902565,0.0028970396735959244,-0.31486660669262667,1.8437980209669775,-24.369539260864258,1.914838768243328,52.650146484375,70.63104248046875,0.5055322647094727,1,with_flow
2320,1,2.0951912688858583,2320,Car,1660,55.31797648259044,-24.345814831529417,1.968399996020512,1.2936993657884015,4.657317716838246,7.275434654188675,0.002193755479362929,-0.25343050158795266,1.8433617549491816,-24.347251892089844,1.9102301825997767,56.3458251953125,71.81787109375,0.5716050267219543,1,with_flow
2320,0,2.0951912688858583,2320,Car,1661,55.35130056480887,-24.29866381015218,1.9609780737082063,1.5361476081026848,5.530131389169665,7.2754908688015725,0.000890192044557515,-0.19201183020133725,1.8427559314312068,-24.347251892089844,1.9417068686701184,56.6871337890625,74.33892822265625,0.5439176559448242,1,with_flow
2320,0,2.0951912688858583,2320,Car,1662,55.384624647027294,-24.24343340147971,1.955602509571624,1.778596883000363,6.402948778801306,7.2754939838544415,-0.0008691660938912193,-0.13061564651325464,1.8420205179132294,-24.282808303833008,1.9617899984862657,55.570068359375,75.754638671875,0.4309942424297333,1,with_flow
2320,0,2.0951912688858583,2320,Car,1663,55.41794872924572,-24.18012360306418,1.9522724920264078,2.021045210983657,7.275762759541166,7.275432940476824,-0.002794080436050808,-0.06924538289941473,1.8412094001369148,-24.289587020874023,1.9545643578187064,54.77197265625,73.733154296875,0.503295361995697,1,with_flow
2320,0,2.0951912688858583,2320,Car,1664,55.45127281146415,-24.108734482782758,1.9509871252243167,2.2634904108917313,8.148565479210234,7.27530776352209,-0.00443414572173008,-0.007902670632686903,1.84037562588201,-24.17057991027832,1.959970549169141,54.4759521484375,74.91058349609375,0.4298490881919861,1,with_flow
2320,0,2.0951912688858583,2320,Car,1665,55.48459689368258,-24.02926617782727,1.9517454879566007,2.505930611311637,9.021350200721894,7.275137412803625,-0.005301360678217272,0.053412585563644255,1.8395696183459775,-24.059309005737305,1.9450974025379888,55.6163330078125,75.6324462890625,0.4373477399349212,1,with_flow
2320,0,2.0951912688858583,2320,Car,1666,55.517920975901006,-23.941718874317754,1.9545466894450614,2.7483648223170176,9.894113360341263,7.274954437563869,-0.0051275944189233475,0.11470209650340679,1.838838395499001,-23.88158130645752,1.978512220803103,54.40704345703125,79.68167114257812,0.419962927699089,1,with_flow
2320,1,2.0951912688858583,2320,Car,1667,55.551245058119434,-23.84609277192163,1.9593899220806466,2.9907932456808384,10.766855684451018,7.274795668047627,-0.004034518901220363,0.1759691418694601,1.8382282898316125,-23.70385360717773,2.011927039068217,53.19775390625,83.73089599609375,0.4025781154632568,1,with_flow
2320,1,2.0951912688858583,2320,Car,1668,55.58456914033786,-23.74238804458311,1.966274511331521,3.233217154478277,11.639581756121798,7.274685544284717,-0.0025763535326167623,0.2372183438072637,1.8377703477845824,-23.67262077331543,1.9711275379833595,48.5218505859375,86.30023193359375,0.4637779593467712,1,with_flow
2320,1,2.0951912688858583,2320,Car,1669,55.61789322255629,-23.63060481469819,1.9751999489535685,3.475638230032671,12.512297628117617,7.274623958813738,-0.0013377682049163842,0.2984549125127257,1.8374698462597676,-23.641387939453125,2.048794659796201,51.44091796875,84.9495849609375,0.3378842175006866,1,with_flow
2320,1,2.0951912688858583,2320,Car,1670,55.65121730477472,-23.510743152106294,1.9861659005518033,3.7180578650465215,13.385008314167477,7.274596384489417,-0.0005415347942082282,0.35968399143608365,1.8373163671066262,-23.525202751159668,2.0062687574799085,55.1082763671875,86.47406005859375,0.33160378038883204,1,with_flow
2320,1,2.0951912688858583,2320,Car,1671,55.684541386993146,-23.382803088817266,1.9991721913240792,3.960476936345907,14.257716970845266,7.274587866513725,-0.00014408932433399583,0.4209098167758013,1.8372650560068449,-23.40901756286621,1.963742855163616,58.775634765625,87.99853515625,0.3253233432769775,1,with_flow
2320,1,2.0951912688858583,2320,Car,1672,55.717865469211574,-23.24678463538122,2.0142187587338367,4.202895873389487,15.130425144202153,7.274586781200435,7.895244925748557e-05,0.48213481899736615,1.8372582716498735,-23.27768325805664,1.9513058120838247,59.5416259765625,91.236328125,0.2807135879993438,1,with_flow
24264_1,1,4.420841383377495,24264,Rickshaw,18022,600.566609740509,-1.674574741739449,5.685591512165819,-3.079886315183488,-11.087590734660557,12.64732449093712,0.0030982099059428947,0.23178328471273088,2.735742390098601,-1.7674810886383057,5.697966725203275,66.7552490234375,156.9857177734375,0.5370076894760132,1,with_flow
24264_1,1,4.420841383377495,24264,Rickshaw,18023,600.5999338227274,-1.770186715044526,5.694834494847795,-2.658424061444297,-9.570326621199468,12.647431749564761,0.003339094319731615,0.3229497462091182,2.7357624804334018,-1.5643842220306396,5.769850584729299,73.232421875,162.16748046875,0.8118769526481628,1,with_flow
24264_1,1,4.420841383377495,24264,Rickshaw,18024,600.6332579049458,-1.8517537847099061,5.707115524659317,-2.236958110558629,-8.053049198011065,12.647547035444411,0.0035554887536635906,0.4141165863749321,2.73575840279128,-1.5590078830718994,5.775092500527115,74.585693359375,162.928955078125,0.776759922504425,1,with_flow
24264_1,1,4.420841383377495,24264,Rickshaw,18025,600.6665819871642,-1.919275822836914,5.722434591140683,-1.8154881894529775,-6.53575748203072,12.647668716363869,0.0035411259269555453,0.5052820653907057,2.7356663649911033,-1.7604751586914062,5.719306225930487,71.787353515625,156.4168701171875,0.7066609263420105,1,with_flow
24264_1,1,4.420841383377495,24264,Rickshaw,18026,600.6999060693827,-1.9727526956108759,5.740791582466317,-1.3940142843978203,-5.018451423832153,12.647783044987483,0.002976535275154093,0.5964416296886542,2.735385500888521,-1.7375199794769287,5.779051434903183,75.3282470703125,154.7913818359375,0.7907475233078003,1,with_flow
24264_1,1,4.420841383377495,24264,Rickshaw,18027,600.7332301516011,-2.012184278169613,5.762186176633826,-0.9725369964688528,-3.5011331872878704,12.64786709697634,0.0016176237245372756,0.6875871693305984,2.7348048374722573,-2.213089942932129,5.669487801863118,73.99609375,134.50048828125,0.5746945738792419,1,with_flow
24264_1,0,4.420841383377495,24264,Rickshaw,18028,600.7665542338195,-2.0375704800789203,5.7866177174564255,-0.5510578324735707,-1.9838081969048544,12.647890856639473,-0.0005394422099956471,0.7787066930363586,2.73380723207595,-2.335622549057007,5.665054135976459,71.6494140625,129.5643310546875,0.5189047455787659,1,with_flow
24264_1,0,4.420841383377495,24264,Rickshaw,18029,600.799878316038,-2.0489112771272824,5.814085090674724,-0.12957922061732052,-0.4664851942223539,12.647831144143224,-0.003194048261287569,0.8697849781860786,2.7323245106139664,-2.3288323879241943,5.7216287913029324,71.2169189453125,127.1978759765625,0.6992939114570618,1,with_flow
24264_1,0,4.420841383377495,24264,Rickshaw,18030,600.8332023982564,-2.0462067365433856,5.844586650242282,0.29189585318549316,1.0508250714677754,12.647677979185735,-0.0059412534673234955,0.9608057369181554,2.730360901877444,-2.376225233078003,5.779051434903183,69.9049072265625,120.073486328125,0.7896037101745605,1,with_flow
24264_1,0,4.420841383377495,24264,Rickshaw,18031,600.8665264804748,-2.029457028078237,5.878120221639048,0.7133642980884347,2.568111473118365,12.647435170505172,-0.00835842841871893,1.0517538733016527,2.7279806917906217,-2.251922369003296,5.820182769056261,76.9251708984375,122.2362060546875,0.7231683731079102,1,with_flow
24264_1,0,4.420841383377495,24264,Rickshaw,18032,600.8998505626932,-1.9986624196550553,5.914683171751179,1.1348233935183831,4.085364216666179,12.64712090527405,-0.010075648577168727,1.1426172059237492,2.725292652861082,-2.0813064575195312,5.85991616438144,68.739013671875,124.626220703125,0.6695134043693542,1,with_flow
24264_1,0,4.420841383377495,24264,Rickshaw,18033,600.9331746449117,-1.9538232575887515,5.954272529118208,1.5562712124576217,5.6025763648474385,12.646763647021993,-0.010886746982212205,1.2333878203526907,2.722443521907695,-1.839879393577576,6.000670154396893,74.5050048828125,128.9642333984375,0.7529993653297424,1,with_flow
24264_1,0,4.420841383377495,24264,Rickshaw,18034,600.9664987271301,-1.8949399356005867,5.996885146080359,1.9777068562430924,7.119744682475133,12.646395323570998,-0.010792201997879303,1.324063200113984,2.719604903858298,-1.82493269443512,6.00200919529448,68.1043701171875,125.6478271484375,0.6971142292022705,1,with_flow
24264_1,0,4.420841383377495,24264,Rickshaw,18035,600.9998228093485,-1.8220128600934429,6.042517884727125,2.399130441957258,8.636869591046128,12.646044366568603,-0.00990734715378656,1.4146463568467085,2.7169337434364165,-1.6848297119140625,6.073681589962273,67.3466796875,127.800048828125,0.5786915421485901,1,with_flow
24264_1,0,4.420841383377495,24264,Rickshaw,18036,601.033146891567,-1.7350424185402065,6.091167792398909,2.8205429658448122,10.153954677041325,12.645735017068759,-0.008400052551362632,1.5051453423541337,2.7145764111146127,-1.466834306716919,6.219610082481811,71.208984375,135.051025390625,0.6845830678939819,1,with_flow
24264_1,0,4.420841383377495,24264,Rickshaw,18037,601.0664709737854,-1.6340289528377925,6.142832262647962,3.2419461283936566,11.671006062217163,12.645484518484881,-0.006540203947870231,1.5955727329208722,2.7126514315148587,-1.4510984420776367,6.235100238154008,63.30810546875,131.997802734375,0.5192322731018066,1,with_flow
24264_1,1,4.420841383377495,24264,Rickshaw,18038,601.0997950560038,-1.5189727406096782,6.197509162260254,3.663342024607861,13.1880312885883,12.64529912448059,-0.004624930387196716,1.6859439645366368,2.711208615294751,-1.4018137454986572,6.267162000652574,57.947509765625,131.95654296875,0.4993914663791656,1,with_flow
24264_1,1,4.420841383377495,24264,Rickshaw,18039,601.1331191382222,-1.3898739879909567,6.255196887855655,4.084732801112478,14.705038084004922,12.645176275363927,-0.0028810763445289793,1.7762750611904319,2.7102366113985537,-1.2422322034835815,6.332623856933677,59.33984375,135.727294921875,0.659369170665741,1,with_flow
24264_1,1,4.420841383377495,24264,Rickshaw,18040,601.1664432204407,-1.2467328322163802,6.315894354535998,4.506120411852587,16.222033482669314,12.645107106030625,-0.001491863423142057,1.8665808497632974,2.7096757246677297,-1.20587956905365,6.359061931507823,56.3795166015625,135.124267578125,0.517088770866394,1,with_flow
24264_1,1,4.420841383377495,24264,Rickshaw,18041,601.1997673026591,-1.0895493514962251,6.379600929562087,4.927506411930922,17.73902308295132,12.645076845405184,-0.0005789351993608366,1.9568733848618796,2.7094206956694444,-1.1215840578079224,6.34584289422075,61.575927734375,134.6666259765625,0.6284849047660828,1,with_flow
24264_1,1,4.420841383377495,24264,Rickshaw,18042,601.2330913848775,-0.918323581026686,6.446316317518799,5.348891815728804,19.256010536623695,12.64506852106226,-0.0001390349882349405,2.047160724815108,2.709342935549448,-1.1375694274902344,6.359061931507823,72.3538818359375,134.219970703125,0.6404513716697693,1,with_flow
24264_1,1,4.420841383377495,24264,Rickshaw,18043,601.266415467096,-0.7330555314534198,6.516040421728137,5.7702770952367795,20.772997542852405,12.645067578978425,8.249426616657729e-05,2.137446847514844,2.709333171142304,-0.8524642586708069,6.425492765184609,83.6790771484375,139.8779296875,0.7355199456214905,1,with_flow
24292,1,4.420841383377495,24292,Rickshaw,17982,599.2336464517718,-19.58187820543516,0.7532526463656084,2.290407912360802,8.245468484498888,6.309583152657426,0.0016808377619526027,-0.034689025645371685,-0.27268815707098865,-19.46471405029297,0.7533435527421877,31.665283203125,67.85943603515625,0.4434097409248352,1,with_flow
24292,1,4.420841383377495,24292,Rickshaw,17983,599.2669705339903,-19.502049075698675,0.7519452566585358,2.5006698370149785,9.002411413253922,6.309633551238454,0.0013439165701552775,-0.043776146173785,-0.27269044363256495,-19.565523147583008,0.7244221853110684,33.319091796875,70.55340576171875,0.4841625988483429,1,with_flow
24292,1,4.420841383377495,24292,Rickshaw,17984,599.3002946162087,-19.41521313394359,0.7503350458804899,2.7109332807129856,9.759359810566748,6.309672722229983,0.0008768040668073056,-0.05286331964612645,-0.272689870189359,-19.40400505065918,0.7444591902420314,33.2757568359375,73.8084716796875,0.4914494752883911,1,with_flow
24292,1,4.420841383377495,24292,Rickshaw,17985,599.3336186984271,-19.321370337451903,0.7484220161757542,2.921197721293615,10.516311796657014,6.309691988620077,0.00015252232103907509,-0.06195022489753771,-0.27267108068569224,-19.32987403869629,0.7376293365700364,34.677734375,74.26416015625,0.5201090574264526,1,with_flow
24292,1,4.420841383377495,24292,Rickshaw,17986,599.3669427806456,-19.220520665617315,0.7462061904283269,3.1314623546237548,11.273264476645517,6.309682887562716,-0.0008070923123118395,-0.07103590293024414,-0.2726120526583522,-19.35503387451172,0.7069030669009662,37.8211669921875,74.1590576171875,0.5613120198249817,1,with_flow
24292,1,4.420841383377495,24292,Rickshaw,17987,599.400266862864,-19.112664129251606,0.7436876369943592,3.3417261056564347,12.030213980363165,6.309638197398931,-0.0019198512090273408,-0.08011853215327375,-0.2724812362587681,-19.103086471557617,0.7557136622270535,39.7213134765625,76.33685302734375,0.4917428493499756,1,with_flow
24292,0,4.420841383377495,24292,Rickshaw,17988,599.4335909450824,-18.997800778217115,0.7408665058258688,3.551987730467281,12.787155829682211,6.309554933003643,-0.00311865904573173,-0.08919493884422725,-0.27223026128131167,-18.931415557861328,0.7634032127975265,39.3338623046875,75.492919921875,0.4722406566143036,1,with_flow
24292,0,4.420841383377495,24292,Rickshaw,17989,599.4669150273008,-18.875930705216387,0.7377430798346382,3.7622459027797435,13.544085250007077,6.309430344498028,-0.004419172311445419,-0.09826033813865753,-0.2718141368890087,-18.98897171020508,0.7143094816377678,40.113525390625,73.78369140625,0.4676572680473327,1,with_flow
24292,0,4.420841383377495,24292,Rickshaw,17990,599.5002391095193,-18.747054049029465,0.7343178243187327,3.972499175314453,14.300997031132031,6.309260403280755,-0.005780950083191217,-0.10730861922822703,-0.2711963632668792,-18.86498260498047,0.7271526011105871,40.218505859375,75.08795166015625,0.4833505153656006,1,with_flow
24292,0,4.420841383377495,24292,Rickshaw,17991,599.5335631917377,-18.611170998381617,0.7305914295370245,4.182746020643522,15.057885674316681,6.309045054786282,-0.007100893386149467,-0.11633234086426314,-0.27033199016205334,-18.39365005493164,0.7999861010611982,37.9493408203125,78.01214599609375,0.4419112205505371,1,with_flow
24292,0,4.420841383377495,24292,Rickshaw,17992,599.5668872739561,-18.46828179205511,0.7265648596637686,4.392984979523269,15.814745926283768,6.308787141770706,-0.008448066274686531,-0.1253225115605513,-0.26917793292489156,-18.269775390625,0.800731017956928,37.7445068359375,77.68438720703125,0.513388991355896,1,with_flow
24292,0,4.420841383377495,24292,Rickshaw,17993,599.6002113561746,-18.31838671689749,0.7222393968405876,4.60321458327037,16.571572499773332,6.308482006676034,-0.010055445724978565,-0.1342692501434114,-0.2677282654125661,-18.31249237060547,0.7784958074401136,37.6138916015625,78.0733642578125,0.4528490304946899,1,with_flow
24292,0,4.420841383377495,24292,Rickshaw,17994,599.633535438393,-18.161486112989692,0.7176166471776848,4.813433060333788,17.328359017201635,6.308116964770542,-0.012058382741735763,-0.1431632485711175,-0.2660226028331827,-18.25761604309082,0.7635804387986778,36.8084716796875,75.2738037109375,0.3259482681751251,1,with_flow
24292,0,4.420841383377495,24292,Rickshaw,17995,599.6668595206114,-17.997580387004355,0.7126984976523324,5.023638180532023,18.085097449915285,6.30767833760022,-0.0143948656119156,-0.15199716445066075,-0.2641377810125031,-18.268760681152344,0.7023984396524845,34.798828125,72.825927734375,0.3631681501865387,1,with_flow
24292,0,4.420841383377495,24292,Rickshaw,17996,599.7001836028298,-17.82667002687703,0.7074870317202636,5.233827325071175,18.841778370256232,6.307157573400192,-0.01680210807209129,-0.16076668858896537,-0.26217541801076083,-18.215933481852215,0.6929938712357026,34.616414388020836,72.76295979817708,0.3898466229438782,1,with_flow
24292,0,4.420841383377495,24292,Rickshaw,17997,599.7335076850483,-17.648755610592985,0.701984419251212,5.44399777731206,19.598391998323414,6.306558507938545,-0.01881693868217574,-0.16947093495367863,-0.26023608267502873,-18.16310628255209,0.6835893028189205,34.434000651041664,72.69999186197917,0.4165250957012176,1,with_flow
24292,0,4.420841383377495,24292,Rickshaw,17998,599.7668317672667,-17.463837801382315,0.696192805408869,5.65414724040355,20.35493006545278,6.3059034589767045,-0.01979589952851437,-0.17811222042583658,-0.2584109978364475,-18.11027908325196,0.6741847344021386,34.2515869140625,72.63702392578125,0.4432035684585571,1,with_flow
24292,0,4.420841383377495,24292,Rickshaw,18009,600.1333966716694,-17.271917322388216,0.6901142095820839,5.864274550918266,21.11138838330576,6.305239147571593,-0.01907591299789578,-0.18669571076145441,-0.2567795154224477,-16.680126190185547,0.6423246795745519,41.23974609375,76.4678955078125,0.4366260468959808,1,with_flow
24292,0,4.420841383377495,24292,Rickshaw,18010,600.1667207538878,-17.072994904808226,0.6837504376157864,6.074380504805226,21.867769817298814,6.3046320843904375,-0.01663151399455208,-0.19522896535932788,-0.2554043570361104,-16.500513076782227,0.6352045939327036,42.1241455078125,78.38818359375,0.314285010099411,1,with_flow
24292,0,4.420841383377495,24292,Rickshaw,18011,600.2000448361063,-16.867071218307593,0.6771030134201144,6.2844678930815245,22.62408441509349,6.304130687692051,-0.013138620921818661,-0.20372118735841138,-0.254320021983488,-16.332088470458984,0.6327576687736647,46.5614013671875,80.0277099609375,0.372277170419693,1,with_flow
24292,1,4.420841383377495,24292,Rickshaw,18012,600.2333689183247,-16.65414681770941,0.6701731408245718,6.494540667377178,23.38034640255784,6.303756419422767,-0.00936723186589977,-0.21218221200790838,-0.2535301338079128,-16.27860450744629,0.6345803113520716,47.3929443359375,83.50567626953125,0.4641695320606231,1,with_flow
24292,1,4.420841383377495,24292,Rickshaw,18013,600.2666930005431,-16.434222118951514,0.6629616993050186,6.7046030756460215,24.13657107232568,6.303506378882334,-0.005944858761336891,-0.22062151377524802,-0.25301011445856925,-16.258342742919922,0.6423246795745519,47.7802734375,83.57330322265625,0.4481229484081268,1,with_flow
24292,1,4.420841383377495,24292,Rickshaw,18014,600.3000170827615,-16.207297401645043,0.6554692707435033,6.914658954658337,24.89277223677001,6.303360205498487,-0.0032551650903642686,-0.22904735421682132,-0.25271302544096275,-16.258342742919922,0.6385780970737371,50.81005859375,84.97320556640625,0.4482436776161194,1,with_flow
24292,1,4.420841383377495,24292,Rickshaw,18015,600.33334116498,-15.973372830815753,0.6476961907619675,7.124711299509152,25.64896067823295,6.303289428104122,-0.001417279827802162,-0.2374661712812724,-0.2525773667768695,-15.96672821044922,0.6716750084378871,54.5943603515625,92.75177001953124,0.4724293649196625,1,with_flow
24292,1,4.420841383377495,24292,Rickshaw,18016,600.3666652471984,-15.732448487663643,0.6396426165039358,7.334762148241501,26.405143733669405,6.303265746399471,-0.0004028084202000786,-0.2458821980093744,-0.25253471286973206,-15.926190853118896,0.6770711764959642,58.5438232421875,95.67266845703124,0.4709353893995285,1,with_flow
24292,1,4.420841383377495,24292,Rickshaw,18017,600.3999893294168,-15.484524401005265,0.631308600560085,7.5448126151226464,27.161325414441528,6.303262581662296,0.0002128714758669048,-0.2542975476619178,-0.2525291960532392,-15.885653495788574,0.6824673445540412,62.4932861328125,98.59356689453124,0.4694414138793945,1,with_flow
2472,1,4.420841383377495,2472,Rickshaw,1723,57.4173936623514,-9.454009207214709,4.548456352304729,3.1996198993483658,11.518631637654117,-5.012724719737297,-0.0013199843840396852,0.11402808215354311,-0.5865967907686472,-9.51874828338623,4.541187247002037,67.2066650390625,80.373046875,0.3732093274593353,1,with_flow
2472,1,4.420841383377495,2472,Rickshaw,1724,57.45071774456983,-9.350168119839346,4.551930526428779,3.032574756400904,10.917269123043255,-5.012765903467692,-0.0011517254218068602,0.0944802139275728,-0.5866001257868643,-9.396584033966064,4.5471112197559025,68.75982666015625,81.390380859375,0.37470510105292004,1,with_flow
2472,1,4.420841383377495,2472,Rickshaw,1725,57.48404182678826,-9.25189368070218,4.554753285261851,2.8655283143971855,10.315901931829869,-5.0128014801225955,-0.000861364165279858,0.07493236897775848,-0.5865935662004704,-9.274419784545898,4.553035192509768,70.31298828125,82.40771484375,0.3762008746465047,1,with_flow
2472,1,4.420841383377495,2472,Rickshaw,1726,57.517365909006685,-9.159185928550817,4.556924637228818,2.6984808912503406,9.714531208501226,-5.012823311808219,-0.00031145792426754695,0.055385074275485044,-0.5865649216711822,-9.152255535125732,4.558959165263632,71.86614990234375,83.425048828125,0.3776966482400894,1,with_flow
2472,1,4.420841383377495,2472,Rickshaw,1727,57.55068999122511,-9.07204488677292,4.558444615378729,2.5314330966031218,9.113159147771238,-5.012822238221547,0.0005077523575842019,0.03583928653325938,-0.5865009604605864,-9.030091285705566,4.564883138017497,73.4193115234375,84.4423828125,0.37919242183367413,1,with_flow
2472,1,4.420841383377495,2472,Rickshaw,1728,57.58401407344354,-8.990470553352765,4.559313291853896,2.364385843397061,8.51178903622942,-5.012789471045598,0.0015602284652525419,0.016296387622904224,-0.5863898374596427,-8.9079270362854,4.570807110771362,74.97247314453125,85.459716796875,0.3806881954272588,1,with_flow
2472,0,4.420841383377495,2472,Rickshaw,1729,57.61733815566197,-8.914462891265298,4.55953079078012,2.1973403085840144,7.910425110902452,-5.012718251858236,0.0027562273116375443,-0.003241907940412625,-0.5862239436679779,-8.785762786865234,4.576731083525227,76.525634765625,86.47705078125,0.3821839690208435,1,with_flow
2472,0,4.420841383377495,2472,Rickshaw,1730,57.6506622378804,-8.844021821148754,4.559097296413757,2.0302978341987266,7.309072203115416,-5.012605773554506,0.003960597346454875,-0.022773747492037977,-0.5860031770749543,-8.800483703613281,4.563300226573114,75.8065185546875,85.68505859375,0.3422852754592895,1,with_flow
2472,0,4.420841383377495,2472,Rickshaw,1731,57.683986320098825,-8.779147218329614,4.558013053029204,1.8632597690083457,6.707735168430045,-5.012454285315021,0.005055177123811018,-0.04229743334284998,-0.58573654769034,-8.724698066711426,4.557650992558438,76.997314453125,82.066162109375,0.4454192817211151,1,with_flow
2472,0,4.420841383377495,2472,Rickshaw,1732,57.71731040231725,-8.719838915046854,4.5562783555290896,1.696227334978186,6.1064184059214694,-5.012268855278301,0.005956091508479403,-0.06181164429378397,-0.5854366942410957,-8.629929542541504,4.565651886103905,79.51318359375,80.007080078125,0.6418116092681885,1,with_flow
2472,0,4.420841383377495,2472,Rickshaw,1733,57.75063448453568,-8.666096706096546,4.553893535647233,1.529201542057092,5.505125551405531,-5.012057322748763,0.006561962464152121,-0.08131549746635688,-0.5851175633275613,-8.575023651123047,4.565714332102309,79.474853515625,79.335693359375,0.6720698475837708,1,with_flow
2472,0,4.420841383377495,2472,Rickshaw,1734,57.78395856675411,-8.61792035766693,4.550858946007359,1.3621830749570485,4.903859069845375,-5.011831512524962,0.006758963379677462,-0.10080865175264825,-0.584798380489985,-8.615716934204102,4.551164059667449,79.416259765625,76.287353515625,0.5866946578025818,1,with_flow
2472,0,4.420841383377495,2472,Rickshaw,1735,57.81728264897254,-8.575309620450469,4.547174938666673,1.1951721585773805,4.30261977087857,-5.011606850246012,0.006492949841863231,-0.12029151721357101,-0.584504513873737,-8.674209594726562,4.527224534643067,78.767333984375,72.3682861328125,0.6366434693336487,1,with_flow
2472,0,4.420841383377495,2472,Rickshaw,1736,57.850606731190965,-8.538264246418697,4.542841837602918,1.0281684911558562,3.701406568161082,-5.011398769336221,0.005822051636932296,-0.13976536540897705,-0.5842605865604094,-8.636913299560547,4.520300124956442,78.411376953125,72.138427734375,0.6793907880783081,1,with_flow
2472,0,4.420841383377495,2472,Rickshaw,1737,57.88393081340939,-8.50678400556783,4.537859912425308,0.8611713146791472,3.10021673284493,-5.011218821191154,0.004874457588798325,-0.1592321256247094,-0.5840802181145613,-8.604133605957031,4.516001640464056,78.6627197265625,72.7308349609375,0.6620364189147949,1,with_flow
2472,0,4.420841383377495,2472,Rickshaw,1738,57.91725489562782,-8.480868698703667,4.532229363491394,0.694179563966715,2.499046430280174,-5.0110738956853025,0.003788819447755117,-0.17869394558806542,-0.5839627962275379,-8.573253631591797,4.521034929858113,78.7672119140625,74.086669921875,0.5600742697715759,1,with_flow
2472,1,4.420841383377495,2472,Rickshaw,1739,57.95057897784625,-8.460518165099598,4.525950322505957,0.5271920209525234,1.8978912754290842,-5.010966303329578,0.0026996815784427874,-0.19815272471195633,-0.5838946420378688,-8.549777030944824,4.534194714408065,78.764892578125,72.96630859375,0.3904896974563598,1,with_flow
2472,1,4.420841383377495,2472,Rickshaw,1740,57.98390306006468,-8.445732285081773,4.519022867080011,0.36020746421586436,1.2967468711771117,-5.010893966863535,0.0017310744144739961,-0.21760977461236014,-0.5838557798949436,-8.487926483154297,4.535229331063436,78.6531982421875,72.523193359375,0.4013330340385437,1,with_flow
2472,1,4.420841383377495,2472,Rickshaw,1741,58.017227142283105,-8.436510977756031,4.5114470418709915,0.19322480948370535,0.6956093141413393,-5.01085093039735,0.0009690371508194411,-0.23706578487749544,-0.5838303308406196,-8.413687705993652,4.527943018431518,78.6064453125,72.53515625,0.4236878752708435,1,with_flow
2472,1,4.420841383377495,2472,Rickshaw,1742,58.05055122450153,-8.432854194588733,4.50322287571673,0.026243209244647292,0.09447555328073025,-5.010829382316162,0.00043696006964862646,-0.2565210694622259,-0.5838120744889896,-8.44433307647705,4.495341594776292,76.802001953125,71.2474365234375,0.3668563961982727,1,with_flow
2472,1,4.420841383377495,2472,Rickshaw,1743,58.08387530671996,-8.434761910965443,4.494350388627581,-0.14073792662429258,-0.5066565358474533,-5.010821807810776,0.0001293449248153407,-0.27597589019073865,-0.5838028037394045,-8.40284252166748,4.481244055829858,77.7899169921875,71.6719970703125,0.404477596282959,1,with_flow
2472,1,4.420841383377495,2472,Rickshaw,1744,58.11719938893839,-8.442234117773056,4.484829590992658,-0.307718938384519,-1.1077881781842684,-5.010820761714344,-6.656171447616543e-05,-0.295430544674989,-0.5838012774394014,-8.30964183807373,4.498983331865015,78.8798828125,72.4686279296875,0.3841465413570404,1,with_flow
24884,1,2.6910291214624382,24884,Bike,18292,609.5641119394845,-2.2274668371159594,5.815593553311168,3.182493039356188,11.456974941682278,-5.2501241824294915,-0.00144192104596641,1.8397229813033575,-1.2514741028087297,-2.26731824874878,5.816538193513066,44.5723876953125,95.704833984375,0.5385573506355286,1,with_flow
24884,1,2.6910291214624382,24884,Bike,18293,609.597436021703,-2.1243283023529944,5.876205753708318,3.0075367498959142,10.827132299625292,-5.250166666017609,-0.0011078018744695415,1.798018577153731,-1.2514849879752123,-2.210523843765259,5.844775848223028,44.9451904296875,97.5855712890625,0.5929693579673767,1,with_flow
24884,1,2.6910291214624382,24884,Bike,18294,609.6307601039214,-2.027020047601709,5.935428186992731,2.8325791866610337,10.19728507197972,-5.250198015390985,-0.00046481791448115954,1.7563138130190175,-1.2514942169871746,-2.0846107006073,5.930167202971932,46.1204833984375,103.1458740234375,0.4385428428649902,1,with_flow
24884,1,2.6910291214624382,24884,Bike,18295,609.6640841861398,-1.9355421057478768,5.993260844527734,2.657621038175702,9.567435737432527,-5.250197645278407,0.0009089424781584331,1.7146089825756368,-1.25148549835575,-1.9728347063064573,5.973518208522814,45.23291015625,105.603515625,0.6018698811531067,1,with_flow
24884,1,2.6910291214624382,24884,Bike,18296,609.6974082683582,-1.8498944737622673,6.049703738165823,2.4826638131620493,8.937589727383378,-5.250137436043237,0.0031569048027672592,1.6729050626563993,-1.2514347529682213,-1.738222360610962,6.060669405044912,47.80859375,114.73095703125,0.6940508484840393,1,with_flow
24884,1,2.6910291214624382,24884,Bike,18297,609.7307323505767,-1.7700770818758564,6.104756927341507,2.3077100211638233,8.307756076189763,-5.249987243368,0.00613684969345723,1.6312039787295998,-1.2513100009254137,-1.6392196416854858,6.121947734239779,48.8775634765625,114.70404052734375,0.6500338912010193,1,with_flow
24884,0,2.6910291214624382,24884,Bike,18298,609.7640564327951,-1.6960897615603316,6.158420553163289,2.1327630144151914,7.677946851894689,-5.249728426275743,0.009423481628798894,1.5895086809182908,-1.2510837171739326,-1.5402169227600098,6.183226063434645,49.946533203125,114.6771240234375,0.6060169339179993,1,with_flow
24884,0,2.6910291214624382,24884,Bike,18299,609.7973805150135,-1.6279322252145354,6.210694868452428,1.9578264935652525,7.04817537683491,-5.2493591856148365,0.012516058460811453,1.5478228612001015,-1.2507396493595286,-1.6058703660964966,6.236901237517058,47.3289794921875,103.8955078125,0.4598577320575714,1,with_flow
24884,0,2.6910291214624382,24884,Bike,18300,609.8307045972319,-1.565604064267595,6.261580255380679,1.7829039244669784,6.418454128081122,-5.248894253953345,0.015068367368184964,1.506150504990493,-1.2502769247871215,-1.5024456977844238,6.291437882531994,48.395751953125,99.69775390625,0.6104126572608948,1,with_flow
24884,0,2.6910291214624382,24884,Bike,18301,609.8640286794504,-1.5091047643519306,6.311077226304847,1.6079981565622934,5.788793363624256,-5.248354906588687,0.016892413085148317,1.4644953447582005,-1.2497118695697418,-1.5026301145553589,6.323381139556318,51.70263671875,98.8551025390625,0.7870352864265442,1,with_flow
24884,0,2.6910291214624382,24884,Bike,18302,609.8973527616688,-1.4584337290928286,6.359186405558559,1.4331112277959392,5.159200420065382,-5.247768405628311,0.017869195568104967,1.4228602726432458,-1.249077841715308,-1.456175684928894,6.369598274511204,54.81982421875,100.5662841796875,0.8226621150970459,1,with_flow
24884,0,2.6910291214624382,24884,Bike,18303,609.9306768438872,-1.4135903098903457,6.405908493238685,1.2582442244285286,4.529679207942703,-5.247163957504109,0.017957663266644008,1.3812468909048203,-1.2484178490611655,-1.3919156789779663,6.410130694770502,55.9195556640625,99.6043701171875,0.7990075945854187,1,with_flow
24884,0,2.6910291214624382,24884,Bike,18304,609.9640009261057,-1.3745738382689492,6.451244217678164,1.083397248948332,3.900230096213995,-5.246571560334014,0.017131089436675375,1.3396552568192384,-1.2477811727226327,-1.4170538187026978,6.421360330278886,55.38623046875,100.9298095703125,0.6719849705696106,1,with_flow
24884,0,2.6910291214624382,24884,Bike,18305,609.9973250083241,-1.3413836592930706,6.495194281231645,0.90856937975907,3.270849767132652,-5.246022201838351,0.015442360258205827,1.2980837538548904,-1.247216815248639,-1.4051553010940552,6.45918273613019,52.775634765625,102.2529296875,0.6672461628913879,1,with_flow
24884,0,2.6910291214624382,24884,Bike,18306,610.0306490905425,-1.3140191653698072,6.537759307565885,0.7337587226885433,2.6415314016787557,-5.245542355368232,0.013087192578052258,1.2565293682682146,-1.2467574607329401,-1.4170538187026978,6.49936318803485,57.807861328125,100.6658935546875,0.6399940252304077,1,with_flow
24884,0,2.6910291214624382,24884,Bike,18307,610.0639731727609,-1.292479825323777,6.578939805876271,0.5589626327466481,2.0122654778879334,-5.2451499644753925,0.010377913890919134,1.2149883710060447,-1.2464128966046057,-1.393592357635498,6.571387551057281,59.558837890625,101.821044921875,0.7607426643371582,1,with_flow
24884,0,2.6910291214624382,24884,Bike,18308,610.0972972549794,-1.2767652039290815,6.618736159984153,0.3841780650811424,1.3830410342921127,-5.244850686456719,0.0076733187424079885,1.1734570866594531,-1.2461716503713571,-1.3153293132781982,6.62224130139364,64.7928466796875,104.3436279296875,0.7411081194877625,1,with_flow
24884,1,2.6910291214624382,24884,Bike,18309,610.1306213371978,-1.2668749682374298,6.6571486395476125,0.20940199147708072,0.7538471693174906,-5.244638551866072,0.005240086724624984,1.1319323767445595,-1.2460152293384401,-1.3001974821090698,6.653491975526576,63.9296875,103.1612548828125,0.775693953037262,1,with_flow
24884,1,2.6910291214624382,24884,Bike,18310,610.1639454194162,-1.2628088815491336,6.694177419926027,0.03463169709196745,0.12467410953108282,-5.244501444295032,0.0032272792046269564,1.0904117174773906,-1.2459254440112764,-1.2688438892364502,6.6930948019460015,65.3004150390625,103.0126953125,0.800757110118866,1,with_flow
24884,1,2.6910291214624382,24884,Bike,18311,610.1972695016347,-1.264566790113701,6.72982260264085,-0.14013506026733402,-0.5044862169624025,-5.2444234596309585,0.0017114518582221612,1.0488932090288132,-1.2458827888356219,-1.2688438892364502,6.736409617202353,66.3543701171875,104.2998046875,0.7080578804016113,1,with_flow
24884,1,2.6910291214624382,24884,Bike,18312,610.2305935838531,-1.2721486057347724,6.76408423691007,-0.3148999657479584,-1.1336398766926503,-5.24438737917016,0.0007133948199443893,1.0073756132929688,-1.2458676072720352,-1.2523412704467773,6.775855619012152,65.8275146484375,103.1202392578125,0.7796750664710999,1,with_flow
24884,1,2.6910291214624382,24884,Bike,18313,610.2639176660715,-1.2855542867261986,6.7969623410628595,-0.4896641249318169,-1.7627908497545408,-5.24437591317569,0.00019434547846631573,0.9658582922007697,-1.2458642367288635,-1.2358386516571045,6.807269504277281,59.0772705078125,103.513916015625,0.6520655155181885,1,with_flow
24884,1,2.6910291214624382,24884,Bike,18314,610.2972417482899,-1.30478381897712,6.828456919647301,-0.664428101887769,-2.3919411667959687,-5.2443744264007535,-0.0001051142176038411,0.9243410180088053,-1.2458639140078074,-1.234957575798035,6.8314495883182405,51.1165771484375,103.1558837890625,0.5909276604652405,1,with_flow
25698,1,4.420841383377495,25698,Rickshaw,18848,628.0923016529305,-24.567720750609563,2.080255565249567,-0.23874724685318632,-0.8594900886714708,5.679575319821792,0.0012937382883109194,-0.07662390305162799,1.1367087503070057,-24.6912784576416,2.049417700553001,25.2117919921875,68.1710205078125,0.3301657438278198,1,with_flow
25698,1,4.420841383377495,25698,Rickshaw,18849,628.1256257351489,-24.572523206172622,2.078333300509854,-0.04947980692699083,-0.178127304937167,5.679624619256493,0.0016650489561490316,-0.03874391388209528,1.1367248818261861,-24.649776458740234,2.055801384662539,25.436279296875,65.72021484375,0.3653199970722198,1,with_flow
25698,1,4.420841383377495,25698,Rickshaw,18850,628.1589498173673,-24.571018468963032,2.077673366278865,0.1397894444642147,0.5032420000711729,5.679686292278417,0.002251283268725526,-0.0008628124564590278,1.1367833700305099,-24.517654418945312,2.091882043887913,26.212890625,67.32830810546875,0.3577800393104553,1,with_flow
25698,1,4.420841383377495,25698,Rickshaw,18851,628.1922738995858,-24.56320646912951,2.0782758323294783,0.3290611567602002,1.1846201643367207,5.679774663153981,0.0032335801953839766,0.03702164705014288,1.1369347372245322,-24.41400909423828,2.1194391791379976,26.477294921875,67.51751708984375,0.3230137825012207,1,with_flow
25698,1,4.420841383377495,25698,Rickshaw,18852,628.2255979818042,-24.549087107391497,2.08014087078401,0.5183364341102519,1.8660111627969067,5.6799018044629985,0.00447491040153384,0.07491331569875459,1.137221367654291,-24.327068328857425,2.1415968643670213,26.930908203125,70.1630859375,0.3766822516918182,1,with_flow
25698,1,4.420841383377495,25698,Rickshaw,18853,628.2589220640226,-24.52866024205757,2.083268801549028,0.707616679404049,2.547420045854577,5.680072907718262,0.00573065391580562,0.11281706761258392,1.1376597303355624,-24.37164688110352,2.1198081782194738,26.9266357421875,71.03729248046875,0.3905001282691955,1,with_flow
25698,0,4.420841383377495,25698,Rickshaw,18854,628.292246146241,-24.50192568352903,2.087660109619864,0.8969033120509003,3.228851923383241,5.68028374202751,0.0067408638399646574,0.15073774026660577,1.1382314060659349,-24.35034942626953,2.1065760130804634,26.541259765625,72.2197265625,0.4405211806297302,1,with_flow
25698,0,4.420841383377495,25698,Rickshaw,18855,628.3255702284595,-24.468883198799983,2.0933154258037385,1.0861974741663574,3.9103109069988866,5.680522173919915,0.00728716330993482,0.1886791120896697,1.1388935473429207,-24.389083862304688,2.093383231497264,26.8658447265625,70.906005859375,0.3962237238883972,1,with_flow
25698,0,4.420841383377495,25698,Rickshaw,18856,628.3588943106779,-24.42953252485251,2.1002354802440775,1.2754997876208596,4.5917992354350945,5.680769418086069,0.007231563910627378,0.2266432991642553,1.1395911996939354,-24.577749252319336,2.057951513925755,28.182861328125,72.2052001953125,0.2910190224647522,1,with_flow
25698,0,4.420841383377495,25698,Rickshaw,18857,628.3922183928963,-24.38387338916385,2.1084210426558334,1.464810186174623,5.273316670228643,5.681004144380566,0.006624691472037392,0.26463057278405366,1.140271899345655,-24.62103080749512,2.1065760130804634,28.7276611328125,71.6405029296875,0.3378234207630157,1,with_flow
25698,0,4.420841383377495,25698,Rickshaw,18858,628.4255424751148,-24.331905532523887,2.1178728659641606,1.6541279705692151,5.954860694049175,5.68121094161264,0.005689900181539851,0.30263976131170345,1.1409016133158394,-24.37164688110352,2.1065760130804634,30.141845703125,76.307861328125,0.4055510759353637,1,with_flow
25698,0,4.420841383377495,25698,Rickshaw,18859,628.4588665573332,-24.27362872582413,2.128591646884103,1.8434520845240938,6.636427504286738,5.6813833657834945,0.004621846299029567,0.3406686963645198,1.1414528824802557,-24.38530158996582,2.0993063763685744,30.3074951171875,78.55810546875,0.4301602244377136,1,with_flow
25698,0,4.420841383377495,25698,Rickshaw,18860,628.4921906395516,-24.209042777835087,2.1405779957457107,2.0327813320190855,7.318012795268708,5.68151897918478,0.0035431583544996374,0.3787144069843334,1.1419064776043242,-24.25073432922364,2.127733143107792,30.1290283203125,79.9393310546875,0.4254893660545349,1,with_flow
25698,0,4.420841383377495,25698,Rickshaw,18861,628.52551472177,-24.138147537778387,2.1538324159598994,2.2221145050969184,7.999612218348907,5.681619510784131,0.0025484779016314778,0.4167735338808587,1.1422584049955407,-24.131080627441406,2.1513444718337458,30.7083740234375,80.69317626953125,0.470379501581192,1,with_flow
25698,1,4.420841383377495,25698,Rickshaw,18862,628.5588388039885,-24.060942893641883,2.168355298841658,2.411450496894541,8.681221788820348,5.681688830559032,0.0016758198292911434,0.45484275815990244,1.1425136379092051,-24.09728240966797,2.161310640294884,30.77392578125,84.2174072265625,0.4235304296016693,1,with_flow
25698,1,4.420841383377495,25698,Rickshaw,18863,628.5921628862069,-23.977428768064552,2.184146928565562,2.600788336406036,9.36283801106173,5.68173120109968,0.0009535474068777954,0.4929189854857594,1.1426803676018213,-24.028976440429688,2.168220857709142,30.31396484375,87.98956298828125,0.3781152665615082,1,with_flow
25698,1,4.420841383377495,25698,Rickshaw,18864,628.6254869684253,-23.88760511346552,2.2012074914715525,2.7901272157752204,10.044457976790794,5.6817523827434036,0.00043272198244229365,0.5309994661332119,1.1427718097514936,-23.88658332824707,2.193965639778285,30.898193359375,90.29168701171876,0.4109188020229339,1,with_flow
25698,1,4.420841383377495,25698,Rickshaw,18865,628.6588110506437,-23.791471905597938,2.2195370911415906,2.979466553307355,10.726079591906478,5.681760041225521,0.00013908345323503828,0.5690820307331776,1.1428095903463584,-23.71994400024414,2.2289627190086323,30.1448974609375,84.2181396484375,0.3546364605426788,1,with_flow
25698,1,4.420841383377495,25698,Rickshaw,18866,628.6921351328622,-23.689029135244688,2.2391357719525913,3.168806027687054,11.407701699673394,5.681761652400265,2.6266943913462487e-05,0.607165317086796,1.142819160128696,-23.608556747436523,2.262480608651793,30.0830078125,80.43548583984375,0.3382869362831116,1,with_flow
25698,1,4.420841383377495,25698,Rickshaw,18867,628.7254592150806,-23.58027680019053,2.260003546405604,3.358145523622905,12.089323885042457,5.681761791869119,-1.7896489595159437e-05,0.6452487419196584,1.1428201676058616,-23.562599182128903,2.269346120408104,30.21533203125,78.01776123046875,0.3807706534862518,1,with_flow
25898_1,1,4.420841383377495,25898,Rickshaw,19102,636.5566185364112,-1.975725452331346,5.271246983698418,4.939402445770961,17.78184880477546,-9.401257683054697,-0.002594826781091797,3.7184893586643235,-4.360113285122508,-2.201106309890747,5.165873597782783,77.5196533203125,144.05126953125,0.362373799085617,1,with_flow
25898_1,1,4.420841383377495,25898,Rickshaw,19103,636.5899426186296,-1.8163444357474183,5.392741282491358,4.626112878790216,16.654006363644775,-9.401333134455736,-0.0019335140473625348,3.5731921634342427,-4.360127399141108,-2.0788466930389404,5.207870660550094,72.16961669921875,141.78753662109375,0.3491318523883819,1,with_flow
25898_1,1,4.420841383377495,25898,Rickshaw,19104,636.623266700848,-1.6674035455227694,5.5093936976115545,4.312821088143532,15.526155917316716,-9.401386548216866,-0.0008127223758413898,3.4278965400895247,-4.359986251496961,-1.531828463077545,5.567370144519072,66.819580078125,139.5238037109375,0.3358899056911468,1,with_flow
25898_1,1,4.420841383377495,25898,Rickshaw,19105,636.6565907830665,-1.5289028380229006,5.621204408036708,3.9995283101211596,14.398301916436175,-9.401387300910283,0.0011439705811812874,3.2826113772808068,-4.359460056473214,-1.1070698499679563,5.8848725657207375,69.39453125,133.581298828125,0.4584440886974334,1,with_flow
25898_1,1,4.420841383377495,25898,Rickshaw,19117,637.0564797696876,-1.4008423116784123,5.728174017088567,3.686236754257208,13.270452315325949,-9.40131030467746,0.003602943240346135,3.1373530657533033,-4.3583525337340205,-1.1070698499679563,5.8848725657207375,87.1561279296875,129.5443115234375,0.5567022562026978,1,with_flow
25898_1,1,4.420841383377495,25898,Rickshaw,19118,637.089803851906,-1.2832218802465636,5.830303759734704,3.372949198262628,12.14261711374546,-9.401147171356744,0.006099794107306664,2.992142345056806,-4.356604285857232,-1.073733791708946,5.942628018107934,87.79409790039062,129.302490234375,0.5808041542768478,1,with_flow
25898_1,0,4.420841383377495,25898,Rickshaw,19119,637.1231279341245,-1.1760413631359499,5.927595572707077,3.0596684479548766,11.014806412637556,-9.400903764596766,0.008270660109119076,2.846999996344208,-4.354264053136198,-1.0403977334499357,6.000383470495131,88.43206787109375,129.0606689453125,0.6049060523509979,1,with_flow
25898_1,0,4.420841383377495,25898,Rickshaw,19120,637.1564520163429,-1.0793004915342295,6.020052043378999,2.7463969367534835,9.88702897231254,-9.40059594704179,0.009867936803243873,2.7019438815279084,-4.351453773984552,-1.0070616751909254,6.058138922882328,89.07003784179688,128.81884765625,0.629007950425148,1,with_flow
25898_1,0,4.420841383377495,25898,Rickshaw,19121,637.1897760985613,-0.9929989257000111,6.107676276720514,2.4331364520891023,8.75929122752077,-9.40024608472205,0.010741502305425726,2.556986938945518,-4.34834300371125,-0.9737256169319152,6.115894375269525,89.7080078125,128.5770263671875,0.6531098484992981,1,with_flow
25898_1,0,4.420841383377495,25898,Rickshaw,19122,637.2231001807797,-0.9171362795224496,6.1904717090859664,2.1198879700663147,7.631596692238733,-9.399880045629839,0.0108292431173838,2.4121359793637627,-4.345126461817422,-0.98562890291214,6.1560797944695125,91.4327392578125,126.81689453125,0.7796998023986816,1,with_flow
25898_1,0,4.420841383377495,25898,Rickshaw,19123,637.2564242629982,-0.8517121489956732,6.268441893872699,1.8066515848856932,6.503945705588496,-9.399524335546037,0.01016771584425745,2.2673911938821667,-4.342002811127813,-0.9866709113121032,6.209941596933518,92.5010986328125,123.747802734375,0.8189563751220703,1,with_flow
25898_1,0,4.420841383377495,25898,Rickshaw,19124,637.2897483452166,-0.7967261412933958,6.341590283271381,1.4934265485524332,5.37633557478876,-9.399202386032304,0.008893982829974343,2.122746430931032,-4.33915045726112,-0.9565940499305724,6.256304202680139,94.274169921875,123.1060791015625,0.8400743007659912,1,with_flow
25898_1,0,4.420841383377495,25898,Rickshaw,19125,637.323072427435,-0.7521779005072682,6.40992003171788,1.1802114272145867,4.2487611379725125,-9.398931567915886,0.007211508380697834,1.9781901835008031,-4.336709666057123,-0.9283424019813538,6.3270512611897685,95.8359375,122.9271240234375,0.8690069913864136,1,with_flow
25898_1,1,4.420841383377495,25898,Rickshaw,19126,637.3563965096535,-0.7180671268134997,6.473433841541764,0.8670043304069037,3.1212155894648537,-9.39872175223591,0.005352953036768098,1.833707115433215,-4.334768670456491,-0.8683757185935974,6.405631034817348,99.2156982421875,123.8018798828125,0.8589457869529724,1,with_flow
25898_1,1,4.420841383377495,25898,Rickshaw,19127,637.3897205918719,-0.694393587377942,6.532133864938492,0.5538031727553219,1.9936914219191588,-9.398574803421669,0.003547305869519301,1.6892798366539767,-4.333363449369726,-0.836574375629425,6.43488272738775,95.4110107421875,123.65625,0.8429015278816223,1,with_flow
25898_1,1,4.420841383377495,25898,Rickshaw,19128,637.4230446740903,-0.6811571185135112,6.586021663455215,0.24060592987398577,0.8661813475463488,-9.39848533081101,0.0020009829364098647,1.5448905561499588,-4.3324813114152665,-0.7862713932991028,6.43488272738775,96.215087890625,123.4884033203125,0.7513856887817383,1,with_flow
25898_1,1,4.420841383377495,25898,Rickshaw,19129,637.4563687563087,-0.6783576197499634,6.635098223727535,-0.07258913167439429,-0.26132087402781945,-9.398441441581888,0.0008789295639939909,1.4005229233186358,-4.332044005975984,-0.6849703192710876,6.6310206410782975,97.927734375,126.7705078125,0.7975719571113586,1,with_flow
25898_1,1,4.420841383377495,25898,Rickshaw,19130,637.4896928385272,-0.6859950408036003,6.679364046253455,-0.3857832652675177,-1.3888197549630639,-9.3984267517689,0.0002498601851303493,1.2561645472189762,-4.331897161819597,-0.5656532645225525,6.764114352085029,103.294189453125,128.5513916015625,0.6806154251098633,1,with_flow
25898_1,1,4.420841383377495,25898,Rickshaw,19131,637.5230169207456,-0.7040693638000012,6.7188193095681585,-0.6989771620082077,-2.516317783229548,-9.398424788859183,-0.00013205290662199332,1.111808541703518,-4.331877489688239,-0.4552713930606842,6.901243635738597,111.2027587890625,131.904052734375,0.796343982219696,1,with_flow
26254_0,1,4.420841383377495,26254,Rickshaw,19351,644.8543150087997,-9.66544087972596,3.5425958725872784,1.685171656059158,6.06661796181297,4.112061234425968,0.0012534872629501592,-0.557486087168927,-0.23281252160545984,-9.447344779968262,3.5237929141467,62.584716796875,110.1484375,0.5563409328460693,1,with_flow
26254_0,1,4.420841383377495,26254,Rickshaw,19352,644.8876390910182,-9.607000864178351,3.523888891748953,1.8222028622564794,6.559930304123326,4.112091816800827,0.0005819646278958207,-0.56524434845296,-0.23281032846835348,-9.447066783905028,3.524131399842593,63.4649658203125,105.129638671875,0.3821229636669159,1,with_flow
26254_0,1,4.420841383377495,26254,Rickshaw,19353,644.9209631732366,-9.543994395491023,3.504923378596209,1.959234782574741,7.053245217269067,4.112100021300185,-0.0005123797533751525,-0.5730021964424716,-0.2327836748071998,-9.388977766036986,3.496318626286543,63.91455078125,105.453857421875,0.3449231833219528,1,with_flow
26254_0,1,4.420841383377495,26254,Rickshaw,19354,644.954287255455,-9.476421467162195,3.485699365017946,2.0962662224516864,7.546558400826071,4.11205766763077,-0.0025619289703180136,-0.5807584048240914,-0.23270743156231166,-9.330888748168944,3.468957166991684,64.3641357421875,105.778076171875,0.3077234029769897,1,with_flow
26254_0,1,4.420841383377495,26254,Rickshaw,19355,644.9876113376735,-9.404282129511735,3.4662169384829924,2.2332949256288543,8.039861732263876,4.111929273436895,-0.005754387784367455,-0.5885108336504652,-0.2325509787432802,-9.481303215026855,3.467890262916685,61.1058349609375,100.4490966796875,0.3243731260299682,1,with_flow
26254_0,1,4.420841383377495,26254,Rickshaw,19356,645.0209354198919,-9.327576528951225,3.4464762763759365,2.3703173514015736,8.533142465045666,4.111674148247484,-0.01014958427941361,-0.5962561805743603,-0.2322757271657483,-9.319746017456056,3.468957166991684,64.830322265625,101.8814697265625,0.40414959192276,1,with_flow
26254_0,0,4.420841383377495,26254,Rickshaw,19357,645.0542595021103,-9.246304952423571,3.4264776878922136,2.5073286143807256,9.026383011770612,4.111252822274875,-0.015723916083845296,-0.6039898443992475,-0.23184442827658036,-9.245268821716309,3.4460958998601914,67.5906982421875,101.4664306640625,0.4035016894340515,1,with_flow
26254_0,0,4.420841383377495,26254,Rickshaw,19358,645.0875835843287,-9.160467871430887,3.4062216543125894,2.644322524884545,9.519561089584363,4.110626178102737,-0.02246375368040833,-0.6117061663631563,-0.2312318266492238,-9.24291706085205,3.4148210988642345,69.8492431640625,100.2528076171875,0.3787550330162048,1,with_flow
26254_0,0,4.420841383377495,26254,Rickshaw,19359,645.1209076665472,-9.070065985450954,3.385708857127685,2.7812915930096196,10.01264973483463,4.109755654325714,-0.03031436240359769,-0.6193988554050526,-0.23042448076731104,-9.133209228515623,3.3876861837169923,69.4554443359375,99.5321044921875,0.4329420924186706,1,with_flow
26254_0,0,4.420841383377495,26254,Rickshaw,19360,645.1542317487656,-8.975100264472347,3.3649401935493066,2.9182270911289425,10.505617528064194,4.1086057814924635,-0.039177660794412254,-0.6270612889943081,-0.22941498727782506,-9.076729774475098,3.3727662025870377,67.458740234375,96.4072265625,0.2987018823623657,1,with_flow
26254_0,0,4.420841383377495,26254,Rickshaw,19361,645.187555830984,-8.875571988397295,3.343916785079993,3.0551191657685925,10.998428996766933,4.107144535146837,-0.04893097506863561,-0.6346866423096028,-0.228198567020498,-9.005561351776123,3.348875640902313,67.00372314453125,96.513671875,0.3165266662836075,1,with_flow
26254_0,0,4.420841383377495,26254,Rickshaw,19362,645.2208799132025,-8.771482782465814,3.3226399825969066,3.1919569707032514,11.491045094531705,4.105344621820033,-0.05941045473708471,-0.642267997299474,-0.22677456455376066,-8.934392929077148,3.324985079217589,66.5487060546875,96.6201171875,0.3343514502048492,1,with_flow
26254_0,0,4.420841383377495,26254,Rickshaw,19363,645.2542039954209,-8.662834647434291,3.301111367197667,3.3287288492770895,11.983423857397522,4.103184937390251,-0.0704038966710883,-0.6497984729098554,-0.22514556025652477,-8.889320373535156,3.316863551357022,66.0496826171875,96.5565185546875,0.2886113822460174,1,with_flow
26254_0,0,4.420841383377495,26254,Rickshaw,19364,645.2875280776393,-8.54962998285584,3.2793327473969467,3.465422567739507,12.475521243862227,4.100652331337703,-0.08161453601151569,-0.6572713184467034,-0.2233173794833999,-8.979619979858398,3.2738134219802677,67.192626953125,93.979248046875,0.4280428886413574,1,with_flow
26254_0,0,4.420841383377495,26254,Rickshaw,19365,645.3208521598577,-8.431871601357523,3.2573061521582507,3.6020256335886973,12.967292280919311,4.097745478373718,-0.0925764065597291,-0.6646800919158482,-0.22130229997564876,-8.92289129892985,3.2516176541537325,67.43644205729167,94.56868489583333,0.396688848733902,1,with_flow
26254_0,0,4.420841383377495,26254,Rickshaw,19366,645.3541762420762,-8.309562729344284,3.235033818199217,3.7385258131918913,13.458692927490809,4.094482283770337,-0.10265168015597852,-0.6720187581438416,-0.2191113039597331,-8.866162618001303,3.2294218863271977,67.68025716145833,95.15812174479167,0.36533480882644653,1,with_flow
26254_0,0,4.420841383377495,26254,Rickshaw,19367,645.3875003242946,-8.182706986783497,3.2125181779309235,3.8749118491554966,13.949682656959787,4.090903932314963,-0.11109519899965288,-0.6792815871284414,-0.21675171957117612,-8.809433937072754,3.2072261185006625,67.924072265625,95.74755859375,0.3339807689189911,1,with_flow
26254_0,0,4.420841383377495,26254,Rickshaw,19368,645.420824406513,-8.051308341182212,3.1897618513154686,4.011174287220702,14.440227433994528,4.087077992679263,-0.11706988639445855,-0.686463032651082,-0.21422727013232562,-8.7149658203125,3.209845657172334,65.6685791015625,95.4031982421875,0.3010059595108032,1,with_flow
26254_0,0,4.420841383377495,26254,Rickshaw,19379,645.7873893109157,-7.915371032261837,3.1667676415635166,4.147306407715661,14.930303067776379,4.083101439275941,-0.11980864549041004,-0.6935576374526604,-0.2115409568483162,-7.386996746063232,3.1541452458235115,69.7723388671875,112.5750732421875,0.3479353189468384,1,with_flow
26254_0,0,4.420841383377495,26254,Rickshaw,19380,645.8207133931342,-7.774899464630645,3.1435385307798653,4.283305160371629,15.419898577337866,4.079092966373661,-0.11921323001142071,-0.7005601630289034,-0.2087025122061184,-7.301704406738281,3.147374290081829,68.10809326171875,111.6170654296875,0.3226883262395859,1,with_flow
26254_0,0,4.420841383377495,26254,Rickshaw,19381,645.8540374753526,-7.629898080111598,3.1200776704717454,4.4191712722255545,15.909016580011997,4.075156096319091,-0.11584683663423918,-0.7074656620581908,-0.20571880345597102,-7.21641206741333,3.1406033343401467,66.44384765625,110.6590576171875,0.2974413335323334,1,with_flow
26254_0,0,4.420841383377495,26254,Rickshaw,19382,645.887361557571,-7.480371243084024,3.0963883732303152,4.554908539918587,16.397670743706914,4.071371987356173,-0.11033978415331869,-0.7142694280523796,-0.2025992046649464,-7.117453098297119,3.133817654115886,69.94189453125,110.03076171875,0.3318589031696319,1,with_flow
26254_0,0,4.420841383377495,26254,Rickshaw,19383,645.9206856397894,-7.326323150102254,3.072474101321591,4.690523130033581,16.885883268120892,4.067802152240914,-0.10322674076925997,-0.7209672583908967,-0.19936639352888022,-7.164861679077148,3.0953871093937653,70.1265869140625,103.976318359375,0.2937342822551727,1,with_flow
26254_0,0,4.420841383377495,26254,Rickshaw,19384,645.9540097220079,-7.167757761294409,3.0483384406802716,4.826022976032304,17.373682713716295,4.0644921145631026,-0.09487394073738609,-0.7275560510818323,-0.1960638771267228,-7.109331607818604,3.087094564651207,67.798583984375,105.7025146484375,0.5048002004623413,1,with_flow
26254_0,0,4.420841383377495,26254,Rickshaw,19385,645.9873338042263,-7.0046787490354285,3.0239850530946426,4.961417368105723,17.861102525180602,4.061478978237876,-0.08546053009275789,-0.7340344543430364,-0.19275326165927759,-6.953676223754883,3.0881852407824164,67.0721435546875,107.75341796875,0.4272010028362274,1,with_flow
26254_0,0,4.420841383377495,26254,Rickshaw,19386,646.0206578864447,-6.83708945629078,2.999417606968894,5.096716766986699,18.348180361152117,4.0587963271006195,-0.07505577485944087,-0.7404035673404298,-0.1895222647817489,-6.96056079864502,3.0735398801227145,66.1937255859375,104.82958984375,0.427040696144104,1,with_flow
26254_0,0,4.420841383377495,26254,Rickshaw,19397,646.3872227908474,-6.664992859174199,2.9746396785400826,5.231932722335,18.834957800406002,4.056476648613108,-0.06370012851207157,-0.7466680448126478,-0.18649846931922218,-6.019339084625244,2.857976648440113,75.1734619140625,109.550048828125,0.2810772061347961,1,with_flow
26254_0,0,4.420841383377495,26254,Rickshaw,19398,646.4205468730659,-6.488391530592787,2.9496546107128365,5.3670778788550315,19.321480363878113,4.054550830460898,-0.05177128947133117,-0.7528373940287874,-0.18383577320808137,-5.959650993347168,2.843797503927583,77.0848388671875,108.78271484375,0.3419062495231628,1,with_flow
26254_0,0,4.420841383377495,26254,Rickshaw,19399,646.4538709552843,-6.307287608514161,2.9244653511712544,5.502165560647239,19.80779601833006,4.053026187199315,-0.04000232970958785,-0.7589255169620774,-0.18163432972341464,-5.863069534301758,2.84819994681504,73.3572998046875,110.5521240234375,0.3563698828220367,1,with_flow
26254_0,0,4.420841383377495,26254,Rickshaw,19400,646.4871950375027,-6.121682787733892,2.8990743416068003,5.637208901026977,20.293952043697118,4.051884748612556,-0.029086502766698583,-0.7649485093460519,-0.17992782593269363,-5.775782585144043,2.8347208361368885,71.9464111328125,112.5279541015625,0.3084263503551483,1,with_flow
26254_0,1,4.420841383377495,26254,Rickshaw,19401,646.5205191197211,-5.931578339440798,2.8734834787555066,5.772220073892587,20.779992266013313,4.051087625180027,-0.019584643840552512,-0.7709226982547652,-0.17869869686959927,-5.673183917999268,2.845423938340551,69.7034912109375,112.6654052734375,0.2886942028999328,1,with_flow
26254_0,1,4.420841383377495,26254,Rickshaw,19402,646.5538432019396,-5.736975153983635,2.8476941329386753,5.9072096707249155,21.265954814609696,4.050579468049434,-0.011910308865089212,-0.7768631321497553,-0.1778903686449696,-5.709100246429443,2.8128487703892,66.42041015625,109.0174560546875,0.3070154190063476,1,with_flow
26254_0,1,4.420841383377495,26254,Rickshaw,19403,646.587167284158,-5.537873801884965,2.821707209118658,6.04218623264642,21.751870437527113,4.0502938249562925,-0.006262952314746096,-0.7827825678021432,-0.17742346658913816,-5.630203723907471,2.8213809871313122,66.952880859375,110.8114013671875,0.3250398635864258,1,with_flow
26254_0,1,4.420841383377495,26254,Rickshaw,19404,646.6204913663764,-5.334274606737196,2.7955232349450325,6.177156026778691,22.23776169640329,4.0501620537737,-0.0026093206789541855,-0.788690790537449,-0.1772005244834034,-5.551307201385498,2.829913203873425,67.4853515625,112.6053466796875,0.3430643081665039,1,with_flow
26254_0,1,4.420841383377495,26254,Rickshaw,19405,646.6538154485949,-5.12617772085239,2.7691424671695573,6.312123090125568,22.723643124452046,4.050119918522613,-0.0007146710460945856,-0.7945942723454433,-0.17712388628519835,-5.5902605056762695,2.793410324545208,65.2684326171875,109.269287109375,0.2984416782855987,1,with_flow
26254_0,1,4.420841383377495,26254,Rickshaw,19406,646.6871395308133,-4.913583195998058,2.7425649982836435,6.447089481916486,23.209522134899352,4.050114422260302,0.0003848037582372399,-0.8004964990067277,-0.17711331182519233,-5.61023211479187,2.840624466633697,68.7362060546875,117.1531982421875,0.3472457826137543,1,with_flow
27708_0,1,4.420841383377495,27708,Rickshaw,20445,681.31086095576,-19.659490653048355,0.7162149020183781,1.4218021509082657,5.118487743269757,4.875949348785528,0.001228702416796068,0.11503187207147962,-0.48411894708130254,-19.65706825256348,0.7135278422372946,42.22265625,72.23223876953125,0.4498594403266907,1,with_flow
27708_0,1,4.420841383377495,27708,Rickshaw,20446,681.3441850379784,-19.609403036416136,0.7197794271619364,1.5842893622286678,5.703441704023204,4.875989734833441,0.0011951331534034246,0.09889898992472917,-0.4841224167238949,-19.54671287536621,0.7322215485889609,39.6090087890625,70.65679931640625,0.4913329482078552,1,with_flow
27708_0,1,4.420841383377495,27708,Rickshaw,20447,681.3775091201968,-19.553900660302546,0.7228063372901709,1.7467779054952057,6.288400459782741,4.87602900221646,0.0011106921496250965,0.08276602872604749,-0.48412378284524954,-19.4666748046875,0.7428756874529661,39.058349609375,69.07470703125,0.4670039117336273,1,with_flow
27708_0,1,4.420841383377495,27708,Rickshaw,20448,681.4108332024152,-19.49298348140797,0.7252956304171361,1.9092676967903144,6.873363708445132,4.876063760426468,0.0008781770265802382,0.06663299787874657,-0.48412844110630715,-19.513193130493164,0.7156696335404973,39.1007080078125,66.97552490234375,0.4757665991783142,1,with_flow
27708_0,1,4.420841383377495,27708,Rickshaw,20449,681.4441572846337,-19.426651461764493,0.7272472999227793,2.0717584823120987,7.4583305363235555,4.876087531103332,0.00046303003393731305,0.05049955785335486,-0.484150747742385,-19.53249168395996,0.6975134595046355,38.3033447265625,69.302734375,0.4546511173248291,1,with_flow
27708_0,1,4.420841383377495,27708,Rickshaw,20450,681.4774813668521,-19.354904575526835,0.7286613201075878,2.234249792757092,8.043299253925532,4.876094620528309,-6.095061488072703e-05,0.034364932517692015,-0.48419986463429376,-19.435300827026367,0.7091225608953642,38.06298828125,69.5577392578125,0.4295623004436493,1,with_flow
27708_0,0,4.420841383377495,27708,Rickshaw,20451,681.5108054490705,-19.27774281495914,0.7295376370983181,2.3967410340067,8.628267722424122,4.876083468856729,-0.0005872852769764255,0.018228297627271406,-0.48426898295854404,-19.22585105895996,0.7576697121656861,39.61572265625,71.83966064453125,0.4306437075138092,1,with_flow
27708_0,0,4.420841383377495,27708,Rickshaw,20452,681.544129531289,-19.195166192276815,0.7298761757557657,2.559231619695655,9.213233830904358,4.876055479042598,-0.0010763815573037695,0.0020892511278839815,-0.484342693140162,-19.281265258789062,0.7228237806360203,39.9549560546875,68.8599853515625,0.352661669254303,1,with_flow
27708_0,0,4.420841383377495,27708,Rickshaw,20453,681.5774536135074,-19.10717473850285,0.7296768546531556,2.7217210044368665,9.79819561597272,4.876011730001701,-0.0014895354174975408,-0.014052238717921162,-0.4844148528267348,-19.18269920349121,0.7345611446882434,40.647216796875,70.58892822265625,0.3568840622901916,1,with_flow
27708_0,0,4.420841383377495,27708,Rickshaw,20454,681.6107776957258,-19.013768501848674,0.7289395942256554,2.8842087188020304,10.38315138768731,4.875956204241158,-0.001728467660994269,-0.030196028481782565,-0.4844798380161357,-19.0877685546875,0.7186404309531893,41.7889404296875,71.88055419921875,0.3110852241516113,1,with_flow
27708_0,0,4.420841383377495,27708,Rickshaw,20455,681.6441017779442,-18.91494754326889,0.7276643227456057,3.0466944876302446,10.96810015546888,4.875896530804807,-0.001704934623179634,-0.04634179416455883,-0.48453226039537667,-18.826675415039062,0.7500009177935465,44.11572265625,74.97174072265625,0.3015102446079254,1,with_flow
27708_0,1,4.420841383377495,27708,Rickshaw,20456,681.6774258601627,-18.810711928070326,0.7258509827666296,3.2091783379928938,11.553042016774418,4.875842573478038,-0.001431633637685115,-0.06248899141598607,-0.48456522454358886,-18.69928550720215,0.7411986930697001,44.453125,76.63140869140625,0.2915852665901184,1,with_flow
27708_0,1,4.420841383377495,27708,Rickshaw,20457,681.7107499423811,-18.70106171553784,0.723499537350432,3.3716605865150333,12.137978111454121,4.8758011150507095,-0.001026971555729622,-0.07863699266892273,-0.48458201432605297,-18.62529754638672,0.7068014147501558,42.6746826171875,75.4071044921875,0.3420873582363128,1,with_flow
27708_0,1,4.420841383377495,27708,Rickshaw,20458,681.7440740245995,-18.585996951538693,0.7206099667513293,3.5341416948753417,12.72291010155123,4.87577412770892,-0.0006178292629021781,-0.09478543529404536,-0.48459314186250363,-18.538379669189453,0.7115804850654852,42.40576171875,78.61309814453125,0.3393957912921905,1,with_flow
27708_0,1,4.420841383377495,27708,Rickshaw,20459,681.7773981068179,-18.465517666205276,0.7171822582735571,3.6966221255337497,13.3078396519215,4.875759937864402,-0.0002914219033911207,-0.11093422020966573,-0.4846025978967282,-18.457090377807617,0.716453756588634,42.311767578125,77.205810546875,0.3016178905963897,1,with_flow
27708_0,1,4.420841383377495,27708,Rickshaw,20460,681.8107221890364,-18.339623875662184,0.7132164016144108,3.8591022446475005,13.892768080731003,4.875754704973982,-8.970520314814559e-05,-0.12708327076674444,-0.48460859907722287,-18.341184616088867,0.7281710740561422,42.7767333984375,75.387451171875,0.3434658050537109,1,with_flow
27708_0,1,4.420841383377495,27708,Rickshaw,20461,681.8440462712548,-18.20831558613708,0.7087123903071999,4.021582276673196,14.477696196023505,4.875753959177271,4.494497807172593e-05,-0.1432324347509279,-0.48460968677018323,-18.302845001220703,0.6986259562546047,41.6041259765625,76.74993896484375,0.3029244542121887,1,with_flow
27759,1,2.6910291214624382,27759,Bike,20493,682.9104169022445,-6.901353354097816,5.021355704737984,4.574447620647849,16.468011434332258,-4.184272701537818,-0.0005654795036065252,-0.9243428276391872,1.9954058181385583,-6.721742153167725,5.046223516773292,52.41162109375,107.7603759765625,0.4986305236816406,1,with_flow
27759,1,2.6910291214624382,27759,Bike,20494,682.9437409844629,-6.751237398236845,4.991660774691522,4.435009921515728,15.96603571745662,-4.184315844528257,-0.0020238185395315476,-0.8578475263674878,1.995417206863937,-6.68382453918457,5.027071045217445,55.8089599609375,115.0595703125,0.4267762303352356,1,with_flow
27759,1,2.6910291214624382,27759,Bike,20495,682.9770650666813,-6.605768106366291,4.964181741223828,4.2955701143462415,15.46405241164647,-4.184407585328631,-0.004267709821976178,-0.7913523199353917,1.9953928535565193,-6.6392903327941895,5.005882692190914,58.5797119140625,120.387939453125,0.3228928744792938,1,with_flow
27759,1,2.6910291214624382,27759,Bike,20496,683.0103891488998,-6.46494558528841,4.938918572154802,4.156125713322348,14.962052567960454,-4.184600279554241,-0.007971436309526337,-0.724859259374921,1.9952769884698118,-6.746556282043457,4.9569527043735615,59.5185546875,114.923828125,0.4202556908130646,1,with_flow
27759,1,2.6910291214624382,27759,Bike,20497,683.0437132311182,-6.328770053343381,4.915871131363495,4.016672549575457,14.460021178471646,-4.184938866926586,-0.012522150409562213,-0.658372665543661,1.9949900909040286,-6.738807678222656,4.925748864739426,58.869140625,113.5623779296875,0.4814731180667877,1,with_flow
27759,1,2.6910291214624382,27759,Bike,20512,683.5435744643946,-6.19724188769702,4.89503909162565,3.8772054468725106,13.957939608741038,-4.18543485789384,-0.016805394276067965,-0.5918997601333442,1.994439299055296,-6.193870067596436,4.758798068780023,54.7105712890625,105.83984375,0.4132699370384216,1,with_flow
27759,0,2.6910291214624382,27759,Bike,20513,683.576898546613,-6.070361636103838,4.876421832898493,3.7377195765572453,13.455790475606083,-4.186058915607724,-0.020074684332408717,-0.5254508565700495,1.993540237472546,-6.092008590698242,4.772603601722558,55.6103515625,101.6865234375,0.6014454364776611,1,with_flow
27759,0,2.6910291214624382,27759,Bike,20514,683.6102226288315,-5.948129988057289,4.860018355476218,3.5982113048593694,12.95356069749373,-4.186772798756245,-0.022148027278576468,-0.45903803418183364,1.9922774283966609,-6.016378402709961,4.779636937099578,55.7626953125,101.4779052734375,0.4091048538684845,1,with_flow
27759,0,2.6910291214624382,27759,Bike,20515,683.6435467110499,-5.830547732520032,4.845827261983497,3.458678313396688,12.451241928228077,-4.1875350409717385,-0.02291630119181121,-0.39267270251295666,1.9907035359050114,-5.72600793838501,4.8302132285112105,55.0506591796875,106.085205078125,0.542411208152771,1,with_flow
27759,0,2.6910291214624382,27759,Bike,20516,683.6768707932683,-5.717615711609708,4.833846814154069,3.319119755442921,11.948831119594516,-4.188300128166361,-0.02246623197913555,-0.32636364457544,1.9889187757513103,-5.605962753295898,4.840221973789442,56.17919921875,109.87255859375,0.498334139585495,1,with_flow
27759,0,2.6910291214624382,27759,Bike,20517,683.7101948754868,-5.609334771643346,4.82407504074535,3.179536169147503,11.44633020893101,-4.18903237409496,-0.0211404108499133,-0.2601159806477541,1.9870380794134395,-5.549696922302246,4.8694247030201865,52.8570556640625,105.4603271484375,0.537363588809967,1,with_flow
27759,0,2.6910291214624382,27759,Bike,20518,683.7435189577052,-5.505705723718061,4.816509863494734,3.0399290572123685,10.943744605964527,-4.189709097744949,-0.019261900378374438,-0.19393104550075224,1.9851704218442485,-5.45547342300415,4.840221973789442,52.0667724609375,105.1744384765625,0.5073551535606384,1,with_flow
27759,0,2.6910291214624382,27759,Bike,20519,683.7768430399236,-5.406729318029241,4.811149216266648,2.900300525202624,10.441081890729448,-4.190316144398745,-0.017038307105392485,-0.12780690683503315,1.9834019719436355,-5.417898654937744,4.8412573000584285,58.0992431640625,104.7786865234375,0.5831186771392822,1,with_flow
27759,0,2.6910291214624382,27759,Bike,20520,683.810167122142,-5.312406227928747,4.807991141507432,2.760653049335623,9.938350977608243,-4.190844669638635,-0.014549518764142816,-0.061739080548703806,1.981800533266986,-5.317300319671631,4.830898005652795,59.3619384765625,106.9197998046875,0.6356970071792603,1,with_flow
27759,0,2.6910291214624382,27759,Bike,20521,683.8434912043605,-5.222737039518806,4.807033865407125,2.6209893905475936,9.435561805971338,-4.191285843117814,-0.011813835871355725,0.004278876072110416,1.980415895021217,-5.135369300842285,4.851888731286651,58.1490478515625,107.87060546875,0.6239698529243469,1,with_flow
27759,0,2.6910291214624382,27759,Bike,20522,683.8768152865789,-5.137722241941804,4.808275853365326,2.48131260142904,8.932725365144544,-4.191632040114419,-0.00897996164973733,0.07025477884169129,1.9792798817680413,-5.073461532592773,4.844661316585047,57.9576416015625,107.0550537109375,0.5175018310546875,1,with_flow
27759,0,2.6910291214624382,27759,Bike,20523,683.9101393687973,-5.05736221976579,4.811715844374696,2.3416258558786494,8.429853081163138,-4.191884341078483,-0.006300797728798748,0.1361970872932311,1.9783985760542686,-5.018996715545654,4.82186568871324,57.080810546875,110.705810546875,0.6155679821968079,1,with_flow
27759,1,2.6910291214624382,27759,Bike,20524,683.9434634510158,-4.981657254044208,4.817352858206952,2.201932147297823,7.926955730272163,-4.192051976717531,-0.00397111134088922,0.20211407213669497,1.9777564340437301,-4.97251033782959,4.8374906709729,54.0885009765625,109.5941162109375,0.4964641034603119,1,with_flow
27759,1,2.6910291214624382,27759,Bike,20525,683.9767875332342,-4.9106075322597915,4.825186179399154,2.062234071218512,7.424042656386644,-4.192149008360127,-0.002106816332565979,0.2680132969923835,1.977327438463796,-4.849605560302734,4.8387420745886365,55.3975830078125,108.1871337890625,0.4801239669322967,1,with_flow
27759,1,2.6910291214624382,27759,Bike,20526,684.0101116154526,-4.844213163693913,4.835215328079721,1.922533710373557,6.921121357344805,-4.192192392158902,-0.0008245686307003105,0.33390127421111504,1.977074329258329,-4.868175506591797,4.841558885846174,51.1148681640625,100.4293212890625,0.6734945774078369,1,with_flow
27759,1,2.6910291214624382,27759,Bike,20527,684.043435697671,-4.782474198611759,4.847440018890021,1.7828324952623413,6.418196982944429,-4.192203964345816,-0.00016822476142544133,0.39978311708415915,1.9769511433739644,-4.839542865753174,4.838116372780768,58.740966796875,102.9176025390625,0.6021294593811035,1,with_flow
27759,1,2.6910291214624382,27759,Bike,20528,684.0767597798895,-4.725390651729908,4.86186011042134,1.6431311403771298,5.915272105357667,-4.192203604030464,1.184764841126097e-05,0.4656623334748017,1.9769087250769561,-4.849605560302734,4.846616302103252,52.9713134765625,104.946533203125,0.5759350657463074,1,with_flow
27759,1,2.6910291214624382,27759,Bike,20529,684.1100838621079,-4.672962523799019,4.8784755514568285,1.5034298135297666,5.41234732870716,-4.192203174721796,1.3918022489178838e-05,0.5315408567849832,1.976902900155932,-4.6528000831604,4.824459681294655,50.9293212890625,106.968017578125,0.3832758367061615,1,with_flow
29169,1,4.420841383377495,29169,Rickshaw,21537,717.7007587382833,-19.572142375278503,2.162481158829984,-0.5390550436313776,-1.9405981570729594,10.353285795683833,0.002412517351444876,0.7649683746782497,-2.7659911187437753,-19.748538970947266,2.2671590912367394,35.7081298828125,72.84637451171875,0.3935411274433136,1,with_flow
29169,1,4.420841383377495,29169,Rickshaw,21538,717.7340828205017,-19.584357240510073,2.1864372134129955,-0.19403983536716618,-0.6985434073217983,10.353374907335352,0.0029356660393987833,0.6727936860058377,-2.7660368448127675,-19.65831184387207,2.230390461608497,34.297607421875,71.197265625,0.3215571641921997,1,with_flow
29169,1,4.420841383377495,29169,Rickshaw,21539,717.7674069027202,-19.585074738717545,2.2073215865972866,0.15097858170007328,0.5435228941202638,10.353481452436759,0.0037536331918451484,0.5806155496877207,-2.7662229811718113,-19.589058876037598,2.239253890506916,33.362548828125,69.74053955078125,0.3148985207080841,1,with_flow
29169,1,4.420841383377495,29169,Rickshaw,21540,717.8007309849386,-19.574294749744386,2.225134056584228,0.4960011107955722,1.78560399886406,10.353625080097558,0.005165428073156527,0.4884266455971137,-2.766712128411978,-19.519805908203125,2.2481173194053348,32.427490234375,68.2838134765625,0.3082398772239685,1,with_flow
29169,1,4.420841383377495,29169,Rickshaw,21541,717.834055067157,-19.5520171122316,2.239874063152901,0.8410293230292962,3.0277055629054663,10.353825718736365,0.0071249041525924895,0.3962138664795172,-2.767687879334232,-19.34075736999512,2.236758889025243,32.2799072265625,70.85107421875,0.4046820402145386,1,with_flow
29169,1,4.420841383377495,29169,Rickshaw,21542,717.8673791493754,-19.518241601791566,2.251540504438226,1.1860654118557437,4.269835482680677,10.354099941881117,0.009448916261473444,0.3039577385699137,-2.7693468481028116,-19.29585838317871,2.228853793318235,32.3536376953125,70.64300537109375,0.4358628094196319,1,with_flow
29169,0,4.420841383377495,29169,Rickshaw,21543,717.9007032315939,-19.472967913183144,2.260131520012939,1.5311119865800493,5.512003151688178,10.35445547166111,0.011856779760393128,0.21163221694344936,-2.771884337134419,-19.324552536010746,2.205321586510713,31.5718994140625,68.8843994140625,0.3349683284759521,1,with_flow
29169,0,4.420841383377495,29169,Rickshaw,21544,717.9340273138123,-19.41619565181153,2.265644275291443,1.876171745493191,6.754218283775487,10.354890174488279,0.014095924019831563,0.11920496909124123,-2.775479616476508,-19.34782600402832,2.18065932001617,31.78857421875,66.91552734375,0.3331626653671264,1,with_flow
29169,0,4.420841383377495,29169,Rickshaw,21545,717.9673513960307,-19.34792433580819,2.2680747642880204,2.2212471894013524,7.996489881844869,10.355394939123073,0.0159925752278252,0.026638219916713113,-2.780276702961383,-19.186256408691406,2.202146775182781,33.497802734375,68.10400390625,0.3562412559986114,1,with_flow
29169,0,4.420841383377495,29169,Rickshaw,21546,718.0006754782491,-19.268153405876777,2.2674176512105872,2.5663404396451277,9.23882558272246,10.355956050271832,0.017379737106668073,-0.06610978715352644,-2.786369935216266,-19.15603446960449,2.182851671289671,33.292724609375,67.34466552734375,0.296575665473938,1,with_flow
29169,0,4.420841383377495,29169,Rickshaw,21547,718.0339995604676,-19.176882240794093,2.263666165077595,2.9114530546556,10.48123099676016,10.356553266699628,0.0180800426781839,-0.15908317358306748,-2.7938069300047674,-19.115856170654297,2.169400945156248,34.0596923828125,64.9046630859375,0.3894734978675842,1,with_flow
29169,0,4.420841383377495,29169,Rickshaw,21548,718.067323642686,-19.074110179732696,2.256812047676631,3.256585823498778,11.7237089645956,10.357161051929273,0.01797482064779597,-0.25232677745655774,-2.802581551861627,-19.09901237487793,2.142005956617927,35.6094970703125,63.95635986328125,0.3453727960586548,1,with_flow
29169,0,4.420841383377495,29169,Rickshaw,21549,718.1006477249044,-18.959836550380633,2.2468455610770075,3.6017386317004845,12.966259074121744,10.357751255501885,0.017042880860938987,-0.34588422383958173,-2.812625504397412,-19.07356834411621,2.1306383012607983,36.8790283203125,63.462158203125,0.3763630986213684,1,with_flow
29169,0,4.420841383377495,29169,Rickshaw,21550,718.1339718071229,-18.834060699839917,2.2337555645229217,3.9469104352346753,14.208877566844832,10.35829692865537,0.015384394346427327,-0.43979567829248617,-2.82379827297987,-19.048124313354492,2.1192706459036694,38.1485595703125,62.96795654296875,0.407353401184082,1,with_flow
29169,0,4.420841383377495,29169,Rickshaw,21551,718.1672958893413,-18.696782024160104,2.217529670653967,4.292099370815712,15.451557734936562,10.358776597146047,0.013234903889123347,-0.5340953763792708,-2.8358844910035854,-19.022680282592773,2.107902990546541,39.4180908203125,62.4737548828125,0.4383437037467956,1,with_flow
29169,0,4.420841383377495,29169,Rickshaw,21552,718.2006199715597,-18.547999991745762,2.1981544845653573,4.637303015955748,16.694290857440695,10.359179010706079,0.01095038784282953,-0.6288091422612099,-2.848595055620584,-18.741630935668944,2.1301497322846514,38.2844482421875,66.53111572265625,0.4374251544475555,1,with_flow
29169,0,4.420841383377495,29169,Rickshaw,21553,718.2339440537781,-18.387714155471915,2.1756159243627895,4.982518799564688,17.93706767843288,10.359506420395643,0.008872312172522599,-0.7239520084560568,-2.861573897461331,-18.460581588745118,2.1523964740227624,37.1508056640625,70.5884765625,0.4365066051483154,1,with_flow
29169,0,4.420841383377495,29169,Rickshaw,21554,718.2672681359966,-18.215924150651706,2.1498996142845237,5.327744396434504,19.179879827164214,10.359770334026688,0.0071926832605087275,-0.8195263367120222,-2.874421287627059,-18.17953224182129,2.174643215760873,36.0171630859375,74.64583740234374,0.4355880558490753,1,with_flow
29169,0,4.420841383377495,29169,Rickshaw,21555,718.300592218215,-18.032629682786048,2.1209913259164446,5.672977938949185,20.422720580217064,10.359985799532332,0.005940131848429971,-0.915520840241188,-2.886722816373503,-17.898482894897462,2.1968899574989837,34.8835205078125,78.7031982421875,0.4346695065498352,1,with_flow
29169,0,4.420841383377495,29169,Rickshaw,21556,718.3339163004334,-17.837830511331614,2.088877435519846,6.018218047366482,21.665584970519337,10.360166232910899,0.00499625508953644,-1.0119106058735263,-2.898080427856913,-17.617433547973633,2.2191366992370942,33.7498779296875,82.76055908203125,0.4337509572505951,1,with_flow
29169,0,4.420841383377495,29169,Rickshaw,21557,718.3672403826519,-17.631526435230665,2.053545363007188,6.363463696820041,22.90846930855215,10.360318790763108,0.0041353672402092805,-1.1086581848010393,-2.9081455200991995,-17.534128189086914,2.215940244693807,35.2547607421875,81.80517578125,0.4731086492538452,1,with_flow
29169,0,4.420841383377495,29169,Rickshaw,21558,718.4005644648703,-17.413717285254904,2.014983955960011,6.70871395218677,24.151370227872373,10.360441847546731,0.003160678110250449,-1.2057157980231665,-2.9166513752162926,-17.474430084228516,2.256467342850969,40.70361328125,82.37115478515625,0.3171167075634002,1,with_flow
29169,0,4.420841383377495,29169,Rickshaw,21559,718.4338885470887,-17.184402925348092,1.9731837834792967,7.053967733491066,25.394283840567837,10.360529444157532,0.0020414846622248055,-1.3030285135871158,-2.9234414118636787,-17.328859329223633,2.251227555894008,37.887451171875,83.73095703125,0.3132156431674957,1,with_flow
29169,0,4.420841383377495,29169,Rickshaw,21571,718.8337775337098,-16.94358325859893,1.928137305868429,7.39922378438941,26.63720562380188,10.360577908752195,0.0008921697981036104,-1.4005386046650747,-2.928510707958877,-16.981399536132812,2.015090141771448,37.189697265625,77.14483642578125,0.3871516287326813,1,with_flow
29169,0,4.420841383377495,29169,Rickshaw,21572,718.8671016159283,-16.6912582310026,1.8798388790184903,7.74448081659356,27.880130939736816,10.360588905636941,-0.00015906465929366534,-1.4981909077079627,-2.9320096929316968,-16.802183151245117,2.015949129056307,38.530029296875,78.39312744140625,0.3695168197154999,1,with_flow
29169,1,4.420841383377495,29169,Rickshaw,21573,718.9004256981467,-16.427427829917555,1.8282845959974263,8.089737652936993,29.123055550573174,10.360567307384626,-0.0009703349606061547,-1.595936768691944,-2.934170964435269,-16.73784637451172,1.9814831956192,37.5390625,79.29193115234375,0.4128785133361816,1,with_flow
29169,1,4.420841383377495,29169,Rickshaw,21591,719.5002591780784,-16.152092078357683,1.77347202743881,8.434993364814385,30.365976113331786,10.360524234592928,-0.0012979829885409594,-1.6937366349280487,-2.93531172838616,-16.06589126586914,1.6073078376049363,37.395263671875,79.52386474609375,0.517117977142334,1,with_flow
29169,1,4.420841383377495,29169,Rickshaw,21592,719.5335832602968,-15.865251022085525,1.7153998700857684,8.780247573637002,31.60889126509321,10.36048079920097,-0.0010519599337546102,-1.7915628429460624,-2.9358120318092835,-15.393936157226562,1.553633195732738,43.399658203125,87.89605712890625,0.5968607068061829,1,with_flow
29169,1,4.420841383377495,29169,Rickshaw,21593,719.5669073425153,-15.566904707638864,1.6540675399200402,9.125500589256578,32.851802121323686,10.360454123394282,-0.0005459785730635845,-1.8893994673146015,-2.935979323038121,-15.393936157226562,1.4850476203042162,43.460205078125,101.8046875,0.5055224895477295,1,with_flow
29169,1,4.420841383377495,29169,Rickshaw,21594,719.6002314247337,-15.25705316470933,1.5894748324873114,9.47075301591019,34.09471085727669,10.360444410731253,-0.0001657100288026096,-1.9872390657048298,-2.936015127214368,-15.306665420532228,1.4772152599930763,43.3917236328125,91.7066650390625,0.5386365056037903,1,with_flow
29169,1,4.420841383377495,29169,Rickshaw,21595,719.6335555069521,-14.93569640494198,1.5216216990859097,9.816005283991935,35.337619022370966,10.360443079125034,8.579147561249556e-05,-2.085079159812382,-2.9360185127024474,-15.104476928710938,1.490227267507033,46.180908203125,100.9456787109375,0.5821885466575623,1,with_flow
29276_0,1,2.0951912688858583,29276,Car,21614,720.2667130691023,-21.994317994453528,1.355645701019099,5.048697027689662,18.175309299682784,-5.77625659185378,-0.0016806996452345402,1.0542842164071144,-1.6801787684407632,-22.047754287719727,1.3289940058730596,53.961181640625,79.48834228515625,0.3959800899028778,1,with_flow
29276_0,1,2.0951912688858583,29276,Car,21615,720.3000371513207,-21.82928205882982,1.3898458380396788,4.85620779978454,17.482348079224344,-5.776301660888218,-0.0010241931192428596,0.9982936140191576,-1.680187164302536,-21.850797653198242,1.3809353277810459,55.9755859375,84.4052734375,0.44022855162620544,1,with_flow
29276_0,1,2.0951912688858583,29276,Car,21616,720.3333612335391,-21.670660672178382,1.42218013974764,4.66371736567493,16.789382516429747,-5.776324852445207,1.808942915215296e-05,0.9423032138495206,-1.6801604034388222,-21.65384101867676,1.4328766496890322,57.989990234375,89.32220458984375,0.4844770133495331,1,with_flow
29276_0,1,2.0951912688858583,29276,Car,21617,720.3666853157575,-21.518453857824127,1.4526486394685114,4.471226881435749,16.0964167731687,-5.776300455260969,0.0018013654224921002,0.8863148245499163,-1.6800603463733295,-21.50623321533203,1.4645465280669352,58.2935791015625,87.10675048828125,0.3999345600605011,1,with_flow
29276_0,1,2.0951912688858583,29276,Car,21618,720.400009397976,-21.37266158648921,1.4812514513925876,4.278738335883068,15.403458009179044,-5.7762047947463175,0.004232980378882699,0.8303314621840647,-1.6798537897076982,-21.320539474487305,1.5130801966785108,57.982666015625,89.11431884765625,0.3584034740924835,1,with_flow
29276_0,1,2.0951912688858583,29276,Car,21619,720.4333334801944,-21.233283750083405,1.5079888071528322,4.086254448140238,14.710516013304858,-5.77601833488862,0.007114574824185942,0.7743571063527166,-1.6795172479894038,-21.19543838500977,1.5020380765687422,59.8388671875,91.79156494140624,0.2989430725574493,1,with_flow
29276_0,0,2.0951912688858583,29276,Car,21620,720.4666575624128,-21.10032014059518,1.532861081169648,3.8937784445288175,14.017602400303744,-5.775730621393537,0.010156976131311342,0.7183962638088542,-1.6790416063839286,-21.01368522644043,1.546893729095364,61.52349853515625,96.76202392578124,0.36763501167297363,1,with_flow
29276_0,0,2.0951912688858583,29276,Car,21621,720.4999816446312,-20.973770438432496,1.5558688023435376,3.7013137400448626,13.324729464161505,-5.775341391073239,0.01292994455931173,0.6624536894266532,-1.6784201287807854,-20.831932067871094,1.5917493816219856,63.2081298828125,101.73248291015624,0.4363269507884979,1,with_flow
29276_0,0,2.0951912688858583,29276,Car,21622,720.5333057268497,-20.853634212971606,1.5770126606736825,3.5088634809118546,12.631908531282678,-5.774868864322388,0.01476837214754545,0.6065342455036128,-1.6776553595877592,-20.77183151245117,1.610966250613687,63.5277099609375,105.309326171875,0.4738402962684631,1,with_flow
29276_0,0,2.0951912688858583,29276,Car,21623,720.5666298090681,-20.739910943630065,1.5962935032777392,3.316429774136849,11.939147186892658,-5.7743571061778844,0.015055938247143132,0.5506423833437328,-1.6767704949619042,-20.77530860900879,1.586723543170919,66.1239013671875,107.3687744140625,0.5742772817611694,1,with_flow
29276_0,0,2.0951912688858583,29276,Car,21624,720.5999538912865,-20.632600067743095,1.6137123088547254,3.1240129526397307,11.24644662950303,-5.773865413674342,0.013658945778751362,0.4947814491236425,-1.6758062141665526,-20.752779006958008,1.5856096271937123,66.9404296875,110.6055908203125,0.5681565999984741,1,with_flow
29276_0,0,2.0951912688858583,29276,Car,21625,720.633277973505,-20.53170104430156,1.629270144718252,2.931611419542255,10.553801110352119,-5.773446762513588,0.01093257360011888,0.4389534359377775,-1.67479969941935,-20.509557723999023,1.6874872577313955,67.1837158203125,118.78289794921876,0.5652375817298889,1,with_flow
29276_0,0,2.0951912688858583,29276,Car,21626,720.6666020557234,-20.437213411507404,1.6429681261373685,2.739222118535311,9.861199626727121,-5.773136777711323,0.007161116237427172,0.3831592732864624,-1.6737812568515498,-20.451074600219727,1.6672104033974728,67.3685302734375,116.34649658203124,0.6256487965583801,1,with_flow
29276_0,0,2.0951912688858583,29276,Car,21627,720.6999261379418,-20.349136828320024,1.6548073788613544,2.5468408638600484,9.168627109896175,-5.772969487261045,0.0024706313788141468,0.3273985162934411,-1.672805888184732,-20.509557723999023,1.6219319098560925,68.2896728515625,111.12152099609376,0.5948999524116516,1,with_flow
29276_0,0,2.0951912688858583,29276,Car,21628,720.7332502201602,-20.26747111167416,1.6647889794931952,2.3544623957594015,8.476064624733846,-5.772972114664925,-0.0025945366341367884,0.27166858559703944,-1.6719417847913909,-20.451074600219727,1.5971894570226906,65.6961669921875,108.89501953125,0.5702193975448608,1,with_flow
29276_0,0,2.0951912688858583,29276,Car,21629,720.7665743023787,-20.19221626430931,1.672913882910783,2.162080988721558,7.783491559397609,-5.773142408365274,-0.007058937757946731,0.2159648610953403,-1.6712382817233666,-20.30910873413086,1.6117349395656275,65.360595703125,106.85321044921876,0.705276608467102,1,with_flow
29276_0,0,2.0951912688858583,29276,Car,21630,720.7998983845971,-20.123372471751956,1.67918286944749,1.969691597120646,7.090889749634325,-5.773442579909366,-0.009980792230977076,0.160281708057335,-1.670705412489534,-20.247459411621094,1.6068730218603702,65.02197265625,106.79046630859376,0.6182273626327515,1,with_flow
29276_0,0,2.0951912688858583,29276,Car,21631,720.8332224668155,-20.06094006133331,1.6835965337170242,1.7772909057364572,6.398247260651246,-5.773807609847094,-0.010723757281438373,0.10461384425273468,-1.67031173369429,-19.87987327575684,1.750172041117581,65.8594970703125,116.376953125,0.6734104752540588,1,with_flow
29276_0,0,2.0951912688858583,29276,Car,21632,720.866546549034,-20.00491943059857,1.6861553191942888,1.584878106184231,5.7055611822632315,-5.77415729864804,-0.00944909827604573,0.0489576600527861,-1.6699951931220485,-19.866931915283203,1.7596821054256058,64.6376953125,120.20941162109376,0.6974195837974548,1,with_flow
29276_0,1,2.0951912688858583,29276,Car,21633,720.8998706312524,-19.95531096290888,1.6868595804962934,1.392454707329584,5.012836946386503,-5.774437374902776,-0.007026642177903082,-0.006688735994265782,-1.6697225870578578,-19.77603530883789,1.6905957201860229,68.3670654296875,113.539794921875,0.7694019079208374,1,with_flow
29276_0,1,2.0951912688858583,29276,Car,21634,720.9331947134708,-19.912114967176755,1.6857096195080097,1.2000234921363189,4.320084571690748,-5.774625611451352,-0.004416035662576791,-0.06232684009471629,-1.6695000096944945,-19.85860824584961,1.6677035848621382,71.416015625,110.73126220703124,0.7598909139633179,1,with_flow
29276_0,1,2.0951912688858583,29276,Car,21635,720.9665187956892,-19.87533165349784,1.6827056820464121,1.0075874277868695,3.6273147400327304,-5.774731695573775,-0.002307833705704147,-0.11795856038201662,-1.6693411540075844,-19.866931915283203,1.6579974897920802,71.271728515625,113.3841552734375,0.7771378755569458,1,with_flow
29276_0,1,2.0951912688858583,29276,Car,21636,720.9998428779077,-19.84496114193882,1.6778479441539869,0.815148873543316,2.934535944755938,-5.774779424331663,-0.0009412488715957418,-0.1735861197552315,-1.6692496845224642,-19.87987327575684,1.65348008949847,69.971435546875,113.76654052734376,0.7585685849189758,1,with_flow
29276_0,1,2.0951912688858583,29276,Car,21637,721.0331669601261,-19.821003487930398,1.6711365084784848,0.6227093392322995,2.2417536212362785,-5.774794428083345,-0.00025438877247529015,-0.2292116152273451,-1.6692140384316447,-19.8593864440918,1.6653886478360893,70.5506591796875,113.11199951171876,0.7135912775993347,1,with_flow
29276_0,1,2.0951912688858583,29276,Car,21638,721.0664910423445,-19.80345870995914,1.6625714170256927,0.43026956616003864,1.548970438176139,-5.774796378876402,0.00013730869545725,-0.28483651159898454,-1.6692088575853443,-19.858997344970703,1.7106146299697216,70.817138671875,113.14434814453124,0.685568630695343,1,with_flow
29304,1,4.420841383377495,29304,Rickshaw,21629,720.7665743023787,-9.349225835723473,5.444641203524348,2.7553582002210413,9.919289520795749,-4.441767988331034,-0.0008901429146419559,-0.3031237033183651,-0.6908021861261632,-9.128929138183594,5.43569424152155,55.2003173828125,129.4168701171875,0.4303025901317596,1,opposing
29304,1,4.420841383377495,29304,Rickshaw,21630,720.7998983845971,-9.259872338957642,5.434156317359644,2.6073397088048935,9.386422951697616,-4.441808851361332,-0.0015623195435314641,-0.3261441315138051,-0.6908059695052892,-9.16124153137207,5.433757705957419,56.80462646484375,123.39862060546875,0.35534110665321345,1,opposing
29304,1,4.420841383377495,29304,Rickshaw,21631,720.8332224668155,-9.175451448338617,5.422904296077436,2.4593195468432154,8.853550368635576,-4.441872114060875,-0.0026107169572843927,-0.34916452326864894,-0.690798047959355,-9.133993148803711,5.431821170393287,58.408935546875,117.38037109375,0.2803796231746673,1,opposing
29304,1,4.420841383377495,29304,Rickshaw,21632,720.866546549034,-9.09596323645639,5.410885149514069,2.3112965593042687,8.320667613495367,-4.441982850854399,-0.004437744461792364,-0.3721843004053384,-0.6907675903479182,-9.139196395874023,5.371255648077925,60.56591796875,112.0174560546875,0.4706391990184784,1,opposing
29304,1,4.420841383377495,29304,Rickshaw,21633,720.8998706312524,-9.02140782879023,5.39809891234461,2.163268717167489,7.7877673818029605,-4.442167881583493,-0.00704050887489775,-0.3952025512182068,-0.690703295293907,-9.135604858398438,5.371255648077925,62.9466552734375,118.0633544921875,0.4845913648605346,1,opposing
29304,1,4.420841383377495,29304,Rickshaw,21634,720.9331947134708,-8.951785433139033,5.384545658826049,2.015233119729823,7.254839231027364,-4.442452087847612,-0.010309359439910728,-0.4182177024870701,-0.6905748341479285,-9.132381439208984,5.347951227241854,58.5848388671875,119.668701171875,0.5850708484649658,1,opposing
29304,0,4.420841383377495,29304,Rickshaw,21635,720.9665187956892,-8.88709636693732,5.3702255362136855,1.8671861175746214,6.721870023268637,-4.442854981466683,-0.014038906201914721,-0.4412268377057621,-0.6903320796724549,-9.104955673217772,5.349048289895627,54.8953857421875,116.2808837890625,0.540483832359314,1,opposing
29304,0,4.420841383377495,29304,Rickshaw,21636,720.9998428779077,-8.82734107864289,5.355138820725372,1.7191235428711447,6.188844754336121,-4.443387755176671,-0.017953896330207435,-0.464225015541164,-0.6899039412653825,-9.046100616455078,5.34891133446731,60.474365234375,127.28515625,0.4337977766990661,1,opposing
29304,0,4.420841383377495,29304,Rickshaw,21637,721.0331669601261,-8.772520160006227,5.339285995717602,1.5710410193463948,5.655747669647021,-4.444051575701581,-0.02174627198292837,-0.4872046692036024,-0.6892055757471596,-9.011187553405762,5.336196477655983,63.449951171875,136.3721923828125,0.3204025030136108,1,opposing
29304,0,4.420841383377495,29304,Rickshaw,21638,721.0664910423445,-8.722634347337943,5.322667845076178,1.4229343055223784,5.122563499880562,-4.444837104287678,-0.025107579993133993,-0.5101552999722874,-0.6881468368589241,-8.82333755493164,5.36237128557777,65.028076171875,142.463623046875,0.5257174372673035,1,opposing
29304,0,4.420841383377495,29304,Rickshaw,21639,721.099815124563,-8.677684511128405,5.305285552827089,1.2747996463789906,4.589278726964366,-4.4457249498215745,-0.02782516624421505,-0.5330634017653496,-0.6866398556352444,-8.558494567871094,5.336196477655983,64.0333251953125,140.6580810546875,0.6491653919219971,1,opposing
29304,0,4.420841383377495,29304,Rickshaw,21640,721.1331392067814,-8.637671635085136,5.287140798698522,1.1266340252668163,4.055882490960539,-4.446691600543005,-0.029886867124104412,-0.5559128451463624,-0.684616889327629,-8.594191551208496,5.30804823426192,66.0604248046875,131.75146484375,0.6348897814750671,1,opposing
29304,0,4.420841383377495,29304,Rickshaw,21641,721.1664632889998,-8.602596790821005,5.268235833573667,0.9784351633705273,3.5223665881338984,-4.447716854656164,-0.03135834456583938,-0.5786855911666499,-0.682030064688059,-8.7605562210083,5.267163845647982,68.9866943359375,143.725341796875,0.5993859767913818,1,opposing
29304,0,4.420841383377495,29304,Rickshaw,21642,721.1997873712182,-8.572461115163039,5.248573533317104,0.830201419097989,2.98872510875276,-4.448781576648097,-0.032173032389319206,-0.6013622381578837,-0.6788437446146793,-8.681580543518066,5.256237924768197,68.2696533203125,128.053466796875,0.562194287776947,1,opposing
29304,0,4.420841383377495,29304,Rickshaw,21643,721.2331114534367,-8.547265788184772,5.228157439410044,0.6819318701884001,2.45495473267824,-4.44986112820928,-0.032186285351182876,-0.6239222524084891,-0.6750249107112821,-8.47726058959961,5.239696121713793,66.6683349609375,127.5030517578125,0.5468693375587463,1,opposing
29304,0,4.420841383377495,29304,Rickshaw,21644,721.2664355356551,-8.527012006006968,5.206991795307,0.533626499353431,1.9210553976723517,-4.450926733486794,-0.03136264982466459,-0.6463440624613653,-0.6705449793072801,-8.472980499267578,5.2129436883067735,67.5318603515625,119.719482421875,0.6470556259155273,1,opposing
29304,0,4.420841383377495,29304,Rickshaw,21645,721.2997596178735,-8.511700949484323,5.185081577973344,0.3852862293884609,1.3870304257984594,-4.45195139125197,-0.029755004106220936,-0.6686052532691694,-0.665381812271786,-8.576068878173828,5.196754563220626,67.966796875,113.508544921875,0.6102123856544495,1,opposing
29304,0,4.420841383377495,29304,Rickshaw,21646,721.333083700092,-8.50133375419136,5.1624325226797465,0.23691284489580045,0.8528862416248816,-4.452909849893285,-0.02736278008573727,-0.6906827564146237,-0.6595183418977809,-8.524456024169922,5.196535292612595,65.4608154296875,107.3455810546875,0.5553799271583557,1,opposing
29304,0,4.420841383377495,29304,Rickshaw,21647,721.3664077823104,-8.495911481976817,5.139051141580871,0.0885089966763386,0.31863238803481897,-4.4537750703185734,-0.024145240187337203,-0.7125530652894634,-0.6529468549904531,-8.45662784576416,5.163856166266174,67.240966796875,143.6865234375,0.539439857006073,1,opposing
29304,0,4.420841383377495,29304,Rickshaw,21648,721.3997318645288,-8.495435091056876,5.114944731227841,-0.059921741147400454,-0.21571826813064163,-4.454519085831658,-0.020104272738421743,-0.7341927150975991,-0.6456782822329774,-8.495922088623047,5.11987147575422,66.6925048828125,156.1595458984375,0.5733574628829956,1,opposing
29304,0,4.420841383377495,29304,Rickshaw,21649,721.4330559467472,-8.499905405177675,5.090121360859872,-0.20837487855347225,-0.7501495627925001,-4.455114983193927,-0.015283889303169177,-0.7555788799147565,-0.6377384627618418,-8.298973083496094,5.151220076566471,68.5455322265625,161.521240234375,0.712467610836029,1,opposing
29304,0,4.420841383377495,29304,Rickshaw,21650,721.4663800289657,-8.509323083704484,5.064589844381574,-0.35684504935786254,-1.2846421776883052,-4.45553772899917,-0.009842556581531334,-0.7766897520362186,-0.6291646244793357,-8.212165832519531,5.163881002742812,68.2376708984375,167.6260986328125,0.6472880244255066,1,opposing
29304,0,4.420841383377495,29304,Rickshaw,21651,721.4997041111841,-8.523688594552867,5.038359696221223,-0.5053261782522454,-1.8191742417080834,-4.455770971523452,-0.004103897338361399,-0.7975053059497889,-0.620031588717631,-8.279805183410645,5.113328128580582,63.9962158203125,167.5367431640625,0.5388535857200623,1,opposing
29304,0,4.420841383377495,29304,Rickshaw,21652,721.5330281934025,-8.543002196432301,5.011441046221924,-0.6538118569257225,-2.353722684932601,-4.455811246223809,0.001553770603540866,-0.8180089551395546,-0.6104716790393653,-8.253250122070312,5.091363458255716,63.5257568359375,168.5958251953125,0.7222946286201477,1,opposing
29304,0,4.420841383377495,29304,Rickshaw,21653,721.5663522756209,-8.56726393487436,4.983844493603767,-0.8022957674944957,-2.8882647629801848,-4.45566741556477,0.006746409606990617,-0.8381894008700153,-0.6006688824474924,-8.288392066955566,5.064762882162997,63.0743408203125,167.210205078125,0.5296674966812134,1,opposing
29304,0,4.420841383377495,29304,Rickshaw,21654,721.5996763578394,-8.596473652207091,4.955580902549655,-0.9507721061871348,-3.4227795822736855,-4.455361610406964,0.011080412334814228,-0.8580423247684273,-0.5908584707870851,-8.358428955078125,4.954824573132509,53.5888671875,164.06640625,0.4918205738067627,1,opposing
29304,0,4.420841383377495,29304,Rickshaw,21655,721.6330004400578,-8.63063101209528,4.926661141348887,-1.0992360261416327,-3.957249694109878,-4.454928926421451,0.014218525412634664,-0.8775720449791292,-0.5813191570078866,-8.655975341796875,4.836926173339602,48.05712890625,155.5848388671875,0.4578278660774231,1,opposing
29304,0,4.420841383377495,29304,Rickshaw,21656,721.6663245222762,-8.669735538250777,4.897095777327087,-1.2476840285204227,-4.491662502673522,-4.454413971787213,0.015998029156405684,-0.896792299536295,-0.5723283770624339,-8.637514114379883,4.83867679013576,49.3370361328125,155.2705078125,0.4727369844913482,1,opposing
29304,0,4.420841383377495,29304,Rickshaw,21657,721.6996486044947,-8.713786663053902,4.866894773318819,-1.3961141367424346,-5.026010892272764,-4.45386268714357,0.016398580403815043,-0.9157253723119765,-0.5641184785256181,-8.81436538696289,4.783377310481233,48.992919921875,150.055908203125,0.5086444616317749,1,opposing
29304,0,4.420841383377495,29304,Rickshaw,21658,721.7329726867131,-8.76278377859847,4.836067228829873,-1.544525910490738,-5.560293277766657,-4.453321036503929,0.015489516172071673,-0.9344005531980708,-0.5568779269490276,-8.981386184692383,4.727844722753122,48.3656005859375,144.8673095703125,0.5208961963653564,1,opposing
29304,0,4.420841383377495,29304,Rickshaw,21659,721.7662967689315,-8.816726287242666,4.804621171909978,-1.692920380255318,-6.094513368919145,-4.452830339322686,0.01347543169379907,-0.9528525575989997,-0.5507411925671423,-8.981386184692383,4.698858780482743,48.85931396484375,137.67230224609375,0.5409285724163055,1,opposing
29304,0,4.420841383377495,29304,Rickshaw,21660,721.7996208511499,-8.87561364704592,4.772563411143297,-1.8412998078569571,-6.6286793082850455,-4.452422923716543,0.010660779530303977,-0.9711194840936064,-0.5457756525472669,-9.430624961853027,4.610896495595016,49.35302734375,130.477294921875,0.5609609484672546,1,opposing
29304,0,4.420841383377495,29304,Rickshaw,21661,721.8329449333684,-8.939445407635441,4.739899461191275,-1.9896673662539663,-7.162802518514279,-4.452119817935525,0.007541143734060663,-0.9892404794926004,-0.5419739594459005,-9.308995962142944,4.632887066816948,49.450469970703125,133.4033203125,0.5681858658790588,1,opposing
29304,0,4.420841383377495,29304,Rickshaw,21662,721.8662690155868,-9.008221232294845,4.70663355328784,-2.1380265805543797,-7.696895689995767,-4.451920320328913,0.004704454526520222,-1.007252902646897,-0.5392360859391927,-9.187366962432861,4.654877638038879,49.54791259765625,136.329345703125,0.575410783290863,1,opposing
29304,0,4.420841383377495,29304,Rickshaw,21663,721.8995930978052,-9.081940897747337,4.6727687437050625,-2.286380636950651,-8.230970293022345,-4.451806274676656,0.0025392577039592937,-1.0251895277552558,-0.5373928301050468,-9.065737962722778,4.676868209260811,49.645355224609375,139.25537109375,0.5826357007026672,1,opposing
29304,1,4.420841383377495,29304,Rickshaw,21664,721.9329171800237,-9.160604274827442,4.638307098342413,-2.4347319505917864,-8.765035022130432,-4.451751083463912,0.0011601143454851878,-1.0430768338050629,-0.5362415673225958,-8.944108963012695,4.698858780482743,49.7427978515625,142.181396484375,0.5898606181144714,1,opposing
29304,1,4.420841383377495,29304,Rickshaw,21665,721.9662412622421,-9.244211299800348,4.603249914395882,-2.583082037714,-9.299095335770401,-4.451728955184993,0.0004313414194927823,-1.0609344918753094,-0.5355823897817735,-9.082357215881347,4.660013111793962,49.575,137.885888671875,0.5915938735008239,1,opposing
29304,1,4.420841383377495,29304,Rickshaw,21666,721.9995653444605,-9.33276194648417,4.567597939338614,-2.731431682747363,-9.833154057890507,-4.451722335350057,0.00011380591381240282,-1.0787760085393874,-0.5352480718317582,-9.22060546875,4.62116744310518,49.4072021484375,133.590380859375,0.5933271288871765,1,opposing
29304,1,4.420841383377495,29304,Rickshaw,21667,722.0328894266789,-9.426256206630256,4.531351556486648,-2.8797812203030775,-10.36721239309108,-4.451721370229735,1.1719036620750942e-05,-1.096609937019443,-0.5351081790731945,-9.358853721618651,4.582321774416399,49.239404296875,129.294873046875,0.595060384273529,1,opposing
29304,1,4.420841383377495,29304,Rickshaw,21668,722.0662135088974,-9.52469407876297,4.49451093003682,-3.0281307519459677,-10.901270707005484,-4.4517215542977775,-3.6229360280772557e-06,-1.114441067721664,-0.535067001922695,-9.497101974487304,4.543476105727617,49.0716064453125,124.999365234375,0.5967936396598816,1,opposing
29304,1,4.420841383377495,29304,Rickshaw,21669,722.0995375911158,-9.628075562980275,4.457076111507366,-3.1764802884693863,-11.43532903848979,-4.451721611691771,1.7834040022535191e-07,-1.1322715563185333,-0.5350618737966516,-9.635350227355955,4.504630437038836,48.90380859375,120.703857421875,0.5985268950462341,1,opposing
29615,1,4.420841383377495,29615,Rickshaw,21835,727.6313352393748,-16.546700570536306,3.8465421230633723,-0.6931093995007249,-2.49519383820261,4.039213314723784,0.0008361525765323563,-0.49422177289552893,0.5418745430913497,-16.7164306640625,3.787974258461446,31.6993408203125,95.16766357421876,0.3389240503311157,1,with_flow
29615,1,4.420841383377495,29615,Rickshaw,21836,727.6646593215933,-16.567555036770163,3.830373511950402,-0.5585057388317636,-2.010620659794349,4.039249739900538,0.0013499647493874706,-0.47616411985472273,0.5418917576539827,-16.676651000976562,3.807983056251085,33.32275390625,97.56863403320312,0.3370021730661392,1,with_flow
29615,1,4.420841383377495,29615,Rickshaw,21837,727.6979834038117,-16.58392393701001,3.8148066757903183,-0.4239006308293354,-1.5260422709856074,4.039303287396385,0.002175721148787074,-0.4581048184124491,0.541987313493777,-16.636871337890625,3.827991854040724,34.9461669921875,99.9696044921875,0.3350802958011627,1,with_flow
29615,1,4.420841383377495,29615,Rickshaw,21838,727.7313074860301,-16.595807209851273,3.799841728838649,-0.2892931691463354,-1.0414554089268075,4.039394747721431,0.0036398611554499215,-0.44003982591537294,0.5422476509249295,-16.397371292114258,3.8684664407901375,38.464111328125,104.0286865234375,0.4934800863265991,1,with_flow
29615,1,4.420841383377495,29615,Rickshaw,21839,727.7646315682485,-16.603204751640977,3.7854789674315494,-0.15468171830071542,-0.5568541858825755,4.039545877461201,0.00563664625898085,-0.421962315235646,0.5427485370765983,-16.328311920166016,3.8434813000993024,39.194580078125,106.262451171875,0.4472935795783996,1,with_flow
29615,1,4.420841383377495,29615,Rickshaw,21840,727.797955650467,-16.606116393256237,3.771718951319757,-0.020064029762641766,-0.07223050714551037,4.039770419848172,0.007872462114157987,-0.40386351523707525,0.5435284612235467,-16.439468383789062,3.819013822542962,37.7474365234375,105.84234619140624,0.3223342895507812,1,with_flow
29615,0,4.420841383377495,29615,Rickshaw,21841,727.8312797326854,-16.60454188517313,3.7585625466516968,0.11456240835068177,0.41242467006245437,4.040070562610708,0.010042706954597103,-0.3857340164808388,0.5445883929553528,-16.437520027160645,3.803747017757101,36.91754150390625,102.55380249023438,0.35988564789295197,1,with_flow
29615,0,4.420841383377495,29615,Rickshaw,21842,727.8646038149038,-16.59848089469156,3.7460109276393476,0.24920002801562535,0.8971201008562513,4.040439747832673,0.011898062066912022,-0.36756491405320246,0.5458977738951907,-16.435571670532227,3.78848021297124,36.087646484375,99.2652587890625,0.3974370062351227,1,with_flow
29615,0,4.420841383377495,29615,Rickshaw,21843,727.8979278971223,-16.587933013169845,3.734065542804791,0.3838509112795332,1.3818632806063196,4.040863546607824,0.013203692311042011,-0.3493488117404172,0.5473968754793095,-16.42043685913086,3.7810888775238256,35.5760498046875,97.1346435546875,0.4197584688663482,1,with_flow
29615,0,4.420841383377495,29615,Rickshaw,21844,727.9312519793407,-16.57289777203573,3.722728048767406,0.5185165297545025,1.8666595071162089,4.041319749688993,0.013745013544203648,-0.33108077298737093,0.5489977066333642,-16.579219818115234,3.709306847552017,35.9765625,92.40814208984376,0.3099840879440307,1,with_flow
29615,0,4.420841383377495,29615,Rickshaw,21845,727.9645760615591,-16.553374667387747,3.712000212690293,0.6531974951684294,2.351510982606346,4.041779626530705,0.013406108057629729,-0.31275923382961146,0.5505888603562248,-16.542924880981445,3.682855290319124,34.73486328125,92.2437744140625,0.3611970543861389,1,with_flow
29615,0,4.420841383377495,29615,Rickshaw,21846,727.9979001437775,-16.529363191300522,3.7018837915256615,0.787893431440009,2.8364163531840325,4.042213242183276,0.012155584574324151,-0.294386346931345,0.5520627909085176,-16.452316284179688,3.686923505192399,34.4085693359375,92.97601318359376,0.4186975955963135,1,with_flow
29615,1,4.420841383377495,29615,Rickshaw,21847,728.031224225996,-16.50086286507921,3.692380413616054,0.9226029556207864,3.3213706402348313,4.04258977393024,0.009977017643882051,-0.27596758973796776,0.5533275847608738,-16.79326820373535,3.686923505192399,33.451416015625,81.98175048828125,0.4385517835617065,1,with_flow
29615,1,4.420841383377495,29615,Rickshaw,21848,728.0645483082144,-16.467873273566802,3.6834914759826596,1.057323634269241,3.8063650833692675,4.042878192095795,0.007073603997624132,-0.2575113116537677,0.5543015128509685,-17.118061065673828,3.5140804325540778,37.5941162109375,72.23687744140625,0.3917608559131622,1,with_flow
29615,1,4.420841383377495,29615,Rickshaw,21849,728.0978723904328,-16.430394098180145,3.675218054007192,1.1920521812054803,4.291387852339729,4.043061216652635,0.00406571183930146,-0.2390283538907758,0.5549250820389613,-17.035114288330078,3.528998994456796,38.1807861328125,75.0889892578125,0.4122128784656524,1,with_flow
29615,1,4.420841383377495,29615,Rickshaw,21850,728.1311964726513,-16.38842513470347,3.6675608430228923,1.3267851736992387,4.776426625317259,4.043149164327014,0.0017316986753888291,-0.22053017656264085,0.5552282307593628,-16.396753311157227,3.6532448880647097,36.9935302734375,91.17437744140624,0.4029951691627502,1,with_flow
29615,1,4.420841383377495,29615,Rickshaw,21851,728.1645205548697,-16.341966282095637,3.660520190641982,1.4615199795473057,5.261471926370301,4.043176631190708,0.00046425913490780857,-0.20202572175852557,0.5553237814795373,-15.94387435913086,3.758626058438967,36.0748291015625,99.99664306640624,0.4946231544017792,1,with_flow
29615,1,4.420841383377495,29615,Rickshaw,21852,728.1978446370881,-16.291017506359406,3.654096214914094,1.5962552168835007,5.746518780780603,4.0431801063461785,-0.0002556919222911347,-0.18351976302210293,0.5553359202304708,-15.850543022155762,3.766661723051727,36.119140625,99.0091552734375,0.4329652786254883,1,with_flow
29636_2,1,2.7382897801574595,29636,Truck,22046,734.6627165874631,-15.101361802849995,0.40518856649993007,6.184452167164009,22.264027801790434,-12.212789932405162,-0.002803082285623759,0.15724848531827976,-0.8983960265778245,-14.994976997375488,0.4071212943769784,103.8148193359375,117.83770751953124,0.3977145254611969,1,with_flow
29636_2,1,2.7382897801574595,29636,Truck,22047,734.6960406696816,-14.902051747263368,0.4099298946397062,5.7774704100734855,20.79889347626455,-12.212896911247592,-0.003617430167053908,0.12731013384074644,-0.8984039498015193,-14.942498207092283,0.4028504848157013,102.02685546875,116.21392822265624,0.3374241888523102,1,with_flow
29636_2,1,2.7382897801574595,29636,Truck,22048,734.7293647519,-14.716304048526839,0.4136735499811479,5.37048470182012,19.33374492655243,-12.213031027485775,-0.0047005683210280536,0.09737148923473622,-0.8984136542971717,-14.919530868530272,0.4000501720747875,103.361083984375,114.61004638671876,0.3886350393295288,1,with_flow
29636_2,1,2.7382897801574595,29636,Truck,22049,734.7626888341184,-14.544118857357475,0.4164195219790892,4.9634937978393765,17.868577672221758,-12.213210195497998,-0.0059729220413390375,0.06743251994862245,-0.8984223548783441,-14.819828033447266,0.4242928795175553,106.0869140625,116.421875,0.3000092506408691,1,with_flow
29636_2,1,2.7382897801574595,29636,Truck,22050,734.7960129163368,-14.385496372284742,0.41816780185102587,4.556496203139207,16.403386331301146,-12.213429111776154,-0.006682060335598296,0.03749339716477976,-0.8984214755471562,-14.38902473449707,0.4255316874915691,107.517333984375,117.527099609375,0.3176862597465515,1,with_flow
29636_2,1,2.7382897801574595,29636,Truck,22059,735.0959296563027,-14.24043683322381,0.41891839111323054,4.14949108238708,14.938167896593487,-12.213655542554022,-0.00640123971082506,0.007554551367633056,-0.8984051614633302,-14.024112701416016,0.4378855283746237,108.449462890625,127.67803955078124,0.286268413066864,1,with_flow
29636_2,0,2.7382897801574595,29636,Truck,22060,735.1292537385211,-14.108940488334637,0.4186713079087346,3.7424787838884686,13.472923621998486,-12.213855742653001,-0.005412149580464358,-0.022383483036673618,-0.8983736285944776,-13.98424506187439,0.42417960744374683,108.48370361328125,127.63563537597655,0.3174995705485344,1,with_flow
29636_2,0,2.7382897801574595,29636,Truck,22061,735.1625778207396,-13.991007558762496,0.41742658629532525,3.33546046444521,12.007657672002757,-12.214016252389218,-0.00425418548813257,-0.05232033995427791,-0.8983366624619099,-13.944377422332764,0.41047368651287,108.5179443359375,127.59323120117188,0.3487307280302048,1,with_flow
29636_2,0,2.7382897801574595,29636,Truck,22062,735.195901902958,-13.886638223015991,0.4151842660286094,2.928437439321155,10.542374781556159,-12.214139276306959,-0.003252885583488884,-0.0822560638472554,-0.8983077201675664,-13.904509782791138,0.39676776558199306,108.55218505859375,127.55082702636719,0.3799618855118751,1,with_flow
29636_2,0,2.7382897801574595,29636,Truck,22063,735.2292259851764,-13.795832618523844,0.4119443783641073,2.5214108253811647,9.077078971372194,-12.21423305124248,-0.002469859453937119,-0.11219109595229704,-0.8982958677035022,-13.864642143249512,0.3830618446511162,108.58642578125,127.5084228515625,0.4111930429935455,1,with_flow
29636_2,1,2.7382897801574595,29636,Truck,22064,735.2625500673948,-13.718590850045384,0.4077069366759148,2.114381477321372,7.611773318356939,-12.21430388790598,-0.0017970340374156791,-0.14212600257254648,-0.8982983627319905,-13.682084083557127,0.4200552443929306,108.759521484375,131.84698486328125,0.4763275384902954,1,with_flow
29636_2,1,2.7382897801574595,29636,Truck,22065,735.2958741496133,-13.654912996259844,0.4024719398251567,1.7073501367766628,6.1464604923959865,-12.214352820262505,-0.0011820217649488667,-0.17206101249989647,-0.8982993500902078,-13.645317554473875,0.4322797581940638,110.2596435546875,132.72021484375,0.3751948177814483,1,with_flow
29636_2,1,2.7382897801574595,29636,Truck,22066,735.3291982318317,-13.604799111787708,0.39623938775017936,1.3003174946128735,4.681142980606345,-12.21438266748694,-0.0006800436972247431,-0.20199586385214013,-0.8982884008239354,-13.58752727508545,0.4105685973343074,111.768798828125,130.3896484375,0.3231191039085388,1,with_flow
29636_2,1,2.7382897801574595,29636,Truck,22067,735.3625223140501,-13.568249230204584,0.389009292057323,0.8932841128767119,3.215822806356163,-12.214398143926662,-0.0003313775182443127,-0.23193020759929736,-0.8982708203766511,-13.608551025390623,0.3703130150878182,112.2581787109375,128.03375244140625,0.4600792229175567,1,with_flow
29636_2,1,2.7382897801574595,29636,Truck,22068,735.3958463962686,-13.545263369250108,0.380781670963902,0.4862503748145898,1.7505013493325234,-12.214404753190266,-0.00011497944765126196,-0.2618640380375115,-0.8982592933177744,-13.507912635803224,0.3554849289214234,110.820068359375,128.4949951171875,0.2806040346622467,1,with_flow
29636_2,1,2.7382897801574595,29636,Truck,22079,735.7624113006713,-13.535841536511201,0.3715565369262174,0.07921652022979303,0.2851794728272549,-12.214405807095796,5.172756129923073e-05,-0.29179765368495253,-0.8982572568907572,-13.58709192276001,0.3904408062110628,119.94775390625,126.4906005859375,0.2994694113731384,1,with_flow
30058,1,2.0951912688858583,30058,Car,22037,734.3627998474973,-15.248599815636203,4.133219299521734,-0.37385716512521167,-1.345885794450762,4.902942060546986,0.0008888130259094851,0.5798715595902396,-2.7081132543617557,-15.332192420959473,4.110320147414296,36.5428466796875,101.5089111328125,0.3586096465587616,1,with_flow
30058,1,2.0951912688858583,30058,Car,22038,734.3961239297157,-15.258335909666519,4.151039310763524,-0.21047039070171936,-0.7576934065261897,4.902988831329869,0.0019182129906822865,0.4896258351778234,-2.7081309574403654,-15.228891372680664,4.099935661725215,37.54052734375,101.7974853515625,0.3053790330886841,1,with_flow
30058,1,2.0951912688858583,30058,Car,22049,734.7626888341184,-15.26262725857048,4.165851960625093,-0.04708157534288282,-0.16949367123437817,4.9030699059218135,0.0033808427548693096,0.3993799755046312,-2.7081136780602346,-15.228774070739746,4.178850372980596,37.547119140625,95.924072265625,0.3592901825904846,1,with_flow
30058,1,2.0951912688858583,30058,Car,22057,735.0292814918658,-15.26147376963744,4.177657273713408,0.11631092371619389,0.41871932537829804,4.90321415829373,0.0056058772850152445,0.3091360415913448,-2.708005630988363,-15.228891372680664,4.20741409514813,46.2938232421875,95.35009765625,0.2905615568161011,1,with_flow
30058,1,2.0951912688858583,30058,Car,22058,735.0626055740843,-15.254875280647338,4.186455374937634,0.2797095968048581,1.006954548497489,4.903443527352918,0.00837045406212135,0.21889797102904773,-2.7077543358596365,-15.193625450134276,4.22410101418746,49.4300537109375,95.0347900390625,0.5759462714195251,1,with_flow
30058,1,2.0951912688858583,30058,Car,22059,735.0959296563027,-15.24283153555235,4.192246546554489,0.44311754142812537,1.5952231491412514,4.903772033692474,0.011380353880494085,0.12867116754828545,-2.707325609193547,-15.187577247619627,4.2427606590854525,53.156494140625,92.75457763671876,0.5229297280311584,1,with_flow
30058,0,2.0951912688858583,30058,Car,22060,735.1292537385211,-15.225342169340204,4.1950312655735305,0.6065381341552881,2.1835372829590374,4.904202007049695,0.01428261967464979,0.0384617778661534,-2.7067101621071665,-15.170723915100098,4.218574188521928,53.9354248046875,90.12115478515624,0.5769048929214478,1,with_flow
30058,0,2.0951912688858583,30058,Car,22061,735.1625778207396,-15.20240670540815,4.194810213570254,0.7699746300880843,2.7719086683171037,4.904723944077139,0.016769280230520916,-0.05172422742209182,-2.705927093326694,-15.228656768798828,4.209353114359925,56.311279296875,89.14202880859375,0.5212679505348206,1,with_flow
30058,0,2.0951912688858583,30058,Car,22062,735.195901902958,-15.174024565937035,4.191584256745851,0.9334297989505802,3.3603472762220887,4.905319648795986,0.018720452731807714,-0.14188183258525344,-2.7050126723584857,-15.143647193908691,4.209353114359925,62.486572265625,93.3468017578125,0.5697103142738342,1,with_flow
30058,0,2.0951912688858583,30058,Car,22063,735.2292259851764,-15.1401950909453,4.185354406223406,1.0969058087167567,3.9488609113803244,4.905971627889141,0.02005470009541273,-0.23200741447808887,-2.704013896719823,-15.06092643737793,4.222484159558339,58.027099609375,96.53289794921876,0.5167433619499207,1,with_flow
30058,0,2.0951912688858583,30058,Car,22064,735.2625500673948,-15.100917558536361,4.176121765640854,1.260404173146297,4.537455023326669,4.906656257745677,0.02046557097625098,-0.32209911636491756,-2.7029910007398263,-15.04141902923584,4.164151081685908,52.179443359375,92.80975341796876,0.3971533477306366,1,with_flow
30058,0,2.0951912688858583,30058,Car,22065,735.2958741496133,-15.056191211967219,4.163887463608364,1.4239253891160568,5.126131400817805,4.90733562062886,0.019575771706334906,-0.4121573927569051,-2.7020208598832958,-15.064505577087402,4.133027191852761,49.861857096354164,90.26029459635417,0.4084588289260864,1,with_flow
30058,0,2.0951912688858583,30058,Car,22066,735.3291982318317,-15.006015301410523,4.1486525706877035,1.5874684834867105,5.7148865405521585,4.907960946997339,0.01725164312913592,-0.502185246281132,-2.7011758621574073,-15.087592124938965,4.101903302019612,47.544270833333336,87.71083577473959,0.41976431012153625,1,with_flow
30058,1,2.0951912688858583,30058,Car,22067,735.3625223140501,-14.950389136873383,4.130418020299721,1.7510308490218218,6.303711056478559,4.908485410976937,0.013783176866949876,-0.5921877957686971,-2.7005087518303426,-15.110678672790527,4.070779412186464,45.2266845703125,85.161376953125,0.4310697913169861,1,with_flow
30058,1,2.0951912688858583,30058,Car,22068,735.3958463962686,-14.889312138768412,4.109184551103505,1.9146085632322327,6.892590827636038,4.90887957043563,0.009861463646611952,-0.6821714449578578,-2.7000423487789877,-14.98298168182373,4.064549477694209,46.001871744791664,84.40763346354167,0.40964953104654944,1,with_flow
30058,1,2.0951912688858583,30058,Car,22069,735.429170478487,-14.822783869367983,4.0849526822777555,2.078197196761866,7.481509908342718,4.909142659427644,0.0062158334310111986,-0.7721427633088961,-2.6997638932017987,-14.855284690856934,4.058319543201953,46.777058919270836,83.65388997395833,0.38822927077611286,1,with_flow
30058,1,2.0951912688858583,30058,Car,22070,735.4624945607054,-14.750804034660014,4.057722726941174,2.241792664237761,8.07045359125594,4.909293844324252,0.003250998730771187,-0.8621073896103851,-2.6996320687040667,-14.727587699890137,4.064223883312381,47.55224609375,82.900146484375,0.3668090105056762,1,with_flow
30058,1,2.0951912688858583,30058,Car,22081,735.8290594651081,-14.673372464256808,4.027494836883551,2.4053916705105545,8.659410013837997,4.909359332525637,0.001136662475634414,-0.9520692799444368,-2.6995899584613885,-14.855284690856934,4.063898288930552,65.477783203125,87.6690673828125,0.3732567429542541,1,with_flow
30058,1,2.0951912688858583,30058,Car,22082,735.8623835473265,-14.590489082880428,3.9942690638975797,2.568991821182867,9.248370556258322,4.9093696007918375,-0.0005203954688681733,-1.0420305013405382,-2.69958450351913,-14.2981538772583,4.044854033451483,68.588134765625,86.80255126953125,0.4167217910289764,1,with_flow
30068,1,4.420841383377495,30068,Rickshaw,22041,734.496096176371,-12.661329840884969,2.046226053409932,2.207785325729097,7.948027172624749,-4.0047654515895506,-0.0009281216691761074,-0.5119377981538948,2.350071649743578,-12.591026306152344,2.000112327131608,40.8245849609375,92.8609619140625,0.3671483993530273,1,with_flow
30068,1,4.420841383377495,30068,Rickshaw,22042,734.5294202585894,-12.589981062349926,2.030471071084735,2.0743296239999807,7.467586646399931,-4.004800231169217,-0.0011592324213389035,-0.43362340741492644,2.350101244853473,-12.535143852233888,2.018222021475476,39.7646484375,93.3692626953125,0.4182785749435425,1,with_flow
30068,1,4.420841383377495,30068,Rickshaw,22043,734.5627443408079,-12.523079592964478,2.01732586877102,1.9408726570377448,6.9871415653358815,-4.0048427123025885,-0.001522503441163523,-0.35530718850760534,2.3501919763027663,-12.52446746826172,2.024633025709315,39.5391845703125,92.71923828125,0.5114224553108215,1,with_flow
30068,1,4.420841383377495,30068,Rickshaw,22044,734.5960684230263,-12.460625480735239,2.0067905533641297,1.8074140249450534,6.5066904898021924,-4.004901703228919,-0.0021490391838350537,-0.2769860173647757,2.3504093339349845,-12.51883029937744,2.013644304024317,37.8074951171875,91.8819580078125,0.5937497615814209,1,with_flow
30068,1,4.420841383377495,30068,Rickshaw,22045,734.6293925052447,-12.402618791996508,1.998865372059366,1.6739530280405197,6.026230900945871,-4.004985941819494,-0.0030009794921858003,-0.19865461319200467,2.350816237473849,-12.479321002960205,2.0337785260209773,38.574951171875,95.2213134765625,0.5834261178970337,1,with_flow
30068,1,4.420841383377495,30068,Rickshaw,22046,734.6627165874631,-12.34905962088179,1.9935507819606084,1.540488711381959,5.545759360975053,-4.005101713003586,-0.0039875680929362285,-0.12030569877165986,2.3514680973647715,-12.439811706542969,2.034978837456202,40.447265625,98.4903564453125,0.4973079264163971,1,with_flow
30068,0,4.420841383377495,30068,Rickshaw,22047,734.6960406696816,-12.299948096207304,1.990847510232937,1.40701996836173,5.065271886102228,-4.005251705913455,-0.004999488217667288,-0.041930457000849436,2.352400057728407,-12.3279390335083,2.034406888879914,39.2586669921875,94.69927978515624,0.4544391632080078,1,with_flow
30068,0,4.420841383377495,30068,Rickshaw,22048,734.7293647519,-12.255284384428395,1.9907565926371413,1.2735456674433838,4.584764402796182,-4.005434919716417,-0.0059480540067686355,0.03648066938832342,2.3536209304814646,-12.334052085876465,2.0114888526589643,40.1622314453125,87.93280029296875,0.4827621281147003,1,with_flow
30068,0,4.420841383377495,30068,Rickshaw,22049,734.7626888341184,-12.215068688719674,1.9932793833108842,1.1400647482328148,4.1042330936381335,-4.005648132794978,-0.006751722439246202,0.11493708796301327,2.3551140350568796,-12.27936840057373,2.0152703836304764,40.5469970703125,86.47540283203125,0.4295998513698578,1,with_flow
30068,0,4.420841383377495,30068,Rickshaw,22050,734.7960129163368,-12.179301245253306,1.9984175373181712,1.006576308857125,3.62367471188565,-4.00588490962378,-0.007319909537467592,0.19344736426284126,2.356846679280697,-12.20119285583496,2.014134292227701,41.1890869140625,88.11920166015625,0.5148988962173462,1,with_flow
30068,0,4.420841383377495,30068,Rickshaw,22051,734.8293369985553,-12.147982316099432,2.0061729744588215,0.8730797126824966,3.143086965656988,-4.006135991329494,-0.007591810461887108,0.27201874634097595,2.358772754625498,-12.151914596557615,2.028456423884302,42.59130859375,90.9134521484375,0.4323894083499908,1,with_flow
30068,0,4.420841383377495,30068,Rickshaw,22052,734.8626610807737,-12.121112179107076,2.0165478283188945,0.7395746560670817,2.6624687618414944,-4.006390889855817,-0.007551075163581452,0.3506567534784531,2.360834598726234,-12.06581211090088,2.028456423884302,44.8297119140625,89.39569091796875,0.4321204721927643,1,with_flow
30068,0,4.420841383377495,30068,Rickshaw,22053,734.8959851629921,-12.098691116364666,2.0295443820220904,0.6060611876235404,2.1818202754447458,-4.006639256628671,-0.007229913278950758,0.42936477019826036,2.362961958236583,-12.061543464660645,2.028456423884302,46.6297607421875,88.12652587890625,0.5689235329627991,1,with_flow
30068,0,4.420841383377495,30068,Rickshaw,22054,734.9293092452106,-12.080719402915514,2.045164990749263,0.47253967007674813,1.7011428122762933,-4.006872750304897,-0.006683206903051304,0.5081436952256342,2.365077157388103,-12.07540225982666,2.042906995605802,45.0714111328125,90.66729736328124,0.6218246817588806,1,with_flow
30068,0,4.420841383377495,30068,Rickshaw,22055,734.962633327429,-12.06719729744317,2.063411996171584,0.3390107133323079,1.2204385679963086,-4.007084680101311,-0.005948313162474107,0.5869918165641924,2.3671019490081946,-12.019242286682127,2.0576726357737933,45.6180419921875,95.372802734375,0.5567749738693237,1,with_flow
30068,0,4.420841383377495,30068,Rickshaw,22056,734.9959574096474,-12.058125034740538,2.0842876397122034,0.20547513698708064,0.7397104931534904,-4.007269194458671,-0.0050657631112533685,0.6659048390193346,2.368959796146737,-12.019242286682127,2.069133250514909,45.5712890625,96.98583984375,0.41762375831604,1,with_flow
30068,0,4.420841383377495,30068,Rickshaw,22057,735.0292814918658,-12.053502819343251,2.1077939777825287,0.07193392681568822,0.2589621365364776,-4.007422303914148,-0.004096150045501339,0.7448759778228128,2.370578515223282,-11.981139183044434,2.0678190460939594,44.6298828125,95.34527587890624,0.4704605042934418,1,with_flow
30068,0,4.420841383377495,30068,Rickshaw,22058,735.0626055740843,-12.053330821100941,2.1339328022432147,-0.06161183311989127,-0.22180259923160858,-4.007542195340462,-0.003115925193244908,0.8238962030536083,2.3718973891879047,-12.011686325073242,2.069660848240058,45.002197265625,93.1221923828125,0.4165651798248291,1,with_flow
30068,0,4.420841383377495,30068,Rickshaw,22059,735.0959296563027,-12.057609173263684,2.1627055743689967,-0.1951610467918674,-0.7025797684507227,-4.0076299746088,-0.00220215970318544,0.9029548473420284,2.372881509247626,-12.015464305877686,2.118670490186057,46.06622314453125,89.9781494140625,0.3747287690639496,1,with_flow
30068,0,4.420841383377495,30068,Rickshaw,22060,735.1292537385211,-12.066337973617284,2.1941133872739713,-0.32871269396138203,-1.1833656982609753,-4.007688965242476,-0.0014185881788979407,0.9820406892478102,2.3735327496497787,-12.019242286682127,2.167680132132056,47.1302490234375,86.8341064453125,0.33289235830307,1,with_flow
30068,0,4.420841383377495,30068,Rickshaw,22061,735.1625778207396,-12.079517288164505,2.228156967063656,-0.4622658986110012,-1.6641572349996043,-4.007724520907016,-0.0008255149962777449,1.0611430832472304,2.3738817605223037,-12.05793571472168,2.166150205171167,49.134765625,76.3671875,0.3201373815536499,1,with_flow
30068,0,4.420841383377495,30068,Rickshaw,22062,735.195901902958,-12.097147157076666,2.2648367061204726,-0.5958199976221996,-2.144951991439919,-4.007743984301693,-0.00045858145957265495,1.1402527695728626,2.373982029205056,-12.181593894958496,2.2289946516214525,47.8299560546875,69.4879150390625,0.3599041998386383,1,with_flow
30068,1,4.420841383377495,30068,Rickshaw,22063,735.2292259851764,-12.119227602713988,2.3041527239430883,-0.7293745876493392,-2.6257485155376212,-4.007755084519541,-0.00027408336428624554,1.2193628199685709,2.3739205051799934,-12.22119426727295,2.369491406700299,37.4385986328125,69.6513671875,0.4250248372554779,1,with_flow
30068,1,4.420841383377495,30068,Rickshaw,22064,735.2625500673948,-12.14575863781826,2.3461049620571903,-0.8629294760609216,-3.106546113819318,-4.0077622514548255,-0.00016763028191989581,1.2984695697118513,2.3737992390534237,-12.117124557495115,2.4075203101145055,34.4561767578125,73.00531005859375,0.3588724732398987,1,with_flow
30068,1,4.420841383377495,30068,Rickshaw,22065,735.2958741496133,-12.176740270381597,2.390693292362277,-0.9964845494614076,-3.5873443780610677,-4.007766256770135,-8.588361444889326e-05,1.3775723266496027,2.373689339912467,-12.176215171813965,2.445549213528712,35.2686767578125,71.04400634765625,0.3736883401870727,1,with_flow
30068,1,4.420841383377495,30068,Rickshaw,22066,735.3291982318317,-12.212172504941057,2.43791759571928,-1.1300397151549963,-4.068142974557987,-4.007767975440084,-3.32440959649229e-05,1.4566721014904331,2.3736224639524006,-12.218825976053873,2.4659322733674953,33.058308919270836,71.65010579427083,0.3655320505301157,1,with_flow
30068,1,4.420841383377495,30068,Rickshaw,22067,735.3625223140501,-12.252055343505866,2.4877777976030053,-1.2635949150886008,-4.548941694318963,-4.0077684724281095,-8.36351118775806e-06,1.5357703749049643,2.3735969614444214,-12.261436780293783,2.4863153332062793,30.847941080729168,72.25620524088542,0.35737576087315875,1,with_flow
30068,1,4.420841383377495,30068,Rickshaw,22068,735.3958463962686,-12.296388786701376,2.5402738677716146,-1.3971501226864154,-5.029740441671096,-4.007768532852753,4.73702613135174e-06,1.6148682247095278,2.3735933407587226,-12.304047584533691,2.506698393045063,28.6375732421875,72.8623046875,0.3492194712162018,1,with_flow
30435_1,1,4.420841383377495,30435,Rickshaw,22252,741.5274775244593,-17.62841351820148,1.2266124270025331,2.010870512812585,7.2391338461253065,6.365780851075344,0.0018230256120261856,0.4134050328135128,-1.0810216658292409,-17.402113914489746,1.2656700380202597,39.2689208984375,82.41998291015625,0.2854069471359253,1,with_flow
30435_1,1,4.420841383377495,30435,Rickshaw,22253,741.5608016066777,-17.55786851213978,1.239788533882435,2.2230051680746987,8.002818605068915,6.365830034579526,0.001128803870244165,0.37738075706720525,-1.0810391529564818,-17.41196060180664,1.2843926611268686,38.4609375,79.48089599609375,0.2893067896366119,1,with_flow
30435_1,1,4.420841383377495,30435,Rickshaw,22254,741.5941256888962,-17.48025428921701,1.2517641478216355,2.435141145954592,8.766508125436532,6.365856083781305,1.2850603133342298e-05,0.3413551548115611,-1.0811121072077268,-17.36275863647461,1.26687602636443,38.228271484375,76.39459228515625,0.312489241361618,1,with_flow
30435_1,1,4.420841383377495,30435,Rickshaw,22255,741.6274497711146,-17.395570823115094,1.2625391806334512,2.6472772245053604,9.530198008219298,6.3658308910486365,-0.0020198637126308534,0.30532516129135856,-1.0813167504983758,-17.39226722717285,1.2276147014987742,39.6021728515625,73.2919921875,0.3471207320690155,1,with_flow
30435_1,1,4.420841383377495,30435,Rickshaw,22256,741.660773853333,-17.30381814489696,1.272113397109416,2.859411154348953,10.29388015565623,6.365721463572446,-0.005044728728323412,0.2692849742743497,-1.0817368670617578,-17.416858673095703,1.2153625127665302,40.2032470703125,73.6163330078125,0.2880344688892364,1,with_flow
30435_1,1,4.420841383377495,30435,Rickshaw,22257,741.6940979355514,-17.20499637918129,1.280486324681427,3.071539569176728,11.057542449036221,6.365494669138812,-0.008989940232982914,0.2332262607585685,-1.0824366862624166,-17.380382537841797,1.2274557480482922,38.9249267578125,75.48480224609375,0.292981743812561,1,with_flow
30435_1,0,4.420841383377495,30435,Rickshaw,22258,741.7274220177699,-17.099105780450575,1.2876571834182233,3.283658068895411,11.82116904802348,6.365122300557521,-0.013665004256059628,0.19713909700485702,-1.0834464732072653,-17.269497871398926,1.248666897412308,38.52801513671875,76.92068481445312,0.29392185807228083,1,with_flow
30435_1,0,4.420841383377495,30435,Rickshaw,22259,741.7607460999883,-16.98614676410779,1.293624852284566,3.4957614391449567,12.584741180921844,6.364583921688124,-0.018831463497872666,0.16101311983862776,-1.0847632938631522,-17.158613204956055,1.269878046776324,38.131103515625,78.3565673828125,0.2948619723320007,1,with_flow
30435_1,0,4.420841383377495,30435,Rickshaw,22260,741.7940701822067,-16.86611992915988,1.2983878716133723,3.7078439200655566,13.348238112236004,6.363867218081728,-0.02423197873899726,0.1248385083494099,-1.086359116322329,-17.150346755981445,1.24855131909424,39.222900390625,77.741943359375,0.3222607672214508,1,with_flow
30435_1,0,4.420841383377495,30435,Rickshaw,22261,741.8273942644252,-16.739026071838865,1.3019444735769623,3.919899484397328,14.111638143830382,6.362968904784497,-0.029540504702243484,0.08860669629502205,-1.0881860866808108,-17.03947639465332,1.2487963131959312,39.2012939453125,78.29217529296875,0.4191038310527801,1,with_flow
30435_1,0,4.420841383377495,30435,Rickshaw,22262,741.8607183466436,-16.604866188850057,1.304292636506839,4.131922198621871,14.874919915038737,6.361898397666785,-0.034375883753252526,0.05231118205359975,-1.0901665619551988,-16.728891372680664,1.2951085363756591,37.68310546875,84.509521484375,0.5081627368927002,1,with_flow
30435_1,0,4.420841383377495,30435,Rickshaw,22263,741.894042428862,-16.46364146688728,1.3054301711673937,4.343906665177542,15.638063994639152,6.360677815231448,-0.038449505093022106,0.015948575937901777,-1.0921936091408284,-16.495113372802734,1.335486260866185,38.7105712890625,85.908203125,0.3132962584495544,1,with_flow
30435_1,0,4.420841383377495,30435,Rickshaw,22264,741.9273665110804,-16.315353258722116,1.3053548371833616,4.555848350109885,16.401054060395587,6.359335808728829,-0.041619750098152726,-0.020480766045816945,-1.094153843497491,-16.43375873565674,1.3424256611404932,39.71258544921875,86.02334594726562,0.30073863267898554,1,with_flow
30435_1,0,4.420841383377495,30435,Rickshaw,22265,741.9606905932989,-16.1600030517504,1.3040644667680619,4.767743723028198,17.163877402901512,6.357903935283085,-0.0437580840656955,-0.05697293401794645,-1.0959498521713935,-16.372404098510742,1.3493650614148014,40.714599609375,86.13848876953125,0.2881810069084167,1,with_flow
30435_1,0,4.420841383377495,30435,Rickshaw,22266,741.9940146755173,-15.99759243264291,1.3015570722795833,4.979590387581233,17.92652539529244,6.356419412746577,-0.04463324394927239,-0.09352116004303968,-1.0975083390217812,-16.265711784362793,1.3570457418150461,42.44915771484375,87.427001953125,0.29568417370319366,1,with_flow
30435_1,0,4.420841383377495,30435,Rickshaw,22267,742.0273387577357,-15.828123045623276,1.2978309271185264,5.191387340324991,18.68899442516997,6.354929211501004,-0.043907631510461155,-0.13011670900460126,-1.0987855296255535,-16.159019470214844,1.3647264222152908,44.1837158203125,88.71551513671875,0.3031873404979706,1,with_flow
30435_1,0,4.420841383377495,30435,Rickshaw,22289,742.7604685665411,-15.651596540043663,1.2928846137336598,5.403135347675839,19.451287251633023,6.353493049701635,-0.04126617192504104,-0.16674996804104097,-1.0997736834480256,-15.105751037597656,1.2801576870533118,40.6131591796875,88.51141357421875,0.315690666437149,1,with_flow
30435_1,0,4.420841383377495,30435,Rickshaw,22290,742.7937926487596,-15.468014504207753,1.286717032087087,5.614837357088252,20.213414485517706,6.352178896888864,-0.036860008510474024,-0.2034116852510126,-1.1004985265575082,-14.997838258743286,1.2871922642541642,40.80157470703125,89.32899475097656,0.3320100456476211,1,with_flow
30435_1,0,4.420841383377495,30435,Rickshaw,22291,742.827116730978,-15.277378392902879,1.2793273747522407,5.826498328363472,20.9753939821085,6.351036397793285,-0.031297201429939095,-0.24009355528287707,-1.1009875603485733,-14.889925479888916,1.2942268414550167,40.989990234375,90.14657592773438,0.34832942485809326,1,with_flow
30435_1,0,4.420841383377495,30435,Rickshaw,22292,742.8604408131964,-15.079689472352456,1.2707150961317217,6.03812449533844,21.737248183218387,6.350092995861548,-0.025185219301044354,-0.2767881717435077,-1.101268725487272,-14.782012701034546,1.301261418655869,41.17840576171875,90.96415710449219,0.36464880406856537,1,with_flow
30435_1,0,4.420841383377495,30435,Rickshaw,22293,742.8937648954148,-14.874948789377822,1.2608798805656727,6.249722690367666,22.4990016853236,6.349357849155931,-0.01900901177446185,-0.3134891951450417,-1.101379734785745,-14.674099922180176,1.3082959958567215,41.3668212890625,91.78173828125,0.3809681832790375,1,with_flow
30435_1,1,4.420841383377495,30435,Rickshaw,22308,743.3936261286913,-14.663157160834968,1.2498215995150286,6.461299804862619,23.260679297505426,6.3488260801190215,-0.013159648280496414,-0.3501918450406778,-1.101378197116416,-14.239629745483398,1.1736434411341576,40.3204345703125,78.1195068359375,0.3227725327014923,1,with_flow
30435_1,1,4.420841383377495,30435,Rickshaw,22309,743.4269502109097,-14.444315178749942,1.2375402474254533,6.67286237554811,24.022304551973196,6.348480782753401,-0.008071886915422925,-0.386893615423165,-1.1013372534289294,-14.19119930267334,1.1976237689415878,42.2701416015625,79.344482421875,0.3669421076774597,1,with_flow
30435_1,1,4.420841383377495,30435,Rickshaw,22310,743.4602742931281,-14.218423229756143,1.224035866106884,6.884416096829474,24.78389794858611,6.348288103672567,-0.004174522265233186,-0.42359398207057725,-1.1012979940510133,-14.18019199371338,1.2043239407248525,45.3587646484375,80.93243408203125,0.3142428398132324,1,with_flow
30435_1,1,4.420841383377495,30435,Rickshaw,22311,743.4935983753466,-13.985481532094555,1.209308497985037,7.0959653158582965,25.545475137089866,6.3482025585070225,-0.001666432542093384,-0.4602932801495392,-1.1012739508632297,-14.18569564819336,1.1989981131166818,43.999064127604164,80.90462239583333,0.3242364227771759,1,with_flow
30435_1,1,4.420841383377495,30435,Rickshaw,22312,743.526922457565,-13.745490185191706,1.1933581698330964,7.307512807207441,26.30704610594679,6.348177039002478,-0.00043024746108934187,-0.4969920372465931,-1.1012647367044903,-14.18019199371338,1.193672285508511,42.639363606770836,80.87681070963542,0.33423000574111933,1,with_flow
30435_1,1,4.420841383377495,30435,Rickshaw,22313,743.5602465397834,-13.498449220940618,1.1761848925667162,7.519059901921721,27.068615646918197,6.348173883303487,0.00024085295831355324,-0.533690641099155,-1.1012634252351505,-13.898432731628418,1.1883464579003402,41.2796630859375,80.8489990234375,0.3442235887050628,1,with_flow
3113_1,1,4.420841383377495,3113,Rickshaw,2363,78.7448062821453,1.1751062331012687,2.22418342364316,7.037588499859105,25.335318599492776,-13.338872698141307,-0.003330844771454622,0.22181653691210448,-2.6871408554600054,1.1716620922088623,2.2267020082899087,78.1488037109375,158.8907470703125,0.3670269846916199,1,with_flow
3113_1,1,4.420841383377495,3113,Rickshaw,2364,78.77813036436373,1.4022210181468129,2.230083224469408,6.59308094737338,23.735091410544168,-13.338984747118708,-0.00339396023085186,0.13226965623799125,-2.68716381607077,1.46249520778656,2.229490316733781,80.9874267578125,165.1541748046875,0.3340829014778137,1,with_flow
3113_1,1,4.420841383377495,3113,Rickshaw,2365,78.81145444658216,1.6145229344089722,2.232998944472594,6.148569628969857,22.134850664291484,-13.339098899360865,-0.0034873030886492487,0.04272196467556014,-2.687190033491383,1.60983145236969,2.229830753867124,83.4183349609375,165.53338623046875,0.35736727714538574,1,with_flow
3113_1,1,4.420841383377495,3113,Rickshaw,2366,78.84477852880059,1.8120118549169077,2.2329305542877322,5.704054444645142,20.534596000722512,-13.339217169468402,-0.00363952208736497,-0.046826692969477876,-2.687222105551255,1.7571676969528198,2.2301711910004665,85.8492431640625,165.91259765625,0.3806516528129577,1,with_flow
3113_1,1,4.420841383377495,3113,Rickshaw,2367,78.87810261101902,1.994687648140977,2.2298780182201234,5.259535221447717,18.93432679721178,-13.339341466827415,-0.0038150311247002093,-0.13637653161443247,-2.6872609019848106,1.9314735531806946,2.2239136998460367,86.44675699869792,166.78068033854166,0.3773954312006632,1,with_flow
3113_1,1,4.420841383377495,3113,Rickshaw,2368,78.91142669323744,2.1625501760802583,2.2238412932945475,4.81501175671601,17.334042324177638,-13.339471434290132,-0.003936677936988734,-0.22592776143059273,-2.6873051174539357,2.1057794094085693,2.217656208691607,87.04427083333333,167.64876302083334,0.3741392095883687,1,with_flow
3113_1,0,4.420841383377495,3113,Rickshaw,2369,78.94475077545587,2.3155992947076425,2.2148203308572287,4.370483907475522,15.733742066911882,-13.339603839185894,-0.003922749336877506,-0.3154804932299542,-2.687349909374208,2.280085265636444,2.211398717537177,87.64178466796875,168.516845703125,0.3708829879760742,1,with_flow
3113_1,0,4.420841383377495,3113,Rickshaw,2370,78.9780748576743,2.4538348575314677,2.2028150819667167,3.925951683128174,14.133426059261426,-13.339732878332981,-0.0037112063839277666,-0.40503461284780795,-2.6873867550792783,2.454391121864319,2.205141226382748,88.23929850260417,169.38492838541666,0.36762676636377967,1,with_flow
3113_1,0,4.420841383377495,3113,Rickshaw,2371,79.01139893989273,2.577256721946803,2.187825506692794,3.4814153162935195,12.533095138656671,-13.33985118427923,-0.0032807271906534394,-0.494589682937613,-2.687405239856402,2.6286969780921936,2.198883735228318,88.83681233723958,170.25301106770834,0.36437054475148517,1,with_flow
3113_1,0,4.420841383377495,3113,Rickshaw,2372,79.04472302211116,2.6858647572589525,2.1698515853378013,3.036875288433976,10.932751038362314,-13.339951532778256,-0.002671749937117293,-0.5841449365232266,-2.6873967758839683,2.8030028343200684,2.1926262440738884,89.434326171875,171.12109375,0.3611143231391907,1,with_flow
3113_1,0,4.420841383377495,3113,Rickshaw,2373,79.07804710432958,2.779658852483034,2.1488933274505224,2.5923322868957523,9.332396232824708,-13.340029251508373,-0.0019916270059055063,-0.6736994266543898,-2.6873602520952655,2.8430837392807007,2.156963103761136,90.35226440429688,167.00579833984375,0.4044977128505707,1,with_flow
3113_1,1,4.420841383377495,3113,Rickshaw,2374,79.11137118654801,2.8586389213035606,2.124950772534549,2.147787078819633,7.73203348375068,-13.340084271062443,-0.0013562229852561243,-0.7632523700943006,-2.687306443957531,2.883164644241333,2.121299963448384,91.27020263671875,162.8905029296875,0.4478811025619507,1,with_flow
3113_1,1,4.420841383377495,3113,Rickshaw,2375,79.14469526876644,2.922804902328033,2.0980239787865886,1.7032403755991457,6.131665352156925,-13.340119641280907,-0.0008315128284259258,-0.8528034587894201,-2.6872516700895543,2.9232455492019653,2.0856368231356317,92.18814086914062,158.77520751953125,0.4912644922733307,1,with_flow
3113_1,1,4.420841383377495,3113,Rickshaw,2376,79.17801935098487,2.9721567558704898,2.0681130056765165,1.258692761562962,4.5312939416266635,-13.340139689866163,-0.00043873639909068304,-0.9423529128712416,-2.6872102087635517,2.9633264541625977,2.049973682822879,93.1060791015625,154.659912109375,0.5346478819847107,1,with_flow
3113_1,1,4.420841383377495,3113,Rickshaw,2377,79.2113434332033,3.0066944592511478,2.035217898614533,0.8141446723357426,2.9309208204086734,-13.340148882256578,-0.00017759599717798467,-1.0319013131173465,-2.6871886452791234,3.021602153778076,2.020834109204156,96.47857666015624,149.301025390625,0.5644598007202148,1,with_flow
3113_1,1,4.420841383377495,3113,Rickshaw,2378,79.24466751542172,3.026418001870184,1.9993386819435817,0.36959639831188096,1.3305470339227714,-13.340151526313386,-4.427233529359159e-05,-1.1214492830763525,-2.6871828536554547,2.9633264541625977,2.0153385065378258,98.8028564453125,149.3934326171875,0.6547690629959106,1,with_flow
3113_1,1,4.420841383377495,3113,Rickshaw,2379,79.27799159764015,3.031327380378928,1.9604753631938525,-0.0749519156204738,-0.2698268962337057,-13.34015183292646,2.5870443664643972e-05,-1.2109971709092362,-2.6871822727630073,2.992464303970337,1.9658621162344403,103.6488037109375,146.655029296875,0.6392006874084473,1,with_flow
32027,1,2.0951912688858583,32027,Car,23117,770.3528086433995,-23.655659182901967,0.9756564732584925,-2.918127933308012,-10.505260559908843,5.741340640019571,-0.0007347069294212361,-0.3453223388927708,-0.41678599568145874,-24.083309173583984,0.800119153614615,60.282958984375,81.93365478515625,0.5078702569007874,1,with_flow
32027,1,2.0951912688858583,32027,Car,23118,770.3861327256179,-23.749715244042598,0.9639175054405472,-2.7268019740266283,-9.816487106495861,5.741418918705816,0.005432731963184865,-0.35921109159909337,-0.4167515610878458,-24.44607925415039,0.9048182078983538,60.8707275390625,89.9559326171875,0.3778235614299774,1,with_flow
32027,1,2.0951912688858583,32027,Car,23119,770.4194568078364,-23.8373954731921,0.9517157587084112,-2.5354706860690497,-9.12769446984858,5.7417027216327945,0.016313070718261453,-0.37309548807888904,-0.4164835040520324,-24.166305541992188,0.9471301617087516,59.278076171875,93.36669921875,0.5245159864425659,1,with_flow
32027,1,2.0951912688858583,32027,Car,23120,770.4527808900548,-23.91869952564338,0.9390515549712236,-2.344122286901988,-8.438840232847157,5.7425061549255165,0.03772258932793133,-0.3869634762682219,-0.4157223110887198,-24.00031280517578,0.9765681278539377,58.3936767578125,95.86639404296876,0.4809531569480896,1,with_flow
32027,1,2.0951912688858583,32027,Car,23121,770.4861049722732,-23.993626472993608,0.9259257641117301,-2.152733121503872,-7.749839237413939,5.7442168629693064,0.07103938408118157,-0.4007941975185616,-0.41420416329959675,-23.859525680541992,0.9976223639066236,58.2049560546875,98.19775390625,0.2819527387619018,1,with_flow
32027,1,2.0951912688858583,32027,Car,23122,770.5194290544916,-24.06217437766306,0.9123400944078937,-1.9612661763995742,-7.060558235038467,5.747240799477252,0.11614197449787136,-0.41455832334886467,-0.4116886615811133,-23.76519775390625,0.9980245374247518,55.4520263671875,99.88299560546876,0.3078765869140625,1,with_flow
32027,0,2.0951912688858583,32027,Car,23123,770.5527531367101,-24.124339846251416,0.8982973575216616,-1.7696712392676908,-6.370816461363687,5.751957512383662,0.17168628226524787,-0.42821920758534415,-0.4079796187308844,-23.647781372070312,0.9968581100397972,54.655029296875,101.99749755859376,0.418253630399704,1,with_flow
32027,0,2.0951912688858583,32027,Car,23124,770.5860772189285,-24.18011761136409,0.8838016854119779,-1.5778864021052361,-5.68039104757885,5.758683375049219,0.2353395104039668,-0.441734563904748,-0.4029361675121521,-23.75550937652588,0.9678980686664849,55.08612060546875,99.42135620117188,0.38942213356494904,1,with_flow
32027,0,2.0951912688858583,32027,Car,23125,770.6194013011469,-24.22950018329959,0.8688586861531309,-1.3858407146496825,-4.989026572738857,5.7676424587715545,0.3043774496322403,-0.4550584265704257,-0.39647826344823933,-23.863237380981445,0.9389380272931724,55.5172119140625,96.84521484375,0.3605906367301941,1,with_flow
32027,0,2.0951912688858583,32027,Car,23126,770.6527253833654,-24.272477600645512,0.8534755335233968,-1.193457279222094,-4.296446205199539,5.778969573363179,0.3762097330308127,-0.46814309544856547,-0.38858032261926034,-23.78827857971192,0.9516672537802672,54.820556640625,97.5029296875,0.3103152513504028,1,with_flow
32027,0,2.0951912688858583,32027,Car,23127,770.6860494655838,-24.30903727979135,0.8376609960055406,-1.0006560776021547,-3.602361879367757,5.792716146921338,0.44804163539910447,-0.4809408363856029,-0.37926664719135417,-23.683080673217773,0.9615525262889272,55.7041015625,98.2706298828125,0.3296957910060882,1,with_flow
32027,0,2.0951912688858583,32027,Car,23128,770.7193735478022,-24.339163959820638,0.8214254083828407,-0.8073570159991382,-2.9064852575968976,5.8088307259538166,0.5164867866018996,-0.49340573097421625,-0.36862481149586124,-23.83070945739746,0.9021771147130286,54.727783203125,94.0697021484375,0.3648120760917663,1,with_flow
32027,0,2.0951912688858583,32027,Car,23129,770.7526976300206,-24.36283976186238,0.8047805733472093,-0.6134837544929372,-2.208541516174574,5.8271390432042445,0.5780980717387745,-0.5054960067599925,-0.3568151270952242,-23.97833824157715,0.8428017031371302,53.75146484375,89.8687744140625,0.3999283611774444,1,with_flow
32027,0,2.0951912688858583,32027,Car,23130,770.7860217122391,-24.38004438081528,0.7877395856425026,-0.41896761279000505,-1.5082834060440182,5.847359901299692,0.6299423612188272,-0.5171761819672902,-0.34405019791930425,-23.90529060363769,0.8380199717707322,51.84521484375,82.0384521484375,0.4657500982284546,1,with_flow
32027,0,2.0951912688858583,32027,Car,23131,770.8193457944575,-24.39075539562876,0.7703165982007806,-0.22375076665314708,-0.8055027599513295,5.869123545280498,0.669293890444743,-0.5284183957270809,-0.33057315840450663,-24.023462295532227,0.812244676316006,53.502197265625,84.92559814453125,0.4179436862468719,1,with_flow
32027,0,2.0951912688858583,32027,Car,23132,770.8526698766759,-24.394948680870613,0.7525265518614949,-0.027789270021853163,-0.10004137207867139,5.891967110566636,0.6935353566707908,-0.5392033909169243,-0.3166574528749182,-24.023462295532227,0.7897524082659904,54.9453125,87.02447509765625,0.4462046027183532,1,with_flow
32027,0,2.0951912688858583,32027,Car,23133,770.8859939588943,-24.392598919243103,0.7343848720679201,0.16894401330446396,0.6081984478960702,5.915346403774667,0.7004480259801389,-0.5495214929973185,-0.30260404771274985,-24.351295471191406,0.7326726854467462,53.9481201171875,83.54302978515625,0.4972482025623321,1,with_flow
32027,0,2.0951912688858583,32027,Car,23134,770.9193180411128,-24.383680205118576,0.7159071351540567,0.3664568806002029,1.3192447701607304,5.9386506857816315,0.6887708963860485,-0.5593734358706468,-0.288734303400644,-24.422224044799805,0.686079277870798,54.0989990234375,73.0462646484375,0.5369121432304382,1,with_flow
32027,0,2.0951912688858583,32027,Car,23135,770.9526421233312,-24.368166717462667,0.6971087135372672,0.5647363652852677,2.033050915026964,5.961251719736325,0.6585675451719081,-0.5687707237100432,-0.2753696396511458,-24.874086380004883,0.5819378024875783,53.159423828125,63.375244140625,0.5542299151420593,1,with_flow
32027,0,2.0951912688858583,32027,Car,23136,770.9859662055496,-24.346033414686588,0.6780044208743901,0.763748767380787,2.7494955625708335,5.982543003825025,0.6115630148559502,-0.5777352492446763,-0.26280600561681133,-24.938215255737305,0.5565158946147273,52.4583740234375,60.7122802734375,0.4850322902202606,1,with_flow
32027,0,2.0951912688858583,32027,Car,23137,771.0192902877681,-24.31725670054782,0.6586081877060375,0.9634415672824588,3.468389642216852,6.002011272113943,0.5509926232959781,-0.5862977501506355,-0.2512733540714054,-24.927085399627686,0.5566700581732863,51.063018798828125,60.07417297363281,0.43764670193195343,1,with_flow
32027,0,2.0951912688858583,32027,Car,23138,771.0526143699865,-24.281814991837223,0.638932806791882,1.1637471501657854,4.189489740596827,6.01926565078595,0.4806246291572143,-0.5944953519253999,-0.2409258214168255,-24.915955543518066,0.5568242217318453,49.66766357421875,59.436065673828125,0.39026111364364624,1,with_flow
32027,0,2.0951912688858583,32027,Car,23139,771.0859384522049,-24.239689151951332,0.6189897609256454,1.3645870087445395,4.912513231480342,6.034044021430416,0.40439965417244156,-0.6023691826761162,-0.2318516178133505,-24.904825687408447,0.5569783852904043,48.272308349609375,58.79795837402344,0.342875525355339,1,with_flow
32027,0,2.0951912688858583,32027,Car,23140,771.1192625344233,-24.190862781499114,0.5987891237909564,1.565876115403257,5.637154015451725,6.046218145435443,0.32643322911661904,-0.6099623894531667,-0.224085856118434,-24.893695831298828,0.5571325488489633,46.876953125,58.15985107421875,0.2954899370670318,1,with_flow
32027,0,2.0951912688858583,32027,Car,23141,771.1525866166418,-24.135322360105754,0.5783395197654297,1.7675274885545704,6.363098958796454,6.055800196962235,0.2510671127081422,-0.6173185850038565,-0.217623554163084,-24.899639129638672,0.5207032919336367,50.46856689453125,57.715789794921875,0.295509785413742,1,with_flow
32027,0,2.0951912688858583,32027,Car,23142,771.1859106988602,-24.073057232124814,0.557648128453664,1.9694570052164577,7.090045218779248,6.062951307647902,0.18295669672626083,-0.6244806977451224,-0.21242885879772277,-24.90558242797852,0.4842740350183101,54.0601806640625,57.271728515625,0.2955296337604522,1,with_flow
32027,0,2.0951912688858583,32027,Car,23164,771.9190405076656,-24.004059426536514,0.5367207252397653,2.1715885618708093,7.817718822734913,6.06799392497047,0.1264757613893281,-0.6314898688893418,-0.20842865096457341,-23.61608123779297,0.48413228969807,65.5628662109375,68.5792236328125,0.4306076765060425,1,with_flow
32027,0,2.0951912688858583,32027,Car,23165,771.952364589884,-23.928323300067888,0.5155617632107411,2.373859306665717,8.545893503996583,6.071380684990254,0.08302539567606815,-0.6383840730873165,-0.20550627545343447,-23.59977912902832,0.4800005644059646,63.9644775390625,68.2947998046875,0.4324008822441101,1,with_flow
32027,1,2.0951912688858583,32027,Car,23166,771.9856886721025,-23.845845053336813,0.49417450169808363,2.5762211978845917,9.27439631238453,6.073527415193924,0.05100188874620781,-0.6451967898964279,-0.20351064581375056,-23.55295753479004,0.4777544599008834,62.91748046875,68.7794189453125,0.4091061949729919,1,with_flow
32027,1,2.0951912688858583,32027,Car,23167,772.0190127543209,-23.75662227046138,0.47256117300374884,2.7786388554481567,10.003099879613364,6.074779867258002,0.028427908995369823,-0.6519560519859112,-0.20226789463031825,-23.499855041503903,0.4622818671657371,62.7874755859375,67.23358154296875,0.3932159543037414,1,with_flow
32027,1,2.0951912688858583,32027,Car,23168,772.0523368365393,-23.660653534361895,0.45072317442335774,2.9810873719208257,10.731914538914973,6.075422083147243,0.013597165040835793,-0.6586838749608361,-0.20159212840921548,-23.499855041503903,0.47907726838695397,62.892333984375,67.65228271484375,0.35675783455371857,1,with_flow
32027,1,2.0951912688858583,32027,Car,23169,772.0856609187578,-23.55793811051358,0.4286612740398046,3.183550400034592,11.460781440124531,6.0756860933495185,0.005078053164004675,-0.6653959870354115,-0.2012943066246186,-23.222246170043945,0.4958726696081708,62.9971923828125,68.07098388671875,0.3202997148036957,1,with_flow
32027,1,2.0951912688858583,32027,Car,23170,772.1189850009762,-23.44847568805128,0.4063758185317035,3.3860186246493957,12.189667048737824,6.075760526069537,0.0012512430661935903,-0.672102053284732,-0.20120375865486967,-23.115083694458008,0.5033138554122649,61.321044921875,66.591796875,0.4104024469852447,1,with_flow
32027,1,2.0951912688858583,32027,Car,23171,772.1523090831946,-23.332266172836032,0.3838669204315469,3.588487991905786,12.91855677086083,6.075769486403145,-0.0007134738008289787,-0.6788066979086149,-0.20119231659175726,-23.077167510986328,0.4899718775658344,60.643310546875,64.48150634765625,0.3361133337020874,1,with_flow
32533,1,4.420841383377495,32533,Rickshaw,23291,776.151198949406,-18.666466753873838,2.5809972885625827,4.740718055342381,17.06658499923257,-4.591883406272362,-0.0009911049531154958,0.4778584110186954,-1.3390594640478444,-18.502588272094727,2.582997113696862,28.7607421875,73.16204833984375,0.3907266855239868,1,with_flow
32533,1,4.420841383377495,32533,Rickshaw,23292,776.1845230316244,-18.511036313439988,2.596177970389981,4.587697088913967,16.515709520090283,-4.5919249052774465,-0.0014995265855185038,0.4332352931360555,-1.3390711174233,-18.496919631958008,2.587228539702328,30.9786376953125,70.83465576171875,0.4093708992004394,1,with_flow
32533,1,4.420841383377495,32533,Rickshaw,23293,776.2178471138428,-18.36070518171821,2.6098716209675175,4.434674501283225,15.96482820461961,-4.591983346966811,-0.002240304548126738,0.38861175681240173,-1.3390845262487336,-18.43497085571289,2.589481562940187,33.274169921875,70.82232666015625,0.4072990715503692,1,with_flow
32533,1,4.420841383377495,32533,Rickshaw,23294,776.2511711960613,-18.2154734250666,2.6220782257696413,4.2816494658668285,15.413938077120584,-4.592074217463359,-0.003407985851862487,0.3439877911091759,-1.3390952541755292,-18.25192642211914,2.621758693171884,33.0096435546875,74.68853759765625,0.4291464388370514,1,with_flow
32533,1,4.420841383377495,32533,Rickshaw,23295,776.2844952782797,-18.075341145585206,2.6327977742801307,4.128620678683823,14.863034443261762,-4.592210482968264,-0.004928733630272599,0.2993637038789335,-1.3390890700875646,-18.159610748291016,2.6162744443234454,31.3817138671875,79.58502197265625,0.4550323188304901,1,with_flow
32533,1,4.420841383377495,32533,Rickshaw,23296,776.3178193604981,-17.94030849558778,2.642030274999793,3.9755864430173555,14.31211119486248,-4.5924027085128145,-0.006715452573235972,0.2547403493090249,-1.339047624401733,-17.998178482055664,2.633404517067357,31.558349609375,82.59259033203125,0.4138650596141815,1,with_flow
32533,0,4.420841383377495,32533,Rickshaw,23297,776.3511434427165,-17.81037568919474,2.6497757764322887,3.822544765383366,13.761161155380119,-4.592658055555633,-0.008662481321498735,0.21011932043604076,-1.3389444755801272,-17.955812454223633,2.637358129341288,33.5396728515625,82.23828125,0.4248563349246979,1,with_flow
32533,0,4.420841383377495,32533,Rickshaw,23298,776.384467524935,-17.685543010319147,2.65603439618874,3.6694934702542437,13.210176492915277,-4.592980046992361,-0.010621234502444631,0.16550320912050898,-1.3387463404596165,-17.839933395385742,2.6670331064349604,35.8714599609375,86.12469482421875,0.3449520170688629,1,with_flow
32533,0,4.420841383377495,32533,Rickshaw,23299,776.4177916071534,-17.565810816279626,2.660806357942638,3.516430362738342,12.659149305858032,-4.5933659413392744,-0.012397901845968682,0.12089581896816903,-1.3384148354316696,-17.646041870117188,2.695664241896226,37.469482421875,83.32958984375,0.2981160581111908,1,with_flow
32533,0,4.420841383377495,32533,Rickshaw,23300,776.4511156893718,-17.451179534718698,2.664092032812801,3.363353454435182,12.108072435966655,-4.593806344393263,-0.013820429025644447,0.07630215578556032,-1.337918741061689,-17.58608627319336,2.7101893230476395,36.4803466796875,80.71417236328125,0.3693372905254364,1,with_flow
32533,0,4.420841383377495,32533,Rickshaw,23301,776.4844397715902,-17.341649653402598,2.665891972682003,3.210261151495609,11.556940145384193,-4.5942870475655635,-0.01471960971099762,0.031727944152280974,-1.3372480308971133,-17.54096221923828,2.711645804999043,34.18896484375,80.467041015625,0.3505970239639282,1,with_flow
32533,0,4.420841383377495,32533,Rickshaw,23302,776.5177638538087,-17.237221704255383,2.6662069206521064,3.0571524334168063,11.005748760300502,-4.594787379361728,-0.014866055550809389,-0.012821223591336584,-1.3364212554421588,-17.423681259155273,2.7061477186850484,35.041748046875,79.02471923828125,0.3151945471763611,1,with_flow
32533,0,4.420841383377495,32533,Rickshaw,23315,776.9509769226482,-17.137896240159304,2.66503779042779,2.9040271122153944,10.45449760397542,-4.595277842880441,-0.014054080541082006,-0.05734086224644355,-1.3354859791724865,-16.811687469482422,2.629975309257292,37.261474609375,71.86065673828125,0.4317868053913116,1,with_flow
32533,0,4.420841383377495,32533,Rickshaw,23316,776.9843010048667,-17.043673802440086,2.662385614226067,2.7508860987705224,9.90318995557388,-4.595724058032639,-0.012376940185332592,-0.10182845053225242,-1.3345081479068477,-16.755319595336914,2.637714710184445,37.5517578125,72.39617919921875,0.3176083266735077,1,with_flow
32533,0,4.420841383377495,32533,Rickshaw,23317,777.0176250870851,-16.954554884473723,2.6582514731091345,2.5977312959315073,9.351832665353427,-4.5961027432251385,-0.010202921703358049,-0.14628349823600506,-1.3335402299656,-16.72975730895996,2.652960403965164,37.1468505859375,71.78564453125,0.3157687485218048,1,with_flow
32533,0,4.420841383377495,32533,Rickshaw,23318,777.0509491693035,-16.870539905896496,2.6526364385538836,2.4445651516622653,8.800434545984155,-4.596404064036061,-0.007891387139140631,-0.1907069870367805,-1.3326197002882474,-16.72675132751465,2.65476743504397,36.9276123046875,71.183837890625,0.3280083239078522,1,with_flow
32533,0,4.420841383377495,32533,Rickshaw,23319,777.084273251522,-16.79162920140909,2.6455415298012097,2.291390257135597,8.24900492568815,-4.596628689692823,-0.00570807427606965,-0.23510104482580058,-1.3317793208767688,-16.67806053161621,2.659259998860942,36.67578125,71.3558349609375,0.3603127300739288,1,with_flow
32533,0,4.420841383377495,32533,Rickshaw,23320,777.1175973337404,-16.71782302119478,2.636967676933045,2.1382090538240135,7.697552593766448,-4.59678449670903,-0.0038346754148567645,-0.2794689046379155,-1.331053681723376,-16.694538116455078,2.6013289171032343,34.6480712890625,72.1920166015625,0.4385007917881012,1,with_flow
32533,1,4.420841383377495,32533,Rickshaw,23321,777.1509214159588,-16.649121539485307,2.6269156821564033,1.985023631121651,7.146085072037944,-4.596884263770434,-0.00236922007991469,-0.32381502451023025,-1.3304796768824052,-16.64906120300293,2.585196561106545,33.4326171875,74.5953369140625,0.5275400876998901,1,with_flow
32533,1,4.420841383377495,32533,Rickshaw,23322,777.1842454981772,-16.585524868411742,2.615386181164028,1.831835617943025,6.59460822459489,-4.596942400878503,-0.0013280197786516292,-0.3681448352927099,-1.3300758081573854,-16.67802619934082,2.5679337906160264,35.9119873046875,73.06597900390625,0.3971440196037292,1,with_flow
32533,1,4.420841383377495,32533,Rickshaw,23323,777.2175695803957,-16.527033073845217,2.602379623209358,1.6786461644592812,6.043126192053412,-4.596972773851017,-0.0006532779387065172,-0.4124639458653628,-1.3298336215382047,-16.576356887817383,2.582552540765045,36.42724609375,73.65509033203125,0.3971756100654602,1,with_flow
32533,1,4.420841383377495,32533,Rickshaw,23324,777.2508936626141,-16.473646190479183,2.587896280640284,1.5254560106455985,5.491641638324155,-4.596985940653985,-0.0002563907181625084,-0.4567772120853408,-1.3297175575089133,-16.513072967529297,2.595752063677617,36.346923828125,74.42449951171875,0.3872702419757843,1,with_flow
32533,1,4.420841383377495,32533,Rickshaw,23325,777.2842177448325,-16.425364233669093,2.5719362869330893,1.3722655914096125,4.940156129074605,-4.596989861821761,-6.613208644783813e-05,-0.5010880414860486,-1.3296792341762376,-16.490800857543945,2.5961625751557595,36.822998046875,73.96185302734375,0.3933471143245697,1,with_flow
32533,1,4.420841383377495,32533,Rickshaw,23326,777.317541827051,-16.382187208314722,2.554499688830803,1.2190751111399987,4.388670400103996,-4.596990348236157,3.693912069024918e-05,-0.5453982541065657,-1.329674132628063,-16.44384002685547,2.6018075514887262,37.193359375,74.87396240234375,0.3763119578361511,1,with_flow
33168_0,1,4.420841383377495,33168,Rickshaw,23697,789.6807763300877,-3.57156091816656,1.963169673954917,3.6634873498356257,13.188554459408254,-5.417714573305132,-0.0014161021036898092,0.7471513326242808,-1.9582764669287762,-3.6351821422576895,1.948728850229247,63.358642578125,151.4793701171875,0.4188371300697326,1,with_flow
33168_0,1,4.420841383377495,33168,Rickshaw,23698,789.7141004123062,-3.45248674385761,1.9869804759570888,3.482946234630668,12.538606444670405,-5.417759213043351,-0.0012630257370269899,0.6818933195971161,-1.9582897705672635,-3.464511315027872,1.9911432840730103,62.727294921875,150.74247233072916,0.4142060776551564,1,with_flow
33168_0,1,4.420841383377495,33168,Rickshaw,23699,789.7474244945246,-3.3394289606485126,2.0086166097115967,3.30240369932545,11.88865331757162,-5.417798751652142,-0.0010178537902246127,0.616635115513386,-1.9582850434396253,-3.2938404877980547,2.0335577179167736,62.095947265625,150.00557454427084,0.4095750252405802,1,with_flow
33168_0,1,4.420841383377495,33168,Rickshaw,23700,789.780748576743,-3.2323876118618293,2.0280780818235495,3.1218600183881495,11.238696066197338,-5.417827051130135,-0.0006215824951345622,0.5513775765315371,-1.9582485325550756,-3.1231696605682373,2.0759721517605367,61.464599609375,149.2686767578125,0.404943972826004,1,with_flow
33168_0,1,4.420841383377495,33168,Rickshaw,23701,789.8140726589614,-3.1313627285414736,2.04536493268734,2.9413156420509927,10.588736311383574,-5.4178401789844886,-0.00015700152361085515,0.4861217836129647,-1.958182856910203,-3.1939940452575684,1.9933067777260371,62.7440185546875,148.9522705078125,0.4905985891819,1,with_flow
33168_0,1,4.420841383377495,33168,Rickshaw,23702,789.8473967411799,-3.0363543252586465,2.0604772329528553,2.7607710892906248,9.938775921446249,-5.417837514993497,0.0003386871391732447,0.42086836576931597,-1.9581083703274045,-3.000607490539551,2.0488819422712425,60.0516357421875,151.6990966796875,0.358358085155487,1,with_flow
33168_0,0,4.420841383377495,33168,Rickshaw,23703,789.8807208233983,-2.9473623988918027,2.0734150653307766,2.5802269087994905,9.288816871678167,-5.417817606108344,0.0008589368601923787,0.3556175292235881,-1.9580268857624057,-2.866854429244995,2.0964093787721776,63.6705322265625,153.9600830078125,0.4952043890953064,1,with_flow
33168_0,0,4.420841383377495,33168,Rickshaw,23704,789.9140449056167,-2.8643869273021463,2.0841785210324577,2.399683685953237,8.638861269431652,-5.417780268428398,0.0013360629038260397,0.29036962276908834,-1.9579320803917444,-2.8112542629241943,2.08663941847648,65.58740234375,152.6282958984375,0.5644012093544006,1,with_flow
33168_0,0,4.420841383377495,33168,Rickshaw,23705,789.9473689878351,-2.7874278693173773,2.0927677050151727,2.2191419593816426,7.988911053773913,-5.417728559968232,0.001684324916593271,0.22512506967831794,-1.9578265649354154,-2.7670753796895347,2.091249896423013,65.10758463541667,150.25052897135416,0.5536452680826187,1,with_flow
33168_0,0,4.420841383377495,33168,Rickshaw,23706,789.9806930700536,-2.7164851680369124,2.099182733883215,2.0386021206577993,7.338967634368077,-5.417668011264392,0.0018514570453230378,0.1598841279268241,-1.957716327585147,-2.722896496454875,2.0958603743695465,64.62776692708333,147.87276204427084,0.5428893268108368,1,with_flow
33168_0,0,4.420841383377495,33168,Rickshaw,23707,790.014017152272,-2.651558756834921,2.1034237295623766,1.8580643562973298,6.689031682670388,-5.417605163754628,0.001826133077503535,0.0946468632000958,-1.9576066089300377,-2.678717613220215,2.1004708523160796,64.14794921875,145.4949951171875,0.5321333855390549,1,with_flow
33168_0,0,4.420841383377495,33168,Rickshaw,23708,790.0473412344904,-2.59264856650731,2.1054908135883554,1.6775286359716057,6.039103089497781,-5.417546302846759,0.0016307721618596654,0.029413197167726203,-1.9575007343568598,-2.634538729985555,2.1050813302626126,63.668131510416664,143.11722819010416,0.521377444267273,1,with_flow
33168_0,0,4.420841383377495,33168,Rickshaw,23709,790.0806653167089,-2.5397545321607486,2.105384103391809,1.4969947381949402,5.389181057501785,-5.417496475783425,0.0013129926134224103,-0.03581702877112919,-1.957400353100583,-2.5903598467508955,2.109691808209146,63.188313802083336,140.73946126302084,0.510621502995491,1,with_flow
33168_0,1,4.420841383377495,33168,Rickshaw,23710,790.1139893989273,-2.492876598753066,2.1031037103145973,1.3164623039953618,4.739264294383303,-5.417458794299155,0.0009370658100304577,-0.10104402114501784,-1.957307083866884,-2.546180963516236,2.114302286155679,62.70849609375,138.3616943359375,0.4998655617237091,1,with_flow
33168_0,1,4.420841383377495,33168,Rickshaw,23711,790.1473134811457,-2.452014724510646,2.098649737529777,1.1359309090784115,4.089351272682282,-5.41743402206723,0.0005739901696661588,-0.1662680803415992,-1.9572255669506762,-2.490344285964966,2.094945800684592,59.5069580078125,137.473388671875,0.566449761390686,1,with_flow
33168_0,1,4.420841383377495,33168,Rickshaw,23712,790.1806375633641,-2.417168881769753,2.09202227461948,0.9554001442276929,3.4394405192196946,-5.417420538907942,0.0002848189496676093,-0.2314897501504279,-1.9571653382484755,-2.4241490364074707,2.06795067942014,58.8487548828125,143.0057373046875,0.6039933562278748,1,with_flow
33168_0,1,4.420841383377495,33168,Rickshaw,23713,790.2139616455826,-2.3883390552423704,2.0832213877798975,0.774869685342046,2.789530867231366,-5.417415039407038,0.00010161895312369857,-0.29670987407172483,-1.9571329477772983,-2.3793745040893555,2.069110188072317,59.1129150390625,143.439697265625,0.6634409427642822,1,with_flow
33168_0,1,4.420841383377495,33168,Rickshaw,23714,790.247285727801,-2.365525238468966,2.0722471135527445,0.5943393291093139,2.13962158479353,-5.4174137661912445,2.0845890433527125e-05,-0.3619293182125862,-1.9571226411642577,-2.3071768283843994,2.08509352520918,54.2227783203125,141.18359375,0.5754498243331909,1,with_flow
33168_0,1,4.420841383377495,33168,Rickshaw,23715,790.2806098100194,-2.3487274297371905,2.0590994646988867,0.41380899025582146,1.4897123649209574,-5.417413650066704,-1.387648381978579e-05,-0.42714860216537714,-1.9571213666940024,-2.3340086936950684,2.070917928764741,54.0814208984375,135.784423828125,0.3504910469055176,1,with_flow
33168_1,1,4.420841383377495,33168,Rickshaw,23733,790.8804432899511,-1.0292155395027291,2.070257078335297,5.767749742384137,20.76389907258289,-4.142779587768354,-0.0006129392022984348,0.8699829835702048,-2.036182844380191,-0.6187299489974976,2.1666799317371703,77.5870361328125,174.08447265625,0.6573622822761536,1,with_flow
33168_1,1,4.420841383377495,33168,Rickshaw,23734,790.9137673721696,-0.8393108465754948,2.0981178736231803,5.629694776867371,20.266901196722536,-4.142821379093862,-0.0018952364307761771,0.8021286018130954,-2.0362207245692505,-0.551913321018219,2.1640696180425367,77.0537109375,164.6324462890625,0.6126342415809631,1,with_flow
33168_1,1,4.420841383377495,33168,Rickshaw,23735,790.947091454388,-0.6540067376911822,2.123717445121705,5.491637833513122,19.769896200647242,-4.142905901797639,-0.0039527956805996455,0.7342711619441978,-2.036390734002686,-0.4676973819732666,2.1673593867766185,78.961669921875,161.648193359375,0.6724079847335815,1,with_flow
33168_1,1,4.420841383377495,33168,Rickshaw,23736,790.9804155366064,-0.47330331152289296,2.147055588674088,5.353576658549092,19.27287597077673,-4.143084825670368,-0.007703854744635856,0.6664036093967953,-2.0368579148323773,-0.2981323301792145,2.180741635195884,80.957763671875,174.0040283203125,0.766077995300293,1,with_flow
33168_1,1,4.420841383377495,33168,Rickshaw,23737,791.0137396188248,-0.29720077243126514,2.168131767429265,5.215507110204459,18.775825596736052,-4.143419349575457,-0.013396278230442754,0.5985128680494366,-2.0378168787739726,-0.2981323301792145,2.1688091273986494,79.593017578125,166.02294921875,0.5492342710494995,1,with_flow
33168_1,1,4.420841383377495,33168,Rickshaw,23738,791.0470637010433,-0.12569949826500887,2.186944896534786,5.07742287852694,18.278722362696985,-4.143977663024712,-0.021136560122229312,0.5305790161855994,-2.0394815472510084,-0.2835845649242401,2.1687938707058576,78.4903564453125,166.7423095703125,0.5997633337974548,1,with_flow
33168_1,0,4.420841383377495,33168,Rickshaw,23739,791.0803877832617,0.04119988460580601,2.2034931073317643,4.939315357537666,17.781535287135597,-4.144828062510113,-0.030820473942741178,0.4625749240020854,-2.0420678091188154,-0.2203543335199356,2.1687938707058576,80.2752685546875,157.1126708984375,0.5692108273506165,1,with_flow
33168_1,0,4.420841383377495,33168,Rickshaw,23740,791.1137118654801,0.20349642611949212,2.2177735088101254,4.801173765735056,17.284225556646202,-4.14603179104007,-0.042159722784300684,0.39446642719994174,-2.0457800549840064,-0.13380020484328264,2.168824384091441,79.9732666015625,154.0037841796875,0.4922480434179306,1,with_flow
33168_1,0,4.420841383377495,33168,Rickshaw,23741,791.1470359476986,0.36118878497796114,2.2297819616247097,4.662985471584767,16.78674769770516,-4.147637930646853,-0.054732818537460176,0.3262128926354193,-2.0508004720835404,-0.0472460761666297,2.1688548974770248,79.6712646484375,150.8948974609375,0.4152852594852447,1,with_flow
33168_1,0,4.420841383377495,33168,Rickshaw,23742,791.180360029917,0.514275174483415,2.2395128766307444,4.524736463718057,16.289051269385006,-4.149679632930047,-0.06801218469696695,0.2577681160044411,-2.057279821431179,0.0477175414562225,2.165784754157781,79.5205078125,154.298828125,0.6119727492332458,1,with_flow
33168_1,0,4.420841383377495,33168,Rickshaw,23743,791.2136841121354,0.662753326031642,2.246959048200299,4.386411937960791,15.791082976658847,-4.152170817916247,-0.08136731628327977,0.1890815050862878,-2.0653293540483157,0.0487417913973331,2.1592971116531747,78.13330078125,155.603271484375,0.5213519334793091,1,with_flow
33168_1,0,4.420841383377495,33168,Rickshaw,23744,791.2470081943538,0.8066204739533401,2.2521115314469795,4.247996992489524,15.292789172962287,-4.155102615205481,-0.09402431872892117,0.1200995331818528,-2.075012494990479,0.0803288295865058,2.1609043864984505,84.4810791015625,153.958984375,0.4807277023792267,1,with_flow
33168_1,0,4.420841383377495,33168,Rickshaw,23745,791.2803322765723,0.9458733659560572,2.2549595725580756,4.10947748367749,14.794118941238965,-4.158437366171955,-0.10504524199337203,0.05076747070062716,-2.0863370702767488,0.1904952079057693,2.1592971116531747,93.818359375,167.3453369140625,0.4558266103267669,1,with_flow
33168_1,0,4.420841383377495,33168,Rickshaw,23757,791.6802212631934,1.0805083054147164,2.2554906003837347,3.970841075463058,14.29502787166701,-4.162103687767164,-0.11351860632464793,-0.01896869501566839,-2.0992517946355624,1.4030282497406006,2.1326695702429626,88.802490234375,191.73291015625,0.2816968858242035,1,with_flow
33168_1,0,4.420841383377495,33168,Rickshaw,23758,791.7135453454118,1.210521230321017,2.253690283786231,3.832078329771119,13.795481987176029,-4.166003172912923,-0.11913960101838403,-0.08916022388846127,-2.113641038699364,1.526176929473877,2.1467869783707068,87.37921142578125,188.3707275390625,0.44810204207897186,1,with_flow
33168_1,0,4.420841383377495,33168,Rickshaw,23759,791.7468694276303,1.3359078188021725,2.249542661278026,3.6931830464643367,13.295458967271612,-4.170044123486779,-0.12223363320184107,-0.1598532859941069,-2.129314350260899,1.649325609207153,2.1609043864984505,85.9559326171875,185.008544921875,0.6145071983337402,1,with_flow
33168_1,0,4.420841383377495,33168,Rickshaw,23760,791.7801935098487,1.4566635905040062,2.243030351808665,3.554151830984945,12.794946591545802,-4.174149820198274,-0.12323377942787826,-0.23108652577643973,-2.146012361311251,1.6472452878952026,2.1778105761458124,86.8184814453125,166.149658203125,0.5131181478500366,1,with_flow
33168_1,0,4.420841383377495,33168,Rickshaw,23761,791.8135175920671,1.5727839918519915,2.23413484168107,3.4149836058032053,12.29394098089154,-4.178257428682263,-0.12247464725251107,-0.30288896070471083,-2.1634189085488438,1.5637705326080322,2.0599568820108543,90.31787109375,168.3380126953125,0.4218272268772125,1,with_flow
33168_1,0,4.420841383377495,33168,Rickshaw,23762,791.8468416742855,1.6842644663473143,2.2228368350703955,3.2756792258651934,11.792445213114696,-4.182312530627705,-0.12010908866121377,-0.3752782082750865,-2.1811613548252407,1.754241943359375,2.141504259789843,89.7220458984375,169.2596435546875,0.6155077219009399,1,with_flow
33168_1,0,4.420841383377495,33168,Rickshaw,23763,791.880165756504,1.7911005157168514,2.2091166723585878,3.136241322117815,11.290468759624135,-4.186262478973717,-0.11619767829292067,-0.4482579675013436,-2.1987761277299986,1.807410717010498,2.1609043864984505,94.0283203125,166.2779541015625,0.2800610959529876,1,with_flow
33168_1,0,4.420841383377495,33168,Rickshaw,23764,791.9134898387224,1.8932877582115153,2.1929548409356685,2.9966742438320217,10.788027277795278,-4.190056892597752,-0.11079351714698808,-0.5218153919675532,-2.2157405901941174,1.9194401899973552,2.125210703232881,93.08113606770833,168.20182291666666,0.35681696732838947,1,with_flow
33168_1,0,4.420841383377495,33168,Rickshaw,23765,791.9468139209408,1.9908219847034003,2.1743325535598355,2.8569839950898683,10.285142382323526,-4.193646663523067,-0.10393483351323891,-0.5959195922810381,-2.2314952328163815,2.0314696629842124,2.175081520439062,92.13395182291667,170.12569173177084,0.43357283870379126,1,with_flow
33168_1,0,4.420841383377495,33168,Rickshaw,23766,791.9801380031593,2.0836992132025705,2.1532323700167213,2.717178196812106,9.78184150852358,-4.19698395847246,-0.09567017483446918,-0.6705204177563697,-2.2454462065267666,2.1434991359710693,2.224952337645243,91.186767578125,172.049560546875,0.5103287100791931,1,with_flow
33168_1,0,4.420841383377495,33168,Rickshaw,23767,792.0134620853777,2.171915741912176,2.1296388529966035,2.5772660334586184,9.278157720451027,-4.200022905067137,-0.08607460130025282,-0.7455478154658137,-2.2570004140636843,2.2776057720184326,2.23382233046963,89.1412353515625,186.34771728515625,0.4409353733062744,1,with_flow
33168_1,0,4.420841383377495,33168,Rickshaw,23768,792.0467861675961,2.2554682000758746,2.1035392227215466,2.437258171737999,8.774129418256797,-4.202720672653756,-0.07526937083531392,-0.8209125791384928,-2.265607010114515,2.411712408065796,2.242692323294017,87.095703125,200.6458740234375,0.3715420365333557,1,with_flow
33168_1,0,4.420841383377495,33168,Rickshaw,23769,792.0801102498145,2.334353595349681,2.0749239664667014,2.2971666280152148,8.269799860854773,-4.205039470471628,-0.06343942618570592,-0.8965082131842819,-2.270782828755511,2.527209758758545,2.2578349456966893,88.13677978515625,205.317138671875,0.33159251511096954,1,with_flow
33168_1,0,4.420841383377495,33168,Rickshaw,23770,792.113434332033,2.408569355555098,2.0437873729819143,2.157004562323964,7.765216424366271,-4.206948793961961,-0.05083162126054815,-0.972213566186214,-2.272135687061171,2.642707109451294,2.242692323294017,89.1778564453125,209.9884033203125,0.2916429936885834,1,with_flow
33168_1,0,4.420841383377495,33168,Rickshaw,23771,792.1467584142514,2.478113362385712,2.0101279656074906,2.016786003627234,7.260429613058042,-4.208427304723993,-0.03775649980845573,-1.0478962859383634,-2.269388755787464,2.810257196426392,2.302673478794772,90.624755859375,201.6866455078125,0.3863457441329956,1,with_flow
33168_1,0,4.420841383377495,33168,Rickshaw,23772,792.1800824964698,2.5429839748997334,1.973948808102723,1.8765255089955835,6.7554918323841004,-4.209465195369755,-0.024613166775987644,-1.1234169805140573,-2.26240227501836,2.890209436416626,2.27655721399649,94.71759033203125,209.39923095703125,0.4392232149839401,1,with_flow
33168_1,0,4.420841383377495,33168,Rickshaw,23773,792.2134065786883,2.6031800400428713,1.9352576552069989,1.7362377186811737,6.250455787252226,-4.210067727110591,-0.011874887148314566,-1.1986345111315702,-2.2512167558156455,2.9701616764068604,2.250440949198208,98.8104248046875,217.11181640625,0.4921006858348846,1,with_flow
33168_1,0,4.420841383377495,33168,Rickshaw,23774,792.2467306609067,2.658700886701368,1.894066906534482,1.5959368254164445,5.7453725714992006,-4.210256634801085,-3.444440418322542e-05,-1.2734123355181468,-2.2360687748147434,2.918372392654419,2.2318189138219813,98.2130126953125,214.634521484375,0.4752501398324966,1,with_flow
33168_1,0,4.420841383377495,33168,Rickshaw,23775,792.2800547431251,2.7095463015367227,1.850393343059345,1.4556360191361906,5.240289668890286,-4.210070022766905,0.010463728334193234,-1.3476251793898282,-2.2173999172898218,2.983460187911988,2.213196878445755,97.6156005859375,212.1572265625,0.4583995938301086,1,with_flow
33168_1,0,4.420841383377495,33168,Rickshaw,23776,792.3133788253435,2.755716487032231,1.804257635431409,1.3153469930746846,4.735249175068865,-4.209559246514445,0.019240597194442082,-1.4211660867787448,-2.1958705696705643,2.9227445125579834,2.1548733803571705,95.284423828125,211.7076416015625,0.4652031362056732,1,with_flow
33168_1,0,4.420841383377495,33168,Rickshaw,23777,792.346702907562,2.7972120045068807,1.7556836093585215,1.1750795228784106,4.230286282362278,-4.208787672281226,0.025990094971774957,-1.4939539413073246,-2.1723718449401073,2.918372392654419,2.138596617989173,93.93017578125,189.177978515625,0.6361213326454163,1,with_flow
33168_1,0,4.420841383377495,33168,Rickshaw,23808,793.3797494563332,2.8340337041359516,1.7046972562709501,1.0348411227693386,3.725428041969619,-4.2078270543910365,0.030492486535030842,-1.5659411638775258,-2.1480265097795312,2.9754180908203125,1.2998508841862455,98.018310546875,143.1697998046875,0.3899702429771423,1,with_flow
33168_1,0,4.420841383377495,33168,Rickshaw,23809,793.4130735385517,2.8661826454669463,1.6513254897379335,0.8946368098849387,3.220692515585779,-4.206755404024551,0.03260079667489447,-1.6371209238763855,-2.124116651880359,2.6280224323272705,1.1742379199428243,97.45172119140624,128.0908203125,0.5590078830718994,1,with_flow
33168_1,0,4.420841383377495,33168,Rickshaw,23810,793.4463976207701,2.8936600109040778,1.5955947596900732,0.7544689191310247,2.7160881088716886,-4.205654271133476,0.03240170928944389,-1.7075268088016726,-2.10173957339005,2.5241055488586426,1.1329800971622968,96.59576416015624,121.24072265625,0.6201248168945312,1,with_flow
33168_1,0,4.420841383377495,33168,Rickshaw,23811,793.4797217029885,2.9164670165263344,1.5375298419619696,0.6143371894781668,2.2116138821214006,-4.204595889575793,0.030288755720254752,-1.7772240370920431,-2.0816932406936277,2.4892501831054688,1.111939166364952,97.14727783203124,116.380615234375,0.7221400737762451,1,with_flow
33168_1,0,4.420841383377495,33168,Rickshaw,23812,793.5130457852069,2.9346048325241836,1.477152951672574,0.474239222132814,1.7072611996781304,-4.203635581161644,0.02680224551047449,-1.846299425615418,-2.0644787295598146,2.5922882556915283,1.1266696806588414,98.27581787109376,119.983154296875,0.7753075957298279,1,with_flow
33168_1,0,4.420841383377495,33168,Rickshaw,23813,793.5463698674254,2.948074521987449,1.4144831844734658,0.33417109476466467,1.2030159411527928,-4.202809569109734,0.022481413311877724,-1.914851868641882,-2.050325855487019,2.6100430488586426,1.1266696806588414,95.2879638671875,118.5484619140625,0.7448750138282776,1,with_flow
33168_1,0,4.420841383377495,33168,Rickshaw,23814,793.5796939496438,2.956877000405477,1.3495362571453609,0.1941279643954692,0.6988606718236892,-4.202137236230461,0.01780868883553921,-1.9829839942410346,-2.0392363218936156,2.7104480266571045,1.1208157231153082,95.03790283203124,118.5694580078125,0.7613930106163025,1,with_flow
33168_1,0,4.420841383377495,33168,Rickshaw,23815,793.6130180318622,2.961013014050296,1.2823245019009852,0.05410460357507679,0.19477657287027647,-4.201622652687818,0.013198431815364934,-2.0507952685903663,-2.0310252244453504,2.7252755165100098,1.1082161785169438,94.544677734375,117.18115234375,0.8164976835250854,1,with_flow
33168_1,1,4.420841383377495,33168,Rickshaw,23816,793.6463421140807,2.960483135129138,1.212857068187457,-0.08590413905330685,-0.3092549005919047,-4.201257584976522,0.008997818918354833,-2.1183764201230746,-2.025359188102477,2.7765281200408936,1.1118272248166778,94.98114013671876,117.942138671875,0.7817608118057251,1,with_flow
33168_1,1,4.420841383377495,33168,Rickshaw,23817,793.6796661962991,2.95528777082742,1.141140289490042,-0.22590295583264097,-0.8132506409975075,-4.201022964572974,0.005495607146662833,-2.1858051093039377,-2.02179417703573,2.860867977142334,1.1274461753605824,96.09637451171876,119.8194580078125,0.7544679641723633,1,with_flow
33168_1,1,4.420841383377495,33168,Rickshaw,23818,793.7129902785175,2.945427184258853,1.067178172081014,-0.3658957542467558,-1.317224715288321,-4.200891312847731,0.0028798995086010116,-2.253142991838006,-2.0198223242160402,2.984014749526977,1.148940017049758,95.3685302734375,123.2093505859375,0.7887723445892334,1,with_flow
33168_1,1,4.420841383377495,33168,Rickshaw,23819,793.7463143607359,2.9309015245855794,0.9909729538105795,-0.5058854426942307,-1.8211875936992308,-4.2008310245569636,0.0011917236194649405,-2.320434501966531,-2.0189277778665007,3.047431707382202,1.1430917364151705,94.10821533203124,122.5703125,0.7717375159263611,1,with_flow
33168_1,1,4.420841383377495,33168,Rickshaw,23820,793.7796384429544,2.9117108615761254,0.9125256714407662,-0.6458738856894247,-2.325145988481929,-4.200811886655978,0.00032445675714765304,-2.3877075710330673,-2.018644881419733,3.1312508583068848,1.1511456735786008,96.29595947265624,121.7139892578125,0.7350158095359802,1,with_flow
33168_1,1,4.420841383377495,33168,Rickshaw,23821,793.8129625251728,2.887855218780278,0.8318366732947989,-0.7858620242380921,-2.829103287257132,-4.2008094001096605,-0.00017522256064239627,-2.4549761408421698,-2.0186081436582746,3.203023910522461,1.172514623270969,95.02874755859376,123.6331787109375,0.7602985501289368,1,with_flow
3328,1,4.420841383377495,3328,Rickshaw,2273,75.74563888248679,-15.653329779197835,3.3924437795005624,0.5822674164628234,2.0961626992661646,4.001457221618939,0.0009635047144200826,-0.33495788640055885,1.2279866513574664,-15.687764167785645,3.3959091863249644,39.7298583984375,102.3409423828125,0.3618552386760711,1,with_flow
3328,1,4.420841383377495,3328,Rickshaw,2274,75.77896296470522,-15.631704447716212,3.38196345339471,0.7156128649878901,2.5762063139564044,4.001491020360935,0.0010649827784699878,-0.2940361935186747,1.227996180835965,-15.66760540008545,3.3932305723195757,39.0335693359375,98.02011108398438,0.34567613899707794,1,with_flow
3328,1,4.420841383377495,3328,Rickshaw,2275,75.81228704692364,-15.605635482339485,3.372846809765448,0.8489594847574821,3.0562541451269354,4.0015282007662805,0.0012415740790887452,-0.2531142539145492,1.2280001038940873,-15.647446632385254,3.3905519583141874,38.3372802734375,93.69927978515624,0.3294970393180847,1,with_flow
3328,1,4.420841383377495,3328,Rickshaw,2276,75.84561112914207,-15.575122841317468,3.3650938518411366,0.9823074667673866,3.536306880362592,4.0015737689943185,0.0015966701493459424,-0.21219243614323777,1.2279859517864034,-15.610861778259277,3.3716833322056288,36.395426432291664,91.15159098307291,0.32014574607213336,1,with_flow
3328,1,4.420841383377495,3328,Rickshaw,2277,75.8789352113605,-15.540166473407437,3.358704561822752,1.1156572002525884,4.016365920909318,4.0016346159009455,0.002184459208013509,-0.1712716878057786,1.2279316930658708,-15.5742769241333,3.3528147060970706,34.453572591145836,88.60390218098958,0.31079445282618207,1,with_flow
3328,1,4.420841383377495,3328,Rickshaw,2278,75.91225929357893,-15.500766310241271,3.353678876986708,1.2490093333585062,4.496433600090622,4.00171935919082,0.0030556044612767555,-0.13035378046775137,1.2278111797923161,-15.537692070007324,3.333946079988512,32.51171875,86.05621337890625,0.3014431595802307,1,with_flow
3328,0,4.420841383377495,3328,Rickshaw,2279,75.94558337579736,-15.456922256762674,3.3500166613949354,1.3823648288180337,4.976513383744922,4.001838266329535,0.004249089025563679,-0.08944131475158262,1.2276022219467848,-15.39531707763672,3.33996608711871,31.3323974609375,85.41961669921875,0.3202069103717804,1,with_flow
3328,0,4.420841383377495,3328,Rickshaw,2280,75.97890745801578,-15.408634179859224,3.347717681932823,1.5157250136112963,5.456610049000667,4.002002553174902,0.005745956563535083,-0.048537464015462495,1.227292860201458,-15.33778476715088,3.3278455317126463,32.995819091796875,85.51377868652344,0.3171209767460823,1,with_flow
3328,0,4.420841383377495,3328,Rickshaw,2281,76.01223154023421,-15.355901896255343,3.3467815947063584,1.649091558707395,5.936729611346623,4.002221223787428,0.007463225585443585,-0.007645656879716467,1.2268797414194594,-15.280252456665039,3.3157249763065826,34.65924072265625,85.60794067382812,0.3140350431203842,1,with_flow
3328,0,4.420841383377495,3328,Rickshaw,2282,76.04555562245264,-15.298725162591003,3.34720794179795,1.7824663807531658,6.416878970711397,4.00249996346095,0.009297896219375112,0.03323076410853057,1.2263725171785673,-15.2227201461792,3.333946079988512,36.322662353515625,85.70210266113281,0.31094910949468607,1,with_flow
3328,0,4.420841383377495,3328,Rickshaw,2283,76.07887970467107,-15.237103669129263,3.3489961624724502,1.9158515271081442,6.8970654975893195,4.002840911503574,0.011143306846826241,0.07408906671419051,1.225797808372996,-15.16518783569336,3.333946079988512,37.986083984375,85.7962646484375,0.307863175868988,1,with_flow
3328,0,4.420841383377495,3328,Rickshaw,2284,76.1122037868895,-15.171037037382142,3.3521456219648065,2.049249056813171,7.377296604527416,4.003242644408048,0.0128949057315271,0.11492759835823434,1.2251929284042828,-15.103076696395874,3.325550375166205,37.554412841796875,85.19854736328125,0.3305795267224311,1,with_flow
3328,0,4.420841383377495,3328,Rickshaw,2285,76.14552786910792,-15.100524821675497,3.356655652964621,2.182660924202908,7.857579327130468,4.0037003333011665,0.014453855034842401,0.15574611769987118,1.2246059805894933,-15.040965557098389,3.359616884837955,37.12274169921875,84.600830078125,0.35329587757587433,1,with_flow
3328,0,4.420841383377495,3328,Rickshaw,2286,76.17885195132635,-15.025566514492144,3.3625256094213762,2.3160888688635466,8.337919927908768,4.004205967315157,0.015730635416360255,0.19654621544365697,1.2240978437030992,-14.978854417800903,3.3936833945097047,36.691070556640625,84.00311279296875,0.3760122284293175,1,with_flow
3328,0,4.420841383377495,3328,Rickshaw,2287,76.21217603354478,-14.946161555331061,3.369754932634489,2.449534315637639,8.8183235362955,4.004748751277092,0.01665081941228152,0.23733153342767094,1.2237276271841273,-14.916743278503418,3.4277499041814545,36.2593994140625,83.4053955078125,0.3987285792827606,1,with_flow
3328,0,4.420841383377495,3328,Rickshaw,2288,76.2455001157632,-14.8623093426391,3.3783432152057076,2.5829982913883303,9.29879384899799,4.005315713865355,0.017158271336154045,0.27810739923865263,1.2235344272492943,-14.828307151794434,3.421138434100468,35.7049560546875,82.8970947265625,0.4008638560771942,1,with_flow
3328,0,4.420841383377495,3328,Rickshaw,2289,76.27882419798163,-14.774009248151339,3.38829024309189,2.716481363806683,9.779332909704058,4.0058923185665565,0.01720233610745628,0.3188799040673177,1.2235243491643562,-14.709908485412598,3.412568075626376,35.9146728515625,84.69134521484375,0.4674649536609649,1,with_flow
3328,0,4.420841383377495,3328,Rickshaw,2290,76.31214828020006,-14.68126063305547,3.399596003063139,2.8499835882745015,10.259940917788205,4.006462217990943,0.01671530495274601,0.35965485686289345,1.2236761664559872,-14.629215240478516,3.412964040025344,36.654296875,85.133056640625,0.3801248073577881,1,with_flow
3328,0,4.420841383377495,3328,Rickshaw,2291,76.34547236241849,-14.584062866247695,3.4122606601742556,2.9835044315804775,10.74061595368972,4.007006362959659,0.01562769514112708,0.4004370573827223,1.2239521239463307,-14.611831665039062,3.424603477398252,37.02587890625,84.27069091796875,0.3111459612846374,1,with_flow
3328,0,4.420841383377495,3328,Rickshaw,2292,76.37879644463692,-14.482415345422714,3.4262845164774296,3.117042687535591,11.221353675128128,4.0075037751864775,0.013933008017428593,0.4412298746274784,1.2243047511011407,-14.613000869750977,3.4325784700466557,36.6942138671875,83.13580322265625,0.3717569708824157,1,with_flow
3328,0,4.420841383377495,3328,Rickshaw,2293,76.41212052685535,-14.376317520039946,3.441667958457126,3.250596463790853,11.702147269647071,4.007934972369105,0.011748628224760763,0.48203496529239526,1.2246791330316966,-14.628212928771973,3.4121781429431617,36.8651123046875,83.3646240234375,0.3774227797985077,1,with_flow
3328,0,4.420841383377495,3328,Rickshaw,2294,76.44544460907377,-14.265768912510099,3.458411396557551,3.384163309464822,12.182987914073358,4.008286799692309,0.009349576686932119,0.5228521040761702,1.2250194890441173,-14.648869514465332,3.3953038859086204,38.4761962890625,83.0538330078125,0.3639492690563202,1,with_flow
3328,1,4.420841383377495,3328,Rickshaw,2305,76.81200951347648,-14.150769132275867,3.4765152051900885,3.517740518686939,12.66386586727298,4.0085581044935505,0.007101496516964297,0.5636794585169319,1.2252888854586568,-13.934020042419434,3.4843454931096653,34.3037109375,95.50360107421876,0.379948228597641,1,with_flow
3328,1,4.420841383377495,3328,Rickshaw,2306,76.84533359569491,-14.03131787684178,3.4959796831184873,3.651325584042652,13.144772102553548,4.008760101399919,0.005126949574489774,0.6045144913808691,1.2254799456515737,-13.98302173614502,3.4745451968317873,34.6044921875,92.06207275390625,0.35064078867435455,1,with_flow
3328,1,4.420841383377495,3328,Rickshaw,2307,76.87865767791334,-13.90741492129133,3.5168050422456845,3.7849163302294646,13.625698788826073,4.008899806271851,0.003329161099452558,0.6453545526803349,1.22559103218688,-14.032023429870604,3.4647449005539093,34.9052734375,88.62054443359375,0.3213333487510681,1,with_flow
3328,1,4.420841383377495,3328,Rickshaw,2320,77.3118707467529,-13.779060110092589,3.5389914069558803,3.918510755797376,14.106638720870555,4.008981983876312,0.0017488849675512332,0.6861971175810218,1.2256345229941092,-13.958520889282227,3.567155983129091,33.1524658203125,90.69140625,0.3194127976894378,1,with_flow
3328,1,4.420841383377495,3328,Rickshaw,2321,77.34519482897133,-13.64625335110319,3.5625388290220315,4.0521070858725725,14.587585509141261,4.009016366244749,0.0005944420571662775,0.7270404803628963,1.2256445263314886,-13.934020042419434,3.5913204556704508,33.630859375,93.755859375,0.3186807930469513,1,with_flow
3328,1,4.420841383377495,3328,Rickshaw,2334,77.7784078978109,-13.508994604447535,3.5874473218197163,4.185704007742592,15.068534427873331,4.0090216023482865,-0.00028018862909107156,0.7678839839635475,1.2256455119896186,-12.84532070159912,3.596587562751713,49.5625,92.61419677734376,0.3977202475070953,1,with_flow
33466,1,2.0951912688858583,33466,Car,23878,795.7124352116232,-11.868941432285746,4.191389436526054,6.6100475731773285,23.79617126343838,-4.84216975399666,-0.0013978016667124393,0.04454178327157163,-0.06921515940923928,-11.899744033813477,4.15501125828319,58.6378173828125,88.6212158203125,0.3818199634552002,1,with_flow
33466,1,2.0951912688858583,33466,Car,23879,795.7457592938416,-11.651356272253176,4.192835319376905,6.4486860458644575,23.215269765112048,-4.842208847883965,-0.0009484827439976567,0.042235307296024954,-0.06920789638219563,-11.760251998901367,4.164402018801651,58.107421875,90.84059143066406,0.3654765710234642,1,with_flow
33466,1,2.0951912688858583,33466,Car,23880,795.77908337606,-11.43914835705548,4.194204351768022,6.287323397346173,22.634364230446224,-4.842232968630547,7.830424503896479e-05,0.03992975233119134,-0.06915050449574803,-11.620759963989258,4.173792779320112,57.5770263671875,93.05996704101562,0.3491331785917282,1,with_flow
33466,1,2.0951912688858583,33466,Car,23881,795.8124074582785,-11.232317710011506,4.195496603443606,6.125960682853568,22.053458458272846,-4.842203629049766,0.0028314720664519223,0.037627821478298074,-0.06897837672567964,-11.48126792907715,4.1831835398385735,57.046630859375,95.2793426513672,0.3327897861599922,1,with_flow
33466,1,2.0951912688858583,33466,Car,23882,795.8457315404969,-11.030864291541217,4.1967122727831345,5.964600833770296,21.472563001573068,-4.842044256214664,0.008666843261513868,0.035334605204308894,-0.06861370756478397,-11.34177589416504,4.192574300357034,56.5162353515625,97.49871826171876,0.3164463937282562,1,with_flow
33466,1,2.0951912688858583,33466,Car,23883,795.8790556227153,-10.834787912818564,4.197851772719034,5.803250166413106,20.89170059908718,-4.841625999854924,0.019386372520343895,0.03305793399960194,-0.06797073292533606,-11.273000717163086,4.207679845448155,57.0263671875,98.19464111328124,0.3246636986732483,1,with_flow
33466,0,2.0951912688858583,33466,Car,23884,795.9123797049338,-10.64408809133763,4.198915825453514,5.641920365545859,20.310913315965095,-4.840752190071094,0.03738550541317563,0.030808550460783457,-0.06696163583542153,-11.194773435592651,4.215820887683222,58.416778564453125,99.81065368652342,0.33773086965084076,1,with_flow
33466,0,2.0951912688858583,33466,Car,23885,795.9457037871522,-10.458763830185376,4.199905559218515,5.480631129727665,19.730272067019595,-4.8391343245425915,0.06578061361802338,0.028600048933755895,-0.06550421541851345,-11.116546154022217,4.223961929918289,59.80718994140625,101.42666625976562,0.3507980406284332,1,with_flow
33466,0,2.0951912688858583,33466,Car,23886,795.9790278693706,-10.278813295449435,4.200822599093891,5.319413637938673,19.149889096579226,-4.836368032917923,0.10838735805763759,0.02644859343340633,-0.06352721678146049,-11.038318872451782,4.232102972153357,61.197601318359375,103.04267883300781,0.36386521160602564,1,with_flow
33466,0,2.0951912688858583,33466,Car,23887,796.012351951589,-10.104233365078347,4.201669145707385,5.158314789995729,18.569933243984625,-4.83191050607989,0.16968171798315973,0.024372475917389252,-0.06097495790242087,-10.960091590881348,4.240244014388424,62.5880126953125,104.65869140625,0.3769323825836181,1,with_flow
33466,0,2.0951912688858583,33466,Car,23900,796.4455650204286,-9.935019024111122,4.202448036636672,4.997402180246969,17.990647848889086,-4.825059057875853,0.2543996591078805,0.02239151958711484,-0.05781200349120619,-10.18671417236328,4.221854732278974,62.82080078125,96.293212890625,0.3122807145118713,1,with_flow
33466,0,2.0951912688858583,33466,Car,23918,797.0453985003603,-9.771162583824752,4.203162785482161,4.8367695633963965,17.412370428227028,-4.814955235766988,0.36535659833549683,0.020526349507865693,-0.054025023435747555,-8.816025733947754,4.20423112326359,78.1387939453125,101.7449951171875,0.595736026763916,1,with_flow
33466,0,2.0951912688858583,33466,Car,23919,797.0787225825787,-9.612652740019595,4.203817597654307,4.676540362355942,16.835545304481393,-4.8007087112318985,0.5006941490040265,0.0187977905537218,-0.049613333692991146,-8.74779224395752,4.203021232044518,79.4423828125,101.59765625,0.6002295613288879,1,with_flow
33466,0,2.0951912688858583,33466,Car,23920,797.1120466647972,-9.459473604146291,4.204417372137605,4.516865401305036,16.260715444698132,-4.781584889791596,0.6553147260536603,0.017226631126429248,-0.04457871793238488,-8.635311126708984,4.2296785772266965,79.564208984375,101.693603515625,0.4946746826171875,1,with_flow
33466,0,2.0951912688858583,33466,Car,23921,797.1453707470156,-9.311603888408364,4.204967699552929,4.357916879790865,15.688500767247115,-4.757033187611981,0.8238562732896707,0.015833580338311115,-0.038925455616478866,-8.537578582763672,4.233658800011311,79.404296875,102.9512939453125,0.4293368458747864,1,with_flow
33466,0,2.0951912688858583,33466,Car,23922,797.178694829234,-9.169016293433133,4.205474856147667,4.1998824299401605,15.119576747784578,-4.72667638141705,1.0012469893450173,0.014638999506826678,-0.032671730690495115,-8.401285171508789,4.211075346611353,73.4083251953125,104.902587890625,0.5012190341949463,1,with_flow
33466,0,2.0951912688858583,33466,Car,23923,797.2120189114524,-9.031677088493481,4.20594578342048,4.042959494318804,14.554654179547695,-4.690301913624207,1.1826212265463945,0.013662364663836746,-0.025851431012443804,-8.332259178161621,4.197298198213547,70.6744384765625,105.7508544921875,0.4407433271408081,1,with_flow
33466,0,2.0951912688858583,33466,Car,23924,797.2453429936709,-8.899545875134606,4.2063880516598715,3.8873499173386312,13.994459702419073,-4.64785684744367,1.3633951314497703,0.012921912749065706,-0.018503021642379158,-8.311646461486816,4.218517774239279,73.128173828125,107.0675048828125,0.3201324045658111,1,with_flow
33466,0,2.0951912688858583,33466,Car,23925,797.2786670758893,-8.772575527092352,4.206809817925291,3.733254824122529,13.439717366841105,-4.599434130710934,1.5394865371109365,0.012434635049303894,-0.0106631494911269,-8.231152534484863,4.218286795006548,71.7388916015625,109.04296875,0.3075671792030334,1,with_flow
33466,0,2.0951912688858583,33466,Car,23926,797.3119911581077,-8.650712291547423,4.207219784444918,3.580870093670379,12.891132337213365,-4.545252895569974,1.7073132827757278,0.012216227444480615,-0.0023739987252910932,-8.199742317199707,4.223015660158388,74.6455078125,106.8587646484375,0.5090693831443787,1,with_flow
33466,0,2.0951912688858583,33466,Car,23927,797.3453152403262,-8.533896031351395,4.207627151651375,3.4303823870535637,12.34937659339283,-4.485644834295269,1.8637660893038377,0.01228085069637061,0.006314284488772581,-8.184033393859863,4.222111375870899,74.41304524739583,105.2203369140625,0.4708473285039266,1,with_flow
33466,0,2.0951912688858583,33466,Car,23928,797.3786393225446,-8.42206059167003,4.208041562299566,3.281965678591434,11.815076442929163,-4.421036306778216,2.006315613789059,0.012640837019325057,0.015341940868051296,-8.16832447052002,4.221207091583409,74.18058268229167,103.5819091796875,0.4326252738634745,1,with_flow
33466,0,2.0951912688858583,33466,Car,23929,797.411963404763,-8.31513427151215,4.208473035149197,3.1357784453697923,11.288802403331253,-4.351927581355224,2.133047989207705,0.013306368703513483,0.024639840258638857,-8.152615547180176,4.22030280729592,73.9481201171875,101.9434814453125,0.3944032192230224,1,with_flow
33466,0,2.0951912688858583,33466,Car,23930,797.4452874869814,-8.213040377399947,4.20893188827514,2.9919615447962786,10.771061561266603,-4.278872573641796,2.242616910409979,0.014285180052084345,0.03413033594247161,-8.089619636535645,4.218286795006548,71.38037109375,102.192626953125,0.4938112199306488,1,with_flow
33466,0,2.0951912688858583,33466,Car,23931,797.4786115691999,-8.115697836802276,4.209428652927878,2.850636736223963,10.262292250406267,-4.202461280741346,2.3341214290941754,0.01558228895230232,0.043728249901628824,-8.089619636535645,4.191411953250385,74.636962890625,102.32470703125,0.6735522150993347,1,with_flow
33466,0,2.0951912688858583,33466,Car,23932,797.5119356514183,-8.023021852345385,4.209973979234228,2.7119056786609077,9.762860443179267,-4.123307664819938,2.4070749101187885,0.01719979187972448,0.053345036070861274,-8.009665489196777,4.193547535434428,76.1829833984375,101.2620849609375,0.7767025232315063,1,with_flow
33466,0,2.0951912688858583,33466,Car,23933,797.5452597336367,-7.934924581994645,4.210578539183852,2.57584939808295,9.27305783309862,-4.042034156319919,2.4613464068675177,0.019136953626556513,0.06290068244267844,-8.007052421569824,4.196862850258767,76.2164306640625,104.183349609375,0.6707869172096252,1,with_flow
33466,0,2.0951912688858583,33466,Car,23934,797.5785838158552,-7.851315829705055,4.2112529378478545,2.442528145488232,8.793101323757636,-3.9592634447589674,2.4971591209867356,0.021390551598028495,0.072325684469841,-8.007052421569824,4.196862850258767,76.4407958984375,101.0924072265625,0.7192205190658569,0,with_flow
33466,0,2.0951912688858583,33466,Car,23935,797.6119078980736,-7.772103735392867,4.21200763605903,2.3119816240179434,8.323133846464597,-3.8756030845994003,2.5152790029352703,0.02395520280109506,0.08155977702084283,-8.099496841430664,4.146277333870099,78.594482421875,98.3345947265625,0.8001964092254639,0,with_flow
33466,0,2.0951912688858583,33466,Car,23936,797.645231980292,-7.69719544781543,4.212852883811255,2.184229814323805,7.863227331565699,-3.7916247161667664,2.5171760569732013,0.02682371540426065,0.09055746934652709,-7.998690605163574,4.158705861586471,80.568115234375,100.7796630859375,0.8029282093048096,0,with_flow
33466,0,2.0951912688858583,33466,Car,23937,797.6785560625104,-7.626497756583798,4.21379867213619,2.059274639044225,7.41338870055921,-3.7078379208377337,2.504606598372647,0.02998794148154188,0.09930901423982452,-7.6588544845581055,4.235302619957925,81.12646484375,108.892822265625,0.7702453136444092,0,with_flow
33466,0,2.0951912688858583,33466,Car,23938,797.7118801447289,-7.559917658644228,4.214854721578648,1.9371020421710388,6.973567351815739,-3.624697283748792,2.478627084736543,0.033439955289245676,0.10783278999694434,-7.567849159240723,4.243306351957866,81.5875244140625,109.5347900390625,0.805402398109436,0,with_flow
33466,0,2.0951912688858583,33466,Car,23939,797.7452042269473,-7.49736286738979,4.216030498870871,1.8176831618089835,6.543659382512341,-3.5426419753165677,2.4394843782510347,0.037172409346695495,0.11614067013019269,-7.462837219238281,4.255635533767688,81.4442138671875,111.7158203125,0.8116534352302551,0,with_flow
33466,0,2.0951912688858583,33466,Car,23940,797.7785283091657,-7.438742301345487,4.217335229265447,1.7009745379817087,6.123508336734152,-3.4621101277659756,2.3871175727956606,0.04117805382292575,0.12422566575097777,-7.4237895011901855,4.258925302501771,79.6337890625,112.841796875,0.7292822003364563,0,with_flow
33466,0,2.0951912688858583,33466,Car,23941,797.8118523913841,-7.3839665713835645,4.218777888186442,1.5869180321208156,5.712904915634937,-3.383544970794774,2.321423140066341,0.0454490072946475,0.13205615128172243,-7.4269866943359375,4.255396748785155,79.169677734375,112.696044921875,0.7060643434524536,0,with_flow
33466,0,2.0951912688858583,33466,Car,23942,797.8451764736026,-7.3329484725919905,4.22036716597727,1.475440682709715,5.3115864577549745,-3.3073915365993116,2.242579170832209,0.04997589589007502,0.13957434154147713,-7.565057277679443,4.211955977111568,78.453369140625,108.0921630859375,0.7315442562103271,0,with_flow
33466,0,2.0951912688858583,33466,Car,23943,797.878500555821,-7.285603477168761,4.222111404226431,1.366454853447603,4.919237472411371,-3.234081185454481,2.1514768741255637,0.05474705237770695,0.14670307792696913,-7.615943431854248,4.186809044515779,77.9705810546875,105.80859375,0.7377693057060242,0,with_flow
33466,0,2.0951912688858583,33466,Car,23944,797.9118246380394,-7.241850210190208,4.2240185124310825,1.2598592111514668,4.535493160145281,-3.163999552110498,2.0498176487284923,0.05974823175982841,0.15336868802387532,-7.614919185638428,4.175432164181613,78.0953369140625,104.37255859375,0.6957153081893921,0,with_flow
33466,0,2.0951912688858583,33466,Car,23945,797.9451487202579,-7.2016108758714905,4.2260958878215025,1.1555406579787733,4.159946368723584,-3.097464601736455,1.939704858112606,0.06496305401594714,0.1595188735062239,-7.443501472473144,4.159124888428032,78.7484130859375,100.4456787109375,0.6662523150444031,0,with_flow
33466,0,2.0951912688858583,33466,Car,23946,797.9784728024763,-7.164811610062737,4.2283503581915065,1.053376734332343,3.792156243596435,-3.034721783768041,1.8230799563115634,0.07037390084198691,0.16513332258829166,-7.443501472473144,4.156559990004964,79.5975341796875,100.2584228515625,0.6574260592460632,0,with_flow
33466,0,2.0951912688858583,33466,Car,23947,798.0117968846947,-7.131382754710879,4.230788160331361,0.9532377765694973,3.4316559956501904,-2.9759596690266656,1.7016758353413832,0.07596315383813751,0.1702335924385874,-7.443501472473144,4.227262697663456,79.1646728515625,106.687255859375,0.5720725059509277,0,with_flow
33466,0,2.0951912688858583,33466,Car,23948,798.0451209669131,-7.101259066882979,4.2334149638990874,0.8549887932005409,3.0779596555219473,-2.921308212875984,1.5772860055979256,0.08171461261206389,0.17487980906135817,-7.308436393737793,4.252134300175374,80.1429443359375,108.33251953125,0.6951696872711182,0,with_flow
33466,0,2.0951912688858583,33466,Car,23949,798.0784450491316,-7.074379862692276,4.236235934815758,0.7584914980492101,2.7305693929771566,-2.8708364519616234,1.4515098533854773,0.0876142824241575,0.1791393421974556,-7.233978271484375,4.2648434800777535,81.515380859375,109.3941650390625,0.650317370891571,0,with_flow
33466,0,2.0951912688858583,33466,Car,23950,798.11176913135,-7.050689095627931,4.239255808545719,0.6636061100673876,2.3889819962425953,-2.8245677454858322,1.3256025561607439,0.09365026283178524,0.18306878224140097,-7.2863383293151855,4.243349283581768,82.5638427734375,108.1522216796875,0.7278285026550293,0,with_flow
33466,0,2.0951912688858583,33466,Car,23951,798.1450932135684,-7.030135383293986,4.242478952479841,0.5701926942394837,2.0526936992621416,-2.7824874748207056,1.200823720043732,0.09981227947890896,0.18670991968559156,-7.236769676208496,4.243159816745703,84.22265625,109.9671630859375,0.757031261920929,0,with_flow
33466,0,2.0951912688858583,33466,Car,23952,798.1784172957869,-7.012671990138259,4.245909413479107,0.4781125549357701,1.7212051977687723,-2.7445350487326805,1.0784617925004611,0.10609134350463612,0.1900996209261037,-7.08643102645874,4.270221996497077,85.7000732421875,114.2457275390625,0.7809180617332458,0,with_flow
33466,0,2.0951912688858583,33466,Car,23953,798.2117413780053,-6.998256760729654,4.24955095898329,0.38722972786348375,1.3940270203085416,-2.7106099759352684,0.9594129102514597,0.11247965681847084,0.1932713954387869,-7.061022758483887,4.273486219140905,86.5465087890625,115.3963623046875,0.7919566631317139,0,with_flow
33466,0,2.0951912688858583,33466,Car,23954,798.2450654602237,-6.986852010314336,4.25340711311375,0.29741196994804464,1.0706830918129608,-2.6805919393273987,0.8441996565452348,0.11897033992585651,0.19624561096017704,-7.08917236328125,4.271992837281354,86.210693359375,114.404296875,0.789841890335083,0,with_flow
33466,0,2.0951912688858583,33466,Car,23955,798.2783895424421,-6.9784243915577875,4.2574811792002984,0.2085312892012816,0.7507126411246138,-2.6543456184083043,0.7333647780621474,0.12555693781785499,0.19902768474560392,-7.109072685241699,4.2712729342656655,85.86962890625,112.4520263671875,0.7729026675224304,0,with_flow
33466,0,2.0951912688858583,33466,Car,23956,798.3117136246606,-6.972944743621188,4.261776246084244,0.12046453593225714,0.4336723293561257,-2.6317145230069143,0.6276280047384665,0.1322329655318396,0.20161094874317315,-7.110992908477783,4.263906790101698,85.9588623046875,112.533935546875,0.7770383954048157,0,with_flow
33466,0,2.0951912688858583,33466,Car,23957,798.345037706879,-6.970387917846386,4.266295181045046,0.03309421141262514,0.11913916108545052,-2.612515363943319,0.527810341372236,0.13899156476904734,0.20398055185847186,-7.082407474517822,4.267924977214888,86.2147216796875,113.2967529296875,0.7765077948570251,0,with_flow
33466,0,2.0951912688858583,33466,Car,23958,798.3783617890974,-6.970732574094346,4.271040613898546,-0.053690604495894245,-0.1932861761852193,-2.5965369325836645,0.4347039820475861,0.14582532838358736,0.20611906097220994,-7.09290075302124,4.272577204095959,85.731689453125,112.4251708984375,0.7701398134231567,0,with_flow
33466,0,2.0951912688858583,33466,Car,23959,798.4116858713159,-6.973960946571011,4.276014917731953,-0.1399933744187538,-0.5039761479075138,-2.5835431414664556,0.3490641842006844,0.15272624945060723,0.2080079445008336,-7.098043441772461,4.270140036124172,85.6783447265625,111.5078125,0.747977077960968,0,with_flow
33466,0,2.0951912688858583,33466,Car,23960,798.4450099535343,-6.980058581542169,4.281220188376456,-0.22590927293620866,-0.8132733825703512,-2.5732724454360403,0.27165835086440615,0.15968569333889368,0.20962846583254804,-7.09290075302124,4.270264218507361,85.853515625,109.3057861328125,0.7144004702568054,0,with_flow
33466,0,2.0951912688858583,33466,Car,23961,798.4783340357527,-6.989014046861278,4.28665822398633,-0.3115243281275457,-1.1214875812591647,-2.5654376110273995,0.20323106045352876,0.16669444896189875,0.21096543823872596,-7.095028877258301,4.260779168079378,86.5784912109375,109.740478515625,0.723370373249054,0,with_flow
33466,0,2.0951912688858583,33466,Car,23962,798.5116581179711,-7.000818613183245,4.292330508551274,-0.3969145921628181,-1.4288925317861452,-2.559727468300257,0.14445488209088717,0.17374291697497352,0.21201182509206645,-7.05862283706665,4.270264218507361,86.52294921875,110.0040283203125,0.6826520562171936,0,with_flow
33466,1,2.0951912688858583,33466,Car,23963,798.5449822001896,-7.015465908634414,4.298238204804696,-0.4821453836000864,-1.7357233809603112,-2.5558099582920994,0.09583151737215523,0.18082149889360088,0.21277531369512293,-7.035486221313477,4.271498236589451,86.8570556640625,110.3043212890625,0.659273624420166,0,with_flow
33466,1,2.0951912688858583,33466,Car,23964,798.578306282408,-7.0329515509021245,4.304382162695133,-0.5672707211898376,-2.0421745962834152,-2.553340473572204,0.057610287201974975,0.18792110477115564,0.2132787839085709,-7.010890007019043,4.274654597963309,87.739990234375,111.22998046875,0.4288406074047088,0,with_flow
33466,1,2.0951912688858583,33466,Car,23974,798.9115471045923,-7.0532727653157,4.310762945013134,-0.6523330487989489,-2.3483989756762162,-2.5519703383974077,0.02979394015733131,0.19503368547533856,0.21356223515300213,-7.010890007019043,4.274654597963309,85.3720703125,121.4730224609375,0.2893679738044739,0,with_flow
33466,1,2.0951912688858583,33466,Car,23975,798.9448711868107,-7.076427998413864,4.3173808720196964,-0.7373632374684546,-2.6545076548864364,-2.5513547621493764,0.012065523313109238,0.20215284298298045,0.21368526718751546,-6.77722430229187,4.359910061704324,85.58260091145833,122.14029947916667,0.28649168213208515,0,with_flow
33466,1,2.0951912688858583,33466,Car,23976,798.9781952690291,-7.102416535956684,4.324236087484152,-0.8223808745495929,-2.960571148378534,-2.551166193415619,0.0031868726751308066,0.2092744668076118,0.21372167457401114,-6.483046054840088,4.366701418837529,85.79313151041667,122.80757649739583,0.2836153904596964,0,with_flow
33466,1,2.0951912688858583,33466,Car,23977,799.0115193512476,-7.131238143852633,4.331328636904385,-0.9073955509351841,-3.266623983366663,-2.551142362935285,-0.0017566469196310663,0.21639665910301226,0.21372622143735598,-6.452789783477783,4.373492775970735,86.003662109375,123.474853515625,0.2807390987873077,0,with_flow
33739,1,2.6910291214624382,33739,Bike,24019,800.4111308044215,-0.8104950695238162,5.848020209425406,3.8220736101714303,13.75946499661715,-6.702138857561275,-0.0017139286816529875,1.1110846046029363,-0.3078511406768556,-0.8182318210601807,5.84204312617925,52.3902587890625,104.4810791015625,0.3808715939521789,1,with_flow
33739,1,2.6910291214624382,33739,Bike,24020,800.44445488664,-0.6868493286799097,5.884875150230994,3.5987300503582063,12.955428181289543,-6.702194894297315,-0.00164920886385256,1.1008257141729751,-0.3078525705186709,-0.7451332211494446,5.879389381292725,51.4935302734375,105.255859375,0.443434476852417,1,with_flow
33739,1,2.6910291214624382,33739,Bike,24021,800.4777789688584,-0.5706463379534963,5.9213882231839206,3.3753846432791645,12.151384715804992,-6.702248774304824,-0.0014057352443153253,1.0905668832791018,-0.3078459826296047,-0.7459075450897217,5.894421126567551,49.123291015625,103.9056396484375,0.5558110475540161,1,with_flow
33739,1,2.6910291214624382,33739,Bike,24022,800.5111030510768,-0.4618861561677239,5.957559436772861,3.15203761788227,11.347335424376173,-6.702288583971033,-0.0005907070218588219,1.0803085765620053,-0.30781777647866015,-0.3725512325763702,5.918515347360705,50.766845703125,103.4332275390625,0.6320886015892029,1,with_flow
33739,1,2.6910291214624382,33739,Bike,24023,800.5444271332952,-0.36056882489978104,5.993388825051833,2.9286898640095327,10.543283510434318,-6.702288143843551,0.0009280205352335738,1.0700519555663237,-0.30773791733250944,-0.28628300130367274,6.012876218243953,48.72607421875,114.0716552734375,0.5804879069328308,1,with_flow
33739,1,2.6910291214624382,33739,Bike,24024,800.5777512155137,-0.26669434175523976,6.028876481350254,2.7053430972238797,9.739235150005968,-6.7022267331058,0.002923772080209239,1.059799518506328,-0.30755872224387737,-0.2000147700309753,6.066044018589338,46.87548828125,119.4052734375,0.5467877984046936,1,with_flow
33739,0,2.6910291214624382,33739,Bike,24025,800.6110752977321,-0.18026263751919924,6.0640226083873285,2.4819995588019412,8.935198411686988,-6.702093279801173,0.005121710413139394,1.0495552843677247,-0.3072407117682152,-0.1141498386859893,6.099600936981499,44.4249267578125,117.781005859375,0.6679760217666626,1,with_flow
33739,0,2.6910291214624382,33739,Bike,24026,800.6443993799505,-0.10127356377053662,6.098827560925898,2.2586617130978364,8.131182167152211,-6.701885380507987,0.007279301740532265,1.0393242361382509,-0.3067663767699891,-0.0803602188825607,6.114590815052848,42.568115234375,120.2615966796875,0.7091904282569885,1,with_flow
33739,0,2.6910291214624382,33739,Bike,24027,800.677723462169,-0.029726890145126653,6.133291865305153,2.0353319715422074,7.327195097551947,-6.7016081277017845,0.009220941484087117,1.0291115702397864,-0.3061392626942856,0.018127042800188,6.147934849359545,42.9041748046875,121.1923828125,0.7486869096755981,1,with_flow
33739,0,2.6910291214624382,33739,Bike,24028,800.7110475443874,0.0343776904053062,6.1674162164688155,1.8120125025137055,6.52324500904934,-6.701270821683693,0.010805947713579109,1.0189221426073172,-0.3053751301745041,0.064780481159687,6.196039556538905,39.8812255859375,108.2646484375,0.501312255859375,1,with_flow
33739,0,2.6910291214624382,33739,Bike,24029,800.7443716266058,0.09104055110452271,6.2012014605516494,1.5887050800347917,5.71933828812525,-6.700887931121674,0.011910608894478677,1.008760110525978,-0.3045008426051259,0.0660761222243309,6.194905593976984,45.28955078125,108.6732177734375,0.6923300623893738,1,with_flow
33739,0,2.6910291214624382,33739,Bike,24030,800.7776957088242,0.1402621154830528,6.23464856459392,1.3654109317902785,4.915479354445003,-6.70047700146355,0.012511517075295894,0.9986284965532647,-0.30355651015579377,0.1384861767292022,6.223378840408195,46.97412109375,110.0506591796875,0.7276448011398315,1,with_flow
33739,0,2.6910291214624382,33739,Bike,24031,800.8110197910427,0.18204283841095956,6.267758573618016,1.1421307203419508,4.111670593231024,-6.700054061474285,0.01263241076001216,0.9885289648409875,-0.30258139864680844,0.2110374122858047,6.270877537557592,44.2257080078125,105.3624267578125,0.631292462348938,1,with_flow
33739,0,2.6910291214624382,33739,Bike,24032,800.8443438732611,0.2163831881077441,6.300532567385156,0.9188645847698393,3.3079125051714215,-6.699635074473983,0.012243101873445409,0.9784619662071974,-0.30160957012752476,0.1997468769550323,6.287402309885159,47.0103759765625,105.6241455078125,0.7277359366416931,1,with_flow
33739,0,2.6910291214624382,33739,Bike,24033,800.8776679554795,0.24328362815066865,6.332971622007511,0.6956120949407861,2.50420354178683,-6.699238081207406,0.011332447243973556,0.9684268361370552,-0.3006738007826686,0.2181477695703506,6.332432970870375,47.849853515625,109.9700927734375,0.665156364440918,1,with_flow
33739,0,2.6910291214624382,33739,Bike,24034,800.910992037698,0.2627445978458634,6.365076774167242,0.47237223216798996,1.700540035804764,-6.698879787666595,0.00997215746810657,0.9584219043263469,-0.2998014813291783,0.2181477695703506,6.357274414803519,51.5089111328125,105.9393310546875,0.6492733955383301,1,with_flow
33739,0,2.6910291214624382,33739,Bike,24035,800.9443161199164,0.27476649383376006,6.396848990236897,0.24914347348745025,0.896916504554821,-6.698573455216682,0.008292556170167017,0.9484446339697492,-0.29901751282229116,0.2321370393037796,6.389659761111996,53.885498046875,103.8172607421875,0.7513279318809509,1,with_flow
33739,0,2.6910291214624382,33739,Bike,24036,800.9776402021348,0.2793496555541974,6.428289138895803,0.025923938238305744,0.09332617765790067,-6.698327104019364,0.006464027992719709,0.9384917224444113,-0.2983425974253118,0.2072917520999908,6.41065509923437,55.370849609375,102.864990234375,0.7607226967811584,1,with_flow
33739,0,2.6910291214624382,33739,Bike,24037,801.0109642843532,0.2764943563792799,6.459397968217084,-0.19728842449402784,-0.7102383281785002,-6.698142639616099,0.004695600499727614,0.9285592657880624,-0.2977915932453117,0.2402456402778625,6.449026036412559,58.15478515625,104.2401123046875,0.7705843448638916,1,with_flow
33739,1,2.6910291214624382,33739,Bike,24038,801.0442883665717,0.2662008017309536,6.490176089620987,-0.42049559775078316,-1.5137841519028195,-6.698014150865128,0.0031766978779539635,0.9186430203385477,-0.2973698582197549,0.2574420273303985,6.481783220256984,59.5653076171875,99.8172607421875,0.757477879524231,1,with_flow
33739,1,2.6910291214624382,33739,Bike,24039,801.0776124487901,0.2484691353088997,6.520623971627744,-0.6436992762487197,-2.317317394495391,-6.6979309185335625,0.001996795871161817,0.9087386934970723,-0.29707546969573206,0.2654942572116852,6.502409559297882,57.8636474609375,103.3770751953125,0.7516025900840759,1,with_flow
33739,1,2.6910291214624382,33739,Bike,24040,801.1109365310085,0.22329945066136822,6.550741941913194,-0.8669007687961086,-3.120842767665991,-6.69788106808556,0.001144896045619164,0.8988421613742812,-0.2968998020939372,0.2526428997516632,6.502409559297882,65.1937255859375,107.6492919921875,0.3025063574314117,1,with_flow
33739,1,2.6910291214624382,33739,Bike,24041,801.144260613227,0.1906918040808503,6.580530197526391,-1.0901010131977436,-3.924363647511877,-6.697854613313651,0.0005514066003287427,0.8889497844719298,-0.2968202559758351,0.1854387372732162,6.611924938611908,68.0966796875,101.8011474609375,0.5107933878898621,1,with_flow
33739,1,2.6910291214624382,33739,Bike,24042,801.1775846954454,0.15064622558761703,6.609988831010267,-1.313300664247016,-4.727882391289258,-6.69784431784779,0.00017723199479277108,0.8790590446558348,-0.2967948051146254,0.1355431079864502,6.625307541837981,67.48681640625,97.9573974609375,0.5407531261444092,1,with_flow
33739,1,2.6910291214624382,33739,Bike,24043,801.2109087776638,0.10316272728996861,6.639117873529104,-1.5365001410736996,-5.531400507865318,-6.6978428011265185,-8.620345505505611e-05,0.8691687151407965,-0.29679140526689873,0.1743953973054886,6.670645465519888,70.0784912109375,99.87451171875,0.576427161693573,1,with_flow
34139,1,4.420841383377495,34139,Rickshaw,24235,807.609132563602,-23.352783519350748,2.312629821060577,-2.482269268552467,-8.936169366788882,16.58636960258721,0.0041206505425464,0.11195553526866,-0.6664239635638687,-23.390745162963867,2.297116849357274,29.504638671875,64.09002685546875,0.4332591593265533,1,with_flow
34139,1,4.420841383377495,34139,Rickshaw,24236,807.6424566458204,-23.42629330316224,2.315990605621094,-1.9295414130089,-6.94634908683204,16.586508727543876,0.004229164210166673,0.08974750350793137,-0.6664261853450159,-23.341747283935547,2.315619314838829,28.5767822265625,62.33221435546875,0.398326426744461,1,with_flow
34139,1,4.420841383377495,34139,Rickshaw,24237,807.6757807280388,-23.481383860633038,2.3186113294547184,-1.3768088654254758,-4.9565119155317126,16.58665146861892,0.004331541017501229,0.06753967625927748,-0.6664083236606562,-23.396732330322266,2.3407988896610568,27.2728271484375,56.877197265625,0.2969363033771515,1,with_flow
34139,1,4.420841383377495,34139,Rickshaw,24238,807.7091048102573,-23.518055033287784,2.320492014141627,-0.8240715009922646,-2.9666574035721527,16.586797416801875,0.004365368143336925,0.045333040336972386,-0.666352496452632,-23.465808868408203,2.353535034880929,26.5147705078125,62.5006103515625,0.3290305435657501,1,with_flow
34139,1,4.420841383377495,34139,Rickshaw,24239,807.7424288924757,-23.536306659446236,2.321632722164069,-0.27132927314638866,-0.9767853833269992,16.586942412392766,0.004240492128441128,0.023128990308112024,-0.6662539154699814,-23.543758392333984,2.3364876321235406,28.6549072265625,66.216796875,0.3929276764392853,1,with_flow
34139,1,4.420841383377495,34139,Rickshaw,24240,807.7757529746941,-23.536138578702925,2.3220335616775283,0.2814176823822858,1.013103656576229,16.587080037818545,0.00392702630686074,0.0009287696735442164,-0.6661260400879936,-23.5922908782959,2.324019366044548,29.1627197265625,66.705322265625,0.4525813162326813,1,with_flow
34139,0,4.420841383377495,34139,Rickshaw,24241,807.8090770569125,-23.517550638809073,2.321694672447453,0.8341690133111219,3.003008447920039,16.587204141487813,0.0034522208078074774,-0.021267024192708706,-0.6659925147413945,-23.48197555541992,2.3261599155239185,29.70654296875,68.65924072265625,0.4582840800285339,1,with_flow
34139,0,4.420841383377495,34139,Rickshaw,24242,807.842401139131,-23.48054270234728,2.320616200302742,1.3869241910187453,4.992927087667483,16.587310121998616,0.0028273928915476653,-0.043458640166214924,-0.6658799238708406,-23.465808868408203,2.2903797776658616,30.5135498046875,67.985107421875,0.476005882024765,1,with_flow
34139,0,4.420841383377495,34139,Rickshaw,24243,807.8757252213494,-23.425114652132326,2.318798267779938,1.9396825249439469,6.982857089798209,16.587392582034177,0.002034229948918547,-0.06564722330491446,-0.6658137315265851,-23.465808868408203,2.2895757854364147,30.984130859375,69.16058349609375,0.4180343747138977,1,with_flow
34139,0,4.420841383377495,34139,Rickshaw,24244,807.9090493035678,-23.35126639714776,2.3162409474868726,2.4924431325773186,8.972795277278347,16.587445699690754,0.001095678126320334,-0.08783453570036326,-0.6658036895603896,-23.45088005065918,2.2985236583554016,31.0802001953125,69.15777587890625,0.29500812292099,1,with_flow
34139,0,4.420841383377495,34139,Rickshaw,24245,807.9423733857863,-23.258997878781877,2.3129442513636076,3.0452049624400908,10.962737864784327,16.58746560697011,0.00010457224469449249,-0.11002235697948348,-0.665841773545164,-23.356426239013672,2.299254560382172,32.652587890625,68.3807373046875,0.4217267036437988,1,with_flow
34139,0,4.420841383377495,34139,Rickshaw,24246,807.9756974680047,-23.148309074893294,2.3089081390122255,3.597966900963498,12.952680843468594,16.587452669238914,-0.0008110585693108404,-0.13221198096698242,-0.6659076891918476,-23.203947067260746,2.320885712306473,32.8509521484375,67.6558837890625,0.4174762666225433,1,with_flow
34139,0,4.420841383377495,34139,Rickshaw,24247,808.0090215502231,-23.019199999405394,2.3041325398180197,4.150727921283771,14.942620516621576,16.587411551405214,-0.0015405161078247786,-0.15440388981836645,-0.6659746182237454,-23.089391708374023,2.327655781031133,31.8741455078125,66.5611572265625,0.3858398795127868,1,with_flow
34139,1,4.420841383377495,34139,Rickshaw,24248,808.0423456324415,-22.871670697266993,2.2986173814083055,4.703487205071847,16.93255393825865,16.587349996668042,-0.0019730613250471076,-0.17659774231627828,-0.6660219692995488,-23.080575942993164,2.3311119541586898,30.9326171875,66.37371826171875,0.3633882999420166,1,with_flow
34139,1,4.420841383377495,34139,Rickshaw,24277,809.008744016776,-22.70572123576009,2.29236261175854,5.256244253644055,18.922479313118597,16.58728005048958,-0.0019488729755444988,-0.198792741595599,-0.6660440935536223,-22.604708671569824,2.284168174858744,30.5501708984375,61.71380615234375,0.4399343729019165,1,with_flow
34139,1,4.420841383377495,34139,Rickshaw,24278,809.0420680989944,-22.52135169076673,2.285368205210119,5.80899908676988,20.91239671237157,16.5872201078615,-0.0014429518590762449,-0.22098819212897713,-0.6660510116328298,-22.122880458831787,2.27830446012796,30.532623291015625,61.97996520996094,0.4185011237859726,1,with_flow
34139,1,4.420841383377495,34139,Rickshaw,24279,809.0753921812128,-22.3185621274971,2.277634153231062,6.361752299102075,22.90230827676747,16.5871838803968,-0.0007500738311279963,-0.24318375465602213,-0.6660519519126709,-22.11691951751709,2.2724407453971764,30.51507568359375,62.246124267578125,0.3970678746700287,1,with_flow
34139,1,4.420841383377495,34139,Rickshaw,24280,809.1087162634312,-22.09735258635488,2.2691604543462245,6.914504699522255,24.89221691828012,16.587170116817465,-0.0002357824863927193,-0.26537931992405034,-0.6660516521223523,-22.11095857620239,2.266577030666393,30.497528076171875,62.51228332519531,0.3756346255540847,1,with_flow
34139,1,4.420841383377495,34139,Rickshaw,24281,809.1420403456497,-21.857723083672987,2.2599471087640857,7.467256871507398,26.882124737426633,16.587168165926876,0.00011869655588725436,-0.2875748778760275,-0.6660515694967045,-22.10499763488769,2.2607133159356088,30.47998046875,62.7784423828125,0.3542013764381408,1,with_flow
34273,1,4.420841383377495,34273,Rickshaw,24318,810.3750313877315,-17.372820062142576,3.7551855509320253,-2.8950424511213746,-10.42215282403695,5.9448619583905735,0.0017808359029913845,-0.9536228020105529,1.2498448990641875,-17.10964012145996,3.816945298845841,29.93896484375,103.150146484375,0.34476438164711,1,with_flow
34273,1,4.420841383377495,34273,Rickshaw,24319,810.4083554699499,-17.465993817714093,3.724100920387735,-2.696934587358484,-9.708964514490543,5.94490773426925,0.0009664792894234713,-0.9119728038394899,1.2498421239233604,-17.082590103149414,3.8060534394197303,28.8905029296875,104.11785888671876,0.3940745294094085,1,with_flow
34273,1,4.420841383377495,34273,Rickshaw,24320,810.4416795521684,-17.552565788606437,3.694404224730465,-2.498825555931889,-8.995772001354801,5.94492637246118,-0.0004926532087420717,-0.8703240770535821,1.2497508560084603,-17.180917739868164,3.763898132815556,27.1036376953125,103.236572265625,0.4351421296596527,1,with_flow
34273,1,4.420841383377495,34273,Rickshaw,24321,810.4750036343868,-17.632535958102217,3.666095350379396,-2.3007169275719836,-8.282580939259141,5.944874899837183,-0.003487703264132921,-0.8286816272873774,1.2494394936419106,-17.42132568359375,3.705208119293159,26.1546630859375,98.1417236328125,0.425984114408493,1,with_flow
34273,1,4.420841383377495,34273,Rickshaw,24322,810.5083277166052,-17.705904388904646,3.639173935286311,-2.102611989954987,-7.569403163837953,5.944693923440525,-0.00843169903825789,-0.787055601159439,1.248733403684465,-17.51449203491211,3.683599320197831,26.5159912109375,96.281005859375,0.4092152416706085,1,with_flow
34273,1,4.420841383377495,34273,Rickshaw,24323,810.5416517988236,-17.77267128851701,3.613639176504543,-1.9045162068971484,-6.856258344829734,5.944312942573199,-0.015595172450511882,-0.7454624730970845,1.2474287970092144,-17.872079849243164,3.602272277447301,27.0638427734375,88.468505859375,0.3997516632080078,1,with_flow
34273,0,4.420841383377495,34273,Rickshaw,24324,810.5749758810421,-17.832837087266242,3.5894896041437727,-1.7064375273487506,-6.143175098455503,5.943654533822622,-0.024995970897147366,-0.7039259231093793,1.2452997296126878,-18.35329818725586,3.4933082679146352,27.7757568359375,78.17266845703125,0.4113927781581878,1,with_flow
34273,0,4.420841383377495,34273,Rickshaw,24325,810.6082999632605,-17.88640252306887,3.566722833609003,-1.5083864315872466,-5.430191153714088,5.942647006994587,-0.03618808522870567,-0.6624771122120077,1.242130741808051,-18.74618530273437,3.4108937422941774,29.458740234375,69.26141357421875,0.4533261358737945,1,with_flow
34273,0,4.420841383377495,34273,Rickshaw,24326,810.6416240454789,-17.933368719290947,3.545335331087682,-1.310375439114443,-4.717351580811996,5.941242664367644,-0.048299136674885605,-0.6211535195153361,1.2377658915682597,-18.302270889282227,3.3880619241278414,30.1812744140625,65.69842529296875,0.5024120211601257,1,with_flow
34273,0,4.420841383377495,34273,Rickshaw,24327,810.6749481276973,-17.973737236557547,3.525322243750635,-1.1124180799451588,-4.004705087802572,5.939427958191321,-0.06050138747758397,-0.57999630026735,1.2321437854217394,-18.302270889282227,3.43287189527779,30.78369140625,63.9039306640625,0.5034040808677673,1,with_flow
34273,0,4.420841383377495,34273,Rickshaw,24328,810.7082722099158,-18.00751008938679,3.506677331613124,-0.9145279504523871,-3.2923006216285935,5.93721035794638,-0.07222515381629714,-0.5390470222047479,1.2252976433643343,-18.473024368286133,3.434049499077232,32.540771484375,71.62982177734375,0.5394248962402344,1,with_flow
34273,0,4.420841383377495,34273,Rickshaw,24329,810.7415962921342,-18.034689738191545,3.4893930012103653,-0.7167181220049799,-2.5801852392179274,5.934614284263295,-0.0829311359938414,-0.49834499245457,1.2173253556545807,-18.25135040283203,3.43287189527779,34.6822509765625,75.27532958984375,0.5055018067359924,1,with_flow
34273,0,4.420841383377495,34273,Rickshaw,24330,810.7749203743526,-18.055279061807095,3.473460412870001,-0.5190005283749479,-1.8684019021498126,5.931683149957728,-0.09214743812881913,-0.45792543410481035,1.2083722051505497,-18.302270889282227,3.4263342250130986,34.9481201171875,72.9932861328125,0.4793052077293396,1,with_flow
34273,0,4.420841383377495,34273,Rickshaw,24331,810.8082444565711,-18.069281310080264,3.4588696411014443,-0.32138543468977554,-1.156987564883192,5.928472826654451,-0.09951982874379584,-0.41781808451662605,1.198620768965104,-18.27791976928711,3.420449044470364,36.06982421875,73.54608154296875,0.4615193903446197,1,with_flow
34273,0,4.420841383377495,34273,Rickshaw,24332,810.8415685387895,-18.076700041843804,3.4456098767481538,-0.123881057896019,-0.4459718084256684,5.925050336046883,-0.10474283021254115,-0.37804607128185225,1.1882841902872752,-18.16244888305664,3.43287189527779,36.6973876953125,75.26800537109375,0.5434387922286987,1,with_flow
34273,0,4.420841383377495,34273,Rickshaw,24333,810.8748926210079,-18.077539050664157,3.4336696630549266,0.07350678254252108,0.2646244171530759,5.921491909282864,-0.10761759475874307,-0.33862500459908096,1.1775986405722234,-18.038402557373047,3.4480977198772003,38.1849365234375,77.62530517578125,0.5490626692771912,1,with_flow
34273,0,4.420841383377495,34273,Rickshaw,24334,810.9082167032263,-18.071802280689347,3.42303715648998,0.27077489115198716,0.9747896081471538,5.917877820895104,-0.1081009161174069,-0.2995624423316501,1.1668083730775365,-17.995092391967773,3.4365569187972245,38.5977783203125,77.142578125,0.5594496130943298,1,with_flow
34273,0,4.420841383377495,34273,Rickshaw,24335,810.9415407854448,-18.0594937380125,3.4137003965372155,0.46792273882115243,1.6845218597561489,5.914287181649696,-0.1062568653661338,-0.26085788433885626,1.156151333229773,-18.011728286743164,3.4175949784978696,37.771240234375,75.8525390625,0.5419120192527771,1,with_flow
34273,0,4.420841383377495,34273,Rickshaw,24336,810.9748648676632,-18.040617402993522,3.4056475698717787,0.6649523815395764,2.393828573542475,5.910795995859637,-0.10215149564676676,-0.2225030407206976,1.1458576588590828,-18.14413833618164,3.3928865871181424,38.5087890625,71.9114990234375,0.4904939532279968,1,with_flow
34273,0,4.420841383377495,34273,Rickshaw,24337,811.0081889498816,-18.015177145705444,3.3988672664930637,0.8618683746329818,3.1027261486787348,5.9074789719703595,-0.09579072830977645,-0.18448200540999804,1.136155726047507,-17.76308822631836,3.47526101956917,40.1259765625,79.50323486328125,0.4611796140670776,1,with_flow
34273,0,4.420841383377495,34273,Rickshaw,24338,811.0415130321,-17.98317664258404,3.393348733656715,1.0586777914632508,3.811240049267703,5.904411719647721,-0.08733397662282659,-0.14677124932941776,1.1272707572419756,-17.4271183013916,3.549318070801003,41.3060302734375,85.98907470703125,0.4877563416957855,1,with_flow
34273,0,4.420841383377495,34273,Rickshaw,24339,811.0748371143185,-17.944619293776846,3.3890821213355546,1.2553900763243684,4.5194042747677265,5.901658322735477,-0.07731859125419588,-0.10934039285257668,1.1193795793408414,-17.342496871948242,3.4365569187972245,41.8177490234375,86.337890625,0.5197198390960693,1,with_flow
34273,0,4.420841383377495,34273,Rickshaw,24340,811.1081611965369,-17.899508153219628,3.3860586748889223,1.4520164273713334,5.227259138536801,5.899258577463785,-0.06651399694337497,-0.07215453328056176,1.1125783844069344,-17.44268798828125,3.528728276861444,41.9075927734375,83.14447021484375,0.5083710551261902,1,with_flow
34273,0,4.420841383377495,34273,Rickshaw,24341,811.1414852787553,-17.847845884673813,3.3842708460339646,1.6485689126486083,5.93484808553499,5.897225286929842,-0.055652539243693594,-0.03517645215015652,1.1069106819116161,-17.512035369873047,3.4778298208671385,42.1339111328125,80.97271728515625,0.5151485204696655,1,with_flow
34273,0,4.420841383377495,34273,Rickshaw,24342,811.1748093609738,-17.789634746966705,3.383712337546414,1.84505964584298,6.642214725034728,5.895549437876943,-0.045292602297515,0.0016312815208218145,1.1023432322666422,-17.637889862060547,3.4253737629808336,41.8465576171875,76.7470703125,0.5442197918891907,1,with_flow
34273,0,4.420841383377495,34273,Rickshaw,24343,811.2081334431922,-17.724876603432275,3.384378068441415,2.0415001636530845,7.349400589151104,5.894206618124144,-0.03577778631807312,0.03830389666421663,1.0987825615817675,-17.716867446899414,3.3817701349818643,42.4349365234375,75.37725830078125,0.4903671443462372,1,with_flow
34273,0,4.420841383377495,34273,Rickshaw,24344,811.2414575254106,-17.653572948259715,3.3862640732163576,2.237901042729684,8.056443753826864,5.893164914091229,-0.02724139881210129,0.0748729580377302,1.0961074174512955,-17.66202163696289,3.3883631551087774,44.522216796875,76.36663818359375,0.4073628485202789,1,with_flow
34273,0,4.420841383377495,34273,Rickshaw,24345,811.274781607629,-17.57572494134172,3.3893673696038595,2.4342717626548596,8.763378345557495,5.8923910288966255,-0.019711913430948087,0.11136589434659894,1.0941929533874046,-17.484737396240234,3.399089851965246,41.8135986328125,77.17034912109375,0.369718462228775,1,with_flow
34273,1,4.420841383377495,34273,Rickshaw,24346,811.3081056898475,-17.491333445173392,3.3936858199243907,2.630620690305526,9.470234485099894,5.891851151243518,-0.013260898645709285,0.14780595710926142,1.0929126502525555,-17.307453155517578,3.4098165488217145,39.10498046875,77.97406005859375,0.3320740759372711,1,with_flow
34273,1,4.420841383377495,34273,Rickshaw,24347,811.3414297720659,-17.40039906278151,3.399217990155746,2.826955007564388,10.177038027231797,5.891507214343106,-0.008053406204636406,0.1842120916838877,1.0921338292754774,-17.371994018554688,3.379101632970536,38.63427734375,75.32147216796875,0.3661159574985504,1,with_flow
34273,1,4.420841383377495,34273,Rickshaw,24348,811.3747538542843,-17.30292218029842,3.4059630024584298,3.0232805112760603,10.883809840593818,5.891314406502515,-0.004218521407097935,0.22059869796490825,1.091717974559865,-17.364871978759766,3.374188623084766,39.7392578125,74.65667724609375,0.4536766409873962,1,with_flow
34273,1,4.420841383377495,34273,Rickshaw,24349,811.4080779365028,-17.198903016181454,3.413920383122232,3.219601457854015,11.590565248274455,5.891226057634685,-0.001742274279093171,0.25697568958162775,1.0915369343448962,-17.333072662353516,3.3726963056456425,41.05859375,74.3895263671875,0.4017146229743957,1,with_flow
34273,1,4.420841383377495,34273,Rickshaw,24350,811.4414020187212,-17.088341672623393,3.4230899210864534,3.4159205842664053,12.29731410335906,5.891198287119868,-0.00047023986809108145,0.2933490292435582,1.0914828774937735,-17.440673828125,3.3584607468504646,43.7923583984375,70.59014892578125,0.3579691648483276,1,with_flow
34273,1,4.420841383377495,34273,Rickshaw,24351,811.4747261009396,-16.971238183893416,3.4334715488566228,3.6122392711234883,13.004061376044557,5.891194717010632,0.00025597384797038103,0.3297215262704793,1.0914761507193536,-17.423748016357422,3.371092578868458,45.89013671875,69.56292724609375,0.3002514541149139,1,with_flow
34622_1,1,2.7382897801574595,34622,Truck,24565,818.6060796956832,-19.54819731353171,2.123574488851334,1.114266215551349,4.011358375984856,5.611614019131838,0.0019371149505502672,-0.79939416252106,1.9907559453196388,-19.35782527923584,2.2020162062770288,79.2423095703125,152.1953125,0.7079309225082397,1,with_flow
34622_1,1,2.7382897801574595,34622,Truck,24566,818.6394037779016,-19.50794957321993,2.0980407759150226,1.3012688145148392,4.684567732253421,5.611652785364337,0.000389504714166403,-0.7330539110926324,1.9907557234409328,-19.29952812194824,2.10045843407776,77.9156494140625,145.39776611328125,0.7483073472976685,1,with_flow
34622_1,1,2.7382897801574595,34622,Truck,24567,818.6727278601201,-19.461470128216632,2.0747177767847016,1.4882720121840598,5.357779243862615,5.6116399789060765,-0.002207076581473039,-0.6667150749636337,1.990653955542907,-19.38829040527344,2.064163471539682,78.155029296875,143.3162841796875,0.6915821433067322,1,with_flow
34622_1,1,2.7382897801574595,34622,Truck,24568,818.7060519423385,-19.40875899931601,2.053605368986998,1.6752729733131706,6.030982703927414,5.611505687761411,-0.007075450710754519,-0.6003827394459943,1.9903489689683216,-19.34644317626953,2.057076560334486,77.9510498046875,143.3333740234375,0.6802431344985962,1,with_flow
34622_1,1,2.7382897801574595,34622,Truck,24569,818.7393760245569,-19.349816343197897,2.0347032048456226,1.8622663148125154,6.704158733325055,5.611168413103641,-0.01445163194085703,-0.5340653117786398,1.9897430086103478,-19.47078514099121,1.990280985257932,77.7203369140625,139.6221923828125,0.7275057435035706,1,with_flow
34622_1,1,2.7382897801574595,34622,Truck,24570,818.7727001067753,-19.28464254246886,2.018010602617474,2.0492438354254148,7.3772778075314935,5.6105425130194355,-0.02424162251110841,-0.4677744133932496,1.9887427505830981,-19.36920738220215,1.972680793491948,77.5902099609375,141.6279296875,0.6544223427772522,1,with_flow
34622_1,0,2.7382897801574595,34622,Truck,24571,818.8060241889938,-19.21323829912201,2.0035264450725805,2.23619462821002,8.050300661556072,5.609552753460305,-0.03610065774042196,-0.40152442501656144,1.9872785463913138,-19.365280151367188,1.9404107593964333,76.713134765625,141.39044189453125,0.7301346659660339,1,with_flow
34622_1,0,2.7382897801574595,34622,Truck,24572,818.8393482712122,-19.13560471813021,1.991249102586569,2.423105483238518,8.723179739658665,5.608136470446073,-0.04955553140704965,-0.33533154612649224,1.9853118970895096,-19.365280151367188,1.9002977207855052,77.73046875,139.1138916015625,0.6877154111862183,1,with_flow
34622_1,0,2.7382897801574595,34622,Truck,24573,818.8726723534306,-19.051743376370645,1.9811763914118674,2.6099613935532826,9.395861016791818,5.606249968254332,-0.06390034202941915,-0.2692126016386875,1.9828462247955088,-19.34644317626953,1.9250930398334645,80.9779052734375,141.1624755859375,0.5971073508262634,1,with_flow
34622_1,0,2.7382897801574595,34622,Truck,24574,818.9059964356491,-18.96165637028825,1.9733055787090243,2.796746339486792,10.068286822152452,5.603877629942925,-0.078126235301786,-0.20318342825515753,1.9799370374943432,-19.457469940185547,1.87400263335543,81.1192626953125,134.18316650390625,0.3989261090755462,1,with_flow
34622_1,0,2.7382897801574595,34622,Truck,24575,818.9393205178675,-18.86534633232599,1.9676334429432554,2.9834443878343855,10.740399796203787,5.601042998077106,-0.09092274734695849,-0.13725727550196093,1.9766845511577396,-18.930362701416016,1.9731069164696915,84.9678955078125,143.14013671875,0.6502441167831421,1,with_flow
34622_1,0,2.7382897801574595,34622,Truck,24576,818.9726446000859,-18.762816403361583,1.964156386407852,3.1700412320600937,11.412148435416338,5.597817795726694,-0.10135889236645006,-0.07144319335692151,1.9732372735982722,-18.68132400512696,2.002658065986984,87.8948974609375,147.30621337890625,0.611615777015686,1,with_flow
34622_1,0,2.7382897801574595,34622,Truck,24577,819.0059686823043,-18.65407015693213,1.9628705951833985,3.356525285705422,12.08349102853952,5.594287613951529,-0.10935144760354704,-0.005745089200200004,1.9697479082908478,-18.510364532470703,2.034852526232158,91.2845458984375,149.3768310546875,0.5968701243400574,1,with_flow
34622_1,0,2.7382897801574595,34622,Truck,24578,819.0392927645228,-18.539111506086925,1.963772206304226,3.5428877116625572,12.754395761985206,5.590529722465405,-0.11528091446999592,0.05983786215365394,1.9663441984799865,-18.366867065429688,2.0499428146304863,91.5712890625,147.80609130859375,0.516286313533783,1,with_flow
34622_1,0,2.7382897801574595,34622,Truck,24579,819.0726168467412,-18.41794461834803,1.9668574477301168,3.72912197941934,13.424839125909624,5.586604352607502,-0.11973747306991181,0.12531004428711956,1.9631093937733706,-18.166393280029297,2.074887862151891,89.3853759765625,147.06610107421875,0.589889407157898,1,with_flow
34622_1,0,2.7382897801574595,34622,Truck,24580,819.1059409289596,-18.290573849245966,1.9721227297835262,3.9152232125958495,14.094803565345059,5.582549439670988,-0.12347298135167825,0.19067770461988176,1.9600701621552732,-18.1164608001709,2.0272209865749757,89.6026611328125,147.4959716796875,0.7349182367324829,1,with_flow
34622_1,0,2.7382897801574595,34622,Truck,24581,819.139265011178,-18.157003700861367,1.9795646739491053,4.101187335854865,14.764274409077515,5.578375105042866,-0.1272401881263444,0.2559469210812646,1.9571913387725393,-18.017885208129883,1.9982815239965916,87.5655517578125,148.0025634765625,0.7684300541877747,1,with_flow
34622_1,0,2.7382897801574595,34622,Truck,24582,819.1725890933965,-18.017238809928482,1.9891800764457763,4.287010219396304,15.433236789826696,5.574069114689767,-0.13164146613777536,0.32112189578771855,1.954400324129499,-17.88263702392578,2.003837443820471,86.17236328125,144.55999755859375,0.75197434425354,1,with_flow
34622_1,0,2.7382897801574595,34622,Truck,24583,819.2059131756149,-17.871283961007776,2.0009658296893535,4.472687022518521,16.101673281066677,5.569601442961007,-0.1371838960068439,0.386204115355401,1.9516089229863067,-17.770532608032227,2.02689172585612,85.8907470703125,142.039306640625,0.7846279144287109,1,with_flow
34622_1,0,2.7382897801574595,34622,Truck,24584,819.2392372578333,-17.71914411970937,2.0149188246970375,4.658211630704072,16.76956187053466,5.564926059830614,-0.14428196761861597,0.4511919482933113,1.948717803515015,-17.691652297973633,2.015384276616201,84.1190185546875,141.02935791015625,0.7964568734169006,1,with_flow
34622_1,0,2.7382897801574595,34622,Truck,24585,819.2725613400518,-17.560824483411132,2.031035840416952,4.843576183554145,17.436874260794923,5.559985314657888,-0.15316152161609464,0.5160802267126443,1.9456148199791383,-17.604684829711914,2.020159621460035,84.8265380859375,142.911376953125,0.7325183749198914,1,with_flow
34622_1,0,2.7382897801574595,34622,Truck,24586,819.3058854222702,-17.39633054449009,2.049313420410944,5.028770817569059,18.103574943248613,5.5547181255525455,-0.16381430309114375,0.5808599821216969,1.9421860029547435,-17.441993713378906,2.043551324771149,84.4080810546875,148.0582275390625,0.6527818441390991,1,with_flow
34622_1,0,2.7382897801574595,34622,Truck,24587,819.3392095044886,-17.225668157416067,2.069747746957273,5.213783687557032,18.769621275205317,5.549067392048361,-0.17607105958646802,0.6455185301935082,1.9383226456378766,-17.354095458984375,2.0544460226517325,83.2261962890625,131.7176513671875,0.7280262112617493,1,with_flow
34622_1,0,2.7382897801574595,34622,Truck,24588,819.372533586707,-17.04884360196898,2.092334520212369,5.39860115263313,19.43496414947927,5.542983312620655,-0.1895772522134846,0.7100396485200744,1.9339213496544738,-17.28360366821289,2.051405328297645,84.9385986328125,118.3975830078125,0.7225480675697327,1,with_flow
34622_1,0,2.7382897801574595,34622,Truck,24589,819.4058576689255,-16.865863637663693,2.117068843967293,5.583208152024829,20.099549347289386,5.536432416169349,-0.20364044920947594,0.7744038313137389,1.928890352070266,-17.248458862304688,2.0560944550868645,84.002197265625,117.452392578125,0.6298708915710449,1,with_flow
34622_1,0,2.7382897801574595,34622,Truck,24590,819.4391817511439,-16.676735539684913,2.143945125150235,5.767588962865821,20.763320266316956,5.529411050475747,-0.21713888585782118,0.8385889050555846,1.9231637701149564,-17.097209930419922,2.068709965991639,83.560546875,117.17193603515624,0.357311487197876,1,with_flow
34622_1,0,2.7382897801574595,34622,Truck,24591,819.4725058333623,-16.481467101427892,2.1729570018630833,5.951728457636848,21.426222447492652,5.5219605079990615,-0.2286263834026328,0.9025711168785175,1.9167145490916122,-16.918474197387695,2.060965952575968,81.532958984375,118.544189453125,0.4484906792640686,1,with_flow
34622_1,0,2.7382897801574595,34622,Truck,24592,819.5058299155808,-16.280066588109708,2.204097314360545,6.135613732633633,22.08820943748108,5.514173521680124,-0.23662921215217464,0.9663266180182395,1.9095667390147497,-16.386472702026367,2.156116623416298,82.521240234375,134.27484130859375,0.556244432926178,1,with_flow
34622_1,0,2.7382897801574595,34622,Truck,24593,819.5391539977992,-16.07254263397306,2.237358133220317,6.319235807662836,22.74924890758621,5.50618960535698,-0.24009819524170656,1.029833411929883,1.9018059843646447,-16.335420608520508,2.1436061353270204,81.7335205078125,142.5430908203125,0.4378692507743835,1,with_flow
34622_1,0,2.7382897801574595,34622,Truck,24594,819.5724780800176,-15.858904090179246,2.2727308518787837,6.5025907671729755,23.40932676182271,5.498171417682663,-0.23845178758711635,1.0930730869993424,1.893560812795267,-15.460284233093262,2.2547096299186293,82.998046875,154.98748779296875,0.3583945035934448,1,with_flow
34622_1,0,2.7382897801574595,34622,Truck,24602,819.839070737765,-15.639159843880112,2.3102063307160416,6.685680462745639,24.0684496658843,5.490297231407611,-0.23201284825600405,1.1560323339953862,1.885007309240636,-15.16506576538086,2.3192752441999156,76.95654296875,133.0242919921875,0.3569630980491638,1,with_flow
34622_1,0,2.7382897801574595,34622,Truck,24603,819.8723948199835,-15.41331862619708,2.349775089081514,6.868512194298774,24.726643899475587,5.482708187220633,-0.22203879033402846,1.2187040856081244,1.8763384640563494,-15.438691139221191,2.383840858481202,77.6019287109375,128.9439697265625,0.4796200394630432,1,with_flow
34622_1,0,2.7382897801574595,34622,Truck,24604,819.9057189022019,-15.181388856359609,2.3914275177079043,7.051097114842446,25.383949613432808,5.475498753598068,-0.20925405859209895,1.281087658540472,1.8677416255331818,-15.475666046142578,2.3192752441999156,81.420654296875,129.052734375,0.47976239025592804,1,with_flow
34622_1,0,2.7382897801574595,34622,Truck,24605,819.9390429844203,-14.943378532015286,2.435154086036847,7.233449366988652,26.040417721159148,5.468761788314508,-0.19324340238441637,1.3431884082481114,1.8593962504649464,-15.16506576538086,2.2547096299186293,85.2393798828125,129.1614990234375,0.4799047410488128,1,with_flow
34622_1,0,2.7382897801574595,34622,Truck,24606,819.9723670666388,-14.699295123168083,2.4809455470913813,7.415586642088404,26.696111911518255,5.462619435539614,-0.17314697930299072,1.4050182592858402,1.851528703516447,-14.880879402160645,2.431106447557013,83.989990234375,144.09368896484375,0.5663787722587585,1,with_flow
34622_1,0,2.7382897801574595,34622,Truck,24607,820.0056911488572,-14.449145436939755,2.528793193893942,7.597531188020482,27.351112276873735,5.457221859966177,-0.14840706529345274,1.466598215723645,1.844456339073147,-13.94611358642578,2.7123426455721376,81.8292236328125,166.372314453125,0.6320761442184448,1,with_flow
34622_1,0,2.7382897801574595,34622,Truck,24608,820.0390152310756,-14.192935452043674,2.5786892048814827,7.779310533391952,28.005517920211027,5.452728377048345,-0.11975894826100193,1.527960536807298,1.8385176747252747,-13.195392608642578,2.9570078413516967,82.2705078125,180.8515014648437,0.6305561065673828,1,with_flow
34622_1,0,2.7382897801574595,34622,Truck,24609,820.072339313294,-13.930670148729899,2.630627006699599,7.960956748853253,28.65944429587171,5.449240145889693,-0.08973092388346827,1.589147237818925,1.833936631897499,-13.057665824890137,2.964563807158539,83.422119140625,183.5423583984375,0.6158317923545837,1,with_flow
34622_1,1,2.7382897801574595,34622,Truck,24610,820.1056633955125,-13.66235340160512,2.6846015124046816,8.142503500817181,29.313012602941853,5.446747975678289,-0.06152647495304156,1.6502042822768517,1.8307181404249766,-13.135522842407227,2.7731590163015416,85.1611328125,182.7909545898437,0.7595049142837524,1,with_flow
34622_1,1,2.7382897801574595,34622,Truck,24611,820.1389874777309,-13.387987988870792,2.740609129367439,8.323982349984675,29.96633645994483,5.445139519269802,-0.03769985387122369,1.711174298729759,1.828672740261309,-13.106285095214844,2.7684134752296736,91.4189453125,178.7626953125,0.3638761937618255,1,with_flow
34622_1,1,2.7382897801574595,34622,Truck,24612,820.1723115599493,-13.10757571349982,2.7986475612620043,8.505419894202605,30.61951161912938,5.444235349618234,-0.019759136056859458,1.7720920406681089,1.8275337630237183,-13.135522842407227,2.7707862457656076,90.98089599609375,176.40496826171875,0.35235174000263214,1,with_flow
34622_1,1,2.7382897801574595,34622,Truck,24613,820.2056356421677,-12.821117599501397,2.858715516644862,8.686836100011536,31.27260996004153,5.443822609120755,-0.008152316245330539,1.832982961621015,1.8270160016485597,-13.16476058959961,2.7731590163015416,90.5428466796875,174.0472412109375,0.3408272862434387,1,with_flow
34622_1,1,2.7382897801574595,34622,Truck,24614,820.2389597243862,-12.528614124829355,2.920812395609652,8.868243793060481,31.925677655017733,5.443692012704574,-0.0022138111696220894,1.8938632130231492,1.8268524948504263,-13.10954475402832,2.7807502853858903,89.29949951171875,173.07821655273438,0.33231692016124725,1,with_flow
34622_1,1,2.7382897801574595,34622,Truck,24615,820.2722838066046,-12.230065450283893,2.9849379967514666,9.049649409630385,32.578737874669386,5.4436750626698895,0.0011965267581217631,1.9547408658992587,1.8268312944375422,-13.054328918457031,2.7883415544702386,88.05615234375,172.10919189453125,0.3238065540790558,1,with_flow
34810_0,1,2.7382897801574595,34810,Truck,24584,819.2392372578333,-13.88667876263701,3.192480364915404,3.211507506148348,11.561427022134053,-10.77227276332518,-0.0032901048304552205,0.5280988051959723,-2.8440714267160208,-14.094829559326172,3.122748036478411,68.832763671875,129.6865234375,0.397194504737854,1,opposing
34810_0,1,2.7382897801574595,34810,Truck,24585,819.2725613400518,-13.785639513222469,3.2084996065866482,2.8525299739533665,10.26910790623212,-10.772354392380425,-0.001608998149229375,0.4333224648263451,-2.8440801545596437,-14.055449485778809,3.117619304052702,70.6348876953125,130.2044677734375,0.5159050226211548,1,opposing
34810_0,1,2.7382897801574595,34810,Truck,24586,819.3058854222702,-13.696562898656603,3.2213605218959103,2.4935504661117207,8.976781678002196,-10.772380000098408,0.001315392744339202,0.33854716575489485,-2.8439889918557775,-13.879230499267578,3.1742617274797165,69.0087890625,129.42596435546875,0.6183027029037476,1,opposing
34810_0,1,2.7382897801574595,34810,Truck,24587,819.3392095044886,-13.619448939642105,3.231063225608923,2.1345721526258057,7.684459749452901,-10.772266723868501,0.006936034716852828,0.24377851740333734,-2.8436536213263883,-13.29855728149414,3.3426622640611496,66.4976806640625,139.11334228515625,0.4757437705993652,1,opposing
34810_0,1,2.7382897801574595,34810,Truck,24588,819.372533586707,-13.554297501041574,3.237608105814885,1.7756012988676169,6.3921646759234205,-10.77191772611606,0.014970617297718756,0.14902742161944316,-2.8429116439328084,-13.060629844665527,3.3549346767815127,70.1226806640625,147.9737548828125,0.3685237765312195,1,opposing
34810_0,1,2.7382897801574595,34810,Truck,24589,819.4058576689255,-13.501108189236424,3.2409959963714554,1.4166469667451702,5.099929080282613,-10.771268959705122,0.024122859925373788,0.05430941150489632,-2.8416563719225407,-13.189947128295898,3.3412185551548736,70.1473388671875,144.77679443359375,0.5334838628768921,1,opposing
34810_0,0,2.7382897801574595,34810,Truck,24590,819.4391817511439,-13.459880282947681,3.241228294258741,1.0577194576547475,3.807790047557091,-10.770309981781066,0.03290017545193724,-0.04035765863019203,-2.8398545684770258,-12.967389106750488,3.353795037310646,73.9097900390625,148.54901123046875,0.368216872215271,1,opposing
34810_0,0,2.7382897801574595,34810,Truck,24591,819.4725058333623,-13.430612720376484,3.238306997199695,0.698828656436542,2.5157831631715513,-10.7690762234016,0.0398790933012589,-0.13495596454988434,-2.8375410187191634,-13.329024314880373,3.4480778506958893,71.198486328125,150.63360595703125,0.6191014051437378,1,opposing
34810_0,0,2.7382897801574595,34810,Truck,24592,819.5058299155808,-13.413304139551693,3.232234663960525,0.33998241491664327,1.2239366936999159,-10.767652113413131,0.04402110592814149,-0.22947010880973118,-2.834832492134563,-13.329024314880373,3.2326657667139687,71.65771484375,139.45965576171875,0.6927880048751831,1,opposing
34810_0,0,2.7382897801574595,34810,Truck,24593,819.5391539977992,-13.407952968704276,3.2230142812021767,-0.01881463538036332,-0.06773268736930796,-10.766142297495009,0.04493838276268454,-0.323890396631592,-2.8319484280007696,-13.572813034057615,3.1533958938426685,72.3626708984375,133.931640625,0.6831274032592773,1,opposing
34810_0,0,2.7382897801574595,34810,Truck,24594,819.5724780800176,-13.414557541586836,3.2106490296592383,-0.37756148962840097,-1.3592213626622436,-10.764657052689238,0.04279241915398181,-0.4182149517741429,-2.8291235652027105,-13.636656761169434,3.1058446852855224,74.5445556640625,139.98712158203125,0.6921459436416626,1,opposing
34810_0,0,2.7382897801574595,34810,Truck,24595,819.605802162236,-13.433116217574817,3.1951420282832874,-0.7362605972013565,-2.6505381499248837,-10.763290261306583,0.03823262685592697,-0.5124491271023262,-2.8265513574935888,-13.687365531921388,3.0790376116299,75.1558837890625,138.9124755859375,0.6806564331054688,1,opposing
34810_0,0,2.7382897801574595,34810,Truck,24596,819.6391262444545,-13.463627485078229,3.1764961215861107,-1.0949171033302578,-3.9417015719889283,-10.76210891828769,0.032120555044767546,-0.6066036769631737,-2.824360023561196,-13.709335327148438,3.1031928591942224,72.8052978515625,126.18792724609376,0.587230384349823,1,opposing
34810_0,0,2.7382897801574595,34810,Truck,24597,819.6724503266729,-13.506090035589898,3.1547137377492382,-1.4535378810885904,-5.232736371918926,-10.761149485272156,0.02532809565154688,-0.7006924456918076,-2.8226084939582146,-13.610036849975586,3.1031928591942224,71.6392822265625,120.89288330078124,0.3773846924304962,1,opposing
34810_0,1,2.7382897801574595,34810,Truck,24598,819.7057744088913,-13.560502804379094,3.1297968210689113,-1.8121305333669553,-6.523669920121039,-10.760420847203834,0.018505222549015,-0.7947303553795211,-2.821306003712505,-13.664567947387695,3.0790376116299,74.8050537109375,117.0574951171875,0.5354001522064209,1,opposing
34810_0,1,2.7382897801574595,34810,Truck,24599,819.7390984911098,-13.62686498166273,3.1017468203963996,-2.1707026725641656,-7.814529621230997,-10.759916146156769,0.012118632518927119,-0.8887320224106572,-2.820426185828828,-13.853677749633787,3.045844725023885,76.7308349609375,146.9490966796875,0.5989004373550415,1,opposing
34810_0,1,2.7382897801574595,34810,Truck,24600,819.7724225733282,-13.7051760050103,3.0705647182822853,-2.529261447638447,-9.105341211498411,-10.759613162590963,0.006744600947150257,-0.9827106306192188,-2.819909194190126,-13.814568042755125,3.0486460134835243,76.2669677734375,140.09494018554688,0.5305239036679268,1,opposing
34810_0,1,2.7382897801574595,34810,Truck,24601,819.8057466555466,-13.795435533681921,3.0362510974735586,-2.887812884019956,-10.396126382471843,-10.759466630883782,0.0029277415937477994,-1.0766768112483653,-2.81966323199016,-13.775458335876465,3.051447301943163,75.8031005859375,133.24078369140625,0.4621473699808121,1,opposing
34810_0,1,2.7382897801574595,34810,Truck,24602,819.839070737765,-13.897643399441233,2.9988062410341807,-3.2463612356282026,-11.686900448261529,-10.759418033987794,0.000826211427254799,-1.1706378419497672,-2.819582658204453,-13.736348628997803,3.0542485904028016,75.3392333984375,126.38662719726562,0.3937708362936973,1,opposing
34810_0,1,2.7382897801574595,34810,Truck,24603,819.8723948199835,-14.01179954304968,2.9582302474365543,-3.604908805145649,-12.977671698524336,-10.759411565408719,-0.00043798893796065386,-1.264597579936516,-2.8195720017705708,-13.69723892211914,3.0570498788624407,74.8753662109375,119.532470703125,0.3253943026065826,1,opposing
34859,1,4.420841383377495,34859,Rickshaw,24604,819.9057189022019,-2.357213194217654,5.8359436740117845,5.725364401200749,20.611311844322696,-7.836234022660788,-0.0018445356372609467,1.9418859003934503,-0.4066561203520019,-2.2336981296539307,5.847859119394208,58.3856201171875,76.1683349609375,0.46662437915802,1,with_flow
34859,1,4.420841383377495,34859,Rickshaw,24605,819.9390429844203,-2.170771739664099,5.90042944393712,5.464227981520006,19.671220733472023,-7.836302050197851,-0.0022382496959985725,1.9283343775517754,-0.40666234762608944,-2.191445827484131,5.868466298867414,65.7967529296875,78.5177001953125,0.4776595830917358,1,with_flow
34859,1,4.420841383377495,34859,Rickshaw,24606,819.9723670666388,-1.9930324563106767,5.964463616294661,5.203089107390223,18.731120786604805,-7.836383197894578,-0.0027806471056886642,1.91478245282937,-0.4066810863383927,-2.115821361541748,5.959433087814698,66.3531494140625,81.69287109375,0.6359065175056458,1,with_flow
34859,1,4.420841383377495,34859,Rickshaw,24607,820.0056911488572,-1.8239954352183105,6.028046170600839,4.941947167052504,17.791009801389016,-7.836487375223392,-0.0035408657956395,1.901229715338559,-0.40670997906934225,-1.984135746955872,6.016988429161557,64.285888671875,84.0125732421875,0.6930716633796692,1,with_flow
34859,1,4.420841383377495,34859,Rickshaw,24608,820.0390152310756,-1.6636607925126776,6.091177075594666,4.680801297691774,16.850884671690388,-7.836619190100374,-0.0043383933747024525,1.8876759649864028,-0.4067398592340239,-1.7532418966293335,6.088984407639259,69.1641845703125,86.6571044921875,0.6109851598739624,1,with_flow
34859,1,4.420841383377495,34859,Rickshaw,24609,820.072339313294,-1.5120286743565496,6.153856299491536,4.4196505972443445,15.91074215007964,-7.836776521178421,-0.005003065884333294,1.8741214021497332,-0.40675601157395036,-1.5781142711639404,6.186012716113408,68.146728515625,97.242919921875,0.7487805485725403,1,with_flow
34859,0,4.420841383377495,34859,Rickshaw,24610,820.1056633955125,-1.3690992548352559,6.216083825730224,4.158494317363387,14.970579542508194,-7.836952635258122,-0.005419744582738069,1.8605667342504055,-0.4067450502481691,-1.4032745361328125,6.225210353156829,63.046875,101.25830078125,0.7141628265380859,1,with_flow
34859,0,4.420841383377495,34859,Rickshaw,24611,820.1389874777309,-1.234872728606733,6.27785966627723,3.8973319887395554,14.0303951594624,-7.837137737206577,-0.005520367884366222,1.8470128813784654,-0.40670820777758565,-1.218946099281311,6.272589125604746,60.44580078125,104.45556640625,0.6894447207450867,1,with_flow
34859,0,4.420841383377495,34859,Rickshaw,24612,820.1723115599493,-1.1093493001681547,6.339183861241773,3.6361634984317677,13.090188594354364,-7.837320557644631,-0.005289229090961346,1.8334605750252357,-0.40665355269825876,-1.0847047567367554,6.330976134112162,61.2161865234375,107.4439697265625,0.7523269057273865,1,with_flow
34859,0,4.420841383377495,34859,Rickshaw,24613,820.2056356421677,-0.9925291715347305,6.400056470760838,3.3749891057850627,12.149960780826227,-7.8374902546167755,-0.004754979292007302,1.8199102984617646,-0.40658697918542847,-0.9191760420799256,6.396174014127285,60.236083984375,111.24365234375,0.7167447805404663,1,with_flow
34859,0,4.420841383377495,34859,Rickshaw,24614,820.2389597243862,-0.8844125302736102,6.460477568654724,3.1138094105220864,11.209713877879512,-7.8376374682863785,-0.003987037067870535,1.806362415224357,-0.4065098539868075,-0.8039053082466125,6.473438873720297,63.3272705078125,114.2713623046875,0.8008297085762024,1,with_flow
34859,0,4.420841383377495,34859,Rickshaw,24615,820.2722838066046,-0.7849995392874982,6.520447240618834,2.8526252755513424,10.269450991984833,-7.837755983318891,-0.0030887041834414867,1.792817281684471,-0.40642238176947637,-0.7062910795211792,6.519842637056775,62.618896484375,117.21728515625,0.7759193181991577,1,with_flow
34859,1,4.420841383377495,34859,Rickshaw,24616,820.305607888823,-0.6942903299581639,6.579965583244883,2.5914377089315352,9.329175752153526,-7.837843324750693,-0.002171672040263303,1.7792751652454435,-0.40632987417263833,-0.6201946139335632,6.587521326281207,58.7086181640625,120.228759765625,0.8033099174499512,1,with_flow
34859,1,4.420841383377495,34859,Rickshaw,24617,820.3389319710415,-0.6122849993928416,6.63903269862246,2.3302477390652556,8.38889186063492,-7.837900721274133,-0.0013448696103141675,1.7657361189293777,-0.4062395945417565,-0.5366218090057373,6.643212512652992,56.3948974609375,121.2508544921875,0.7723500728607178,1,with_flow
34859,1,4.420841383377495,34859,Rickshaw,24618,820.3722560532599,-0.5389836117723916,6.697648685983674,2.0690562939554926,7.448602658239774,-7.837932957841628,-0.0007044391026639965,1.7521998972841732,-0.40616245092420133,-0.5543131232261658,6.685936219765364,56.6141357421875,119.3531494140625,0.7825985550880432,1,with_flow
34859,1,4.420841383377495,34859,Rickshaw,24619,820.4055801354783,-0.47438620362860306,6.755813629797838,1.807864088762337,6.508310719544413,-7.837947670847283,-0.0002910555512595214,1.7386658514744102,-0.4061107060759048,-0.5065428614616394,6.725355256257671,55.19091796875,121.2801513671875,0.781385064125061,1,with_flow
34859,1,4.420841383377495,34859,Rickshaw,24620,820.4389042176967,-0.41849279199877926,6.813527587047455,1.5466715794247499,5.5680176859290995,-7.837952356159868,-7.947068678104554e-05,1.7251330242971195,-0.40608873678716084,-0.4700130522251129,6.803570998099101,61.1392822265625,121.3768310546875,0.7922558784484863,1,with_flow
34859,1,4.420841383377495,34859,Rickshaw,24621,820.4722282999152,-0.3713033826425445,6.870790583238171,1.285478995406629,4.627724383463865,-7.837952967422684,4.278473625163315e-05,1.7116005721179621,-0.4060854449329386,-0.4487806856632232,6.901316725941274,70.944091796875,120.809326171875,0.8238781690597534,1,with_flow
35014,1,4.420841383377495,35014,Rickshaw,24689,822.7382658907683,-18.574749519894258,3.050015855097284,3.648865748995427,13.135916696383537,-6.333208858873432,-0.0015642235285895367,1.4115480870860457,-1.60137706250003,-18.530038833618164,2.9661476647544136,28.91162109375,61.16986083984375,0.441445380449295,1,with_flow
35014,1,4.420841383377495,35014,Rickshaw,24690,822.7715899729867,-18.456670924184397,3.0961652379489144,3.437816485647892,12.37613934833241,-6.333262832968683,-0.001675121212988516,1.3581835924195462,-1.6013725113205823,-18.653186798095703,3.114657731617047,28.7152099609375,72.057861328125,0.284684956073761,1,with_flow
35014,1,4.420841383377495,35014,Rickshaw,24691,822.8049140552051,-18.345625382136422,3.1405363154016617,3.226765360925926,11.616355299333334,-6.333320502627487,-0.001706527468616685,1.3048207332074084,-1.6012618168540065,-18.571088155110676,3.147574578525573,28.133544921875,72.22233072916667,0.309987872838974,1,with_flow
35014,1,4.420841383377495,35014,Rickshaw,24692,822.8382381374236,-18.24161295731035,3.183129219385871,3.015712312217161,10.85656432398178,-6.333376569892027,-0.0014196465337455292,1.2514646990527654,-1.6009471796368522,-18.488989512125652,3.1804914254340986,27.5518798828125,72.38680013020833,0.335290789604187,1,with_flow
35014,1,4.420841383377495,35014,Rickshaw,24693,822.871562219642,-18.14463371050214,3.2239443078771126,2.8046576270223893,10.096767457280603,-6.33341511946311,-0.0004803052961096482,1.198123840580035,-1.6003355458791262,-18.406890869140625,3.2134082723426243,26.97021484375,72.55126953125,0.3605937063694,1,with_flow
35014,1,4.420841383377495,35014,Rickshaw,24694,822.9048863018604,-18.05468768197387,3.262982268811265,2.5936023149775522,9.336968333919188,-6.333408581358382,0.0014086883256225775,1.1448096188001111,-1.5993323467914167,-17.791624069213867,3.355748603601615,27.755615234375,85.424072265625,0.4077200293540954,1,with_flow
35014,0,4.420841383377495,35014,Rickshaw,24695,822.9382103840788,-17.971774861005777,3.3002442249203656,2.38254847385261,8.577174505869396,-6.333321232971944,0.0042371332656441114,1.0915366456347342,-1.5978481880882,-17.642255783081055,3.405869677877156,27.6905517578125,87.72406005859375,0.3224774301052093,1,with_flow
35014,0,4.420841383377495,35014,Rickshaw,24696,822.9715344662973,-17.89589514809011,3.3357318280264727,2.1714992835693705,7.817397420849734,-6.333126184203753,0.007647736995151046,1.0383217787655852,-1.5958439443148684,-17.578277587890625,3.4137659034139363,27.4090576171875,87.1165771484375,0.3227833807468414,1,with_flow
35014,0,4.420841383377495,35014,Rickshaw,24697,823.0048585485157,-17.827048325527635,3.369447301420972,1.9604585741194596,7.057650866830055,-6.332811525339121,0.011190525636660663,0.9851821004205036,-1.5933444700763078,-17.52458381652832,3.4317382875226787,28.2496337890625,88.121337890625,0.3470703661441803,1,with_flow
35014,0,4.420841383377495,35014,Rickshaw,24698,823.0381826307341,-17.765234044182712,3.4013934136025967,1.7494303205069488,6.297949153825016,-6.332380356210986,0.014421518238813496,0.9321329630859093,-1.5904263875281321,-17.444578170776367,3.4437736892945554,27.490478515625,89.2816162109375,0.2979465126991272,1,with_flow
35014,0,4.420841383377495,35014,Rickshaw,24699,823.0715067129526,-17.710451826875307,3.4315733942274895,1.5384181516877589,5.538305346075932,-6.3318503576201115,0.016916612699635448,0.8791864698001831,-1.5872061731201894,-17.561015129089355,3.448626204619371,27.593505859375,85.49578857421875,0.3096923232078552,1,with_flow
35014,0,4.420841383377495,35014,Rickshaw,24700,823.104830795171,-17.662701087997526,3.4599908059624043,1.3274248693487622,4.7787295296555445,-6.331252895026066,0.018363511084426947,0.8263503543316836,-1.583827140200179,-17.677452087402344,3.4534787199441865,27.696533203125,81.7099609375,0.3214381337165832,1,with_flow
35014,0,4.420841383377495,35014,Rickshaw,24701,823.1381548773894,-17.621981167680776,3.486649386809563,1.11645208911529,4.019227520815044,-6.330626463313719,0.018667431099795476,0.7736273437297472,-1.5804438257515496,-17.815380096435547,3.4473061458860714,28.7044677734375,77.9683837890625,0.4006066918373108,1,with_flow
35014,0,4.420841383377495,35014,Rickshaw,24702,823.1714789596078,-17.588291373815476,3.511552879971201,0.9055001348075276,3.259800485307099,-6.330008745008513,0.017944239710658057,0.7210150514291747,-1.5772055540393168,-17.675779342651367,3.4618979307175968,28.4827880859375,80.9366455078125,0.5086475610733032,1,with_flow
35014,0,4.420841383377495,35014,Rickshaw,24703,823.2048030418263,-17.561631023245674,3.53470486980129,0.6945681848631733,2.5004454655074237,-6.329430512674788,0.016373543250791826,0.6685064596975605,-1.5742386217691982,-17.659692764282227,3.4833232946926147,29.2542724609375,81.38568115234375,0.4260470867156982,1,with_flow
35014,0,4.420841383377495,35014,Rickshaw,24704,823.2381271240447,-17.54199947623009,3.556108642254606,0.4836544828367313,1.7411561382122327,-6.32891747840552,0.014102073478606121,0.6160908511564576,-1.5716381235299552,-17.66038703918457,3.5160563516740213,29.865234375,81.5858154296875,0.4625349640846252,1,with_flow
35014,0,4.420841383377495,35014,Rickshaw,24705,823.2714512062631,-17.529396164995667,3.5757670793613285,0.2727564920468053,0.981923371368499,-6.3284906353626855,0.011305099202741087,0.5637548785865893,-1.5694673167473545,-17.840267181396484,3.513274666290585,29.7904052734375,76.39337158203125,0.508049488067627,1,with_flow
35014,0,4.420841383377495,35014,Rickshaw,24706,823.3047752884816,-17.52382061689022,3.5936825885820434,0.06187107825453175,0.2227358817163143,-6.328164014294881,0.008283830308224962,0.5114835692605318,-1.567759902483346,-17.823974609375,3.524211586181452,28.6453857421875,76.75390625,0.5220451354980469,1,with_flow
35014,0,4.420841383377495,35014,Rickshaw,24707,823.3380993707,-17.52527246928469,3.6098570664317498,-0.14900515380395518,-0.5364185536942386,-6.327938533278136,0.005443985216886303,0.45926144689691095,-1.5665108150817395,-17.779117584228516,3.5512074170595223,28.096435546875,77.751708984375,0.4298605322837829,1,with_flow
35014,1,4.420841383377495,35014,Rickshaw,24708,823.3714234529184,-17.533751470566212,3.6242919045090964,-0.35987539417432224,-1.29555141902756,-6.327801182672954,0.003146812911513448,0.407073924440324,-1.5656719590259554,-17.504581451416016,3.6198330856574734,27.720703125,83.15704345703125,0.5116756558418274,1,with_flow
35014,1,4.420841383377495,35014,Rickshaw,24709,823.4047475351368,-17.549257465981924,3.636988042105139,-0.5707422086210989,-2.054671951035956,-6.327728803973757,0.0015460907659249246,0.3549086303410711,-1.5651619679538598,-17.424781799316406,3.643679119087655,28.15966796875,84.34893798828125,0.430343747138977,1,with_flow
35014,1,4.420841383377495,35014,Rickshaw,24710,823.4380716173553,-17.571790372975475,3.6479460538328836,-0.7816073646385369,-2.8137865126987327,-6.327698138561352,0.0005773210318173738,0.30275608861526915,-1.5648919491291058,-17.54132080078125,3.670996227531376,28.2454833984375,81.73388671875,0.4100146293640136,1,with_flow
35014,1,4.420841383377495,35014,Rickshaw,24711,823.4713956995737,-17.601350155775226,3.6571662473856583,-0.9924719278557681,-3.572898940280765,-6.327690326586696,0.00012074934118026944,0.2506097287672924,-1.5647779008437326,-17.393606185913086,3.669260690024606,29.1929931640625,84.0462646484375,0.375600665807724,1,with_flow
35014,1,4.420841383377495,35014,Rickshaw,24712,823.5047197817921,-17.637936804240486,3.664648756035765,-1.203336389635783,-4.332011002688819,-6.327690090839406,1.2751970342279015e-06,0.19846558501697836,-1.564747789834069,-17.47429656982422,3.7317558291713215,29.6380615234375,80.844970703125,0.4617841839790344,1,with_flow
35014,1,4.420841383377495,35014,Rickshaw,24713,823.5380438640105,-17.681550317456995,3.67039361872446,-1.4142008582435448,-5.091123089676762,-6.327690241597154,-1.0323173057713575e-05,0.1463218826889491,-1.56474452206696,-17.700658798217773,3.700696395908495,28.7349853515625,74.26141357421875,0.3028548061847687,1,with_flow
3610_2,1,2.0951912688858583,3610,Car,2494,83.11026105275937,-16.173088902128654,3.793613526325609,-0.4105071883518185,-1.4778258780665465,8.782996328037807,0.002218522403325096,-0.2049868262603697,0.8257031839474434,-16.169265747070312,3.78534868807402,45.2818603515625,90.69378662109376,0.5881946682929993,1,with_flow
3610_2,1,2.0951912688858583,3610,Car,2495,83.1435851349778,-16.1818919295281,3.7872409992523073,-0.11782067901309348,-0.42415444444713657,8.783069287767557,0.00216027664479619,-0.1774708956868894,0.8257118738665179,-16.169265747070312,3.7770075347986136,42.8607177734375,86.776611328125,0.4080193936824798,1,with_flow
3610_2,1,2.0951912688858583,3610,Car,2496,83.17690921719623,-16.180941407342647,3.7817854216932174,0.1748682374706645,0.6295256548943922,8.783140306510859,0.0020303316906798616,-0.149954516886301,0.8257324193287958,-16.15390396118164,3.793689841349426,42.48486328125,87.8028564453125,0.3205651342868805,1,with_flow
3610_2,1,2.0951912688858583,3610,Car,2497,83.21023329941465,-16.170237257129866,3.7772468179338863,0.46755942840294323,1.6832139422505956,8.783204605647938,0.0017221479399374946,-0.12243704453325148,0.8257797494220682,-16.224905014038086,3.771119160994597,42.17138671875,82.91943359375,0.425662100315094,1,with_flow
3610_2,1,2.0951912688858583,3610,Car,2498,83.24355738163308,-16.14977940824925,3.773625241531774,0.7602525434620293,2.7369091564633057,8.783255084509944,0.0013574836678825542,-0.09491738827701984,0.8258654226140361,-16.255285263061523,3.758563612440562,43.05712890625,80.151123046875,0.5471755862236023,1,with_flow
3610_2,1,2.0951912688858583,3610,Car,2499,83.27688146385151,-16.119567804401655,3.7709207889365666,1.0529471308191636,3.790609670948989,8.783295079442656,0.001327572751925217,-0.06739404710445751,0.8260039809949151,-16.08808708190918,3.7944697067158537,44.1827392578125,81.29815673828125,0.7028078436851501,1,with_flow
3610_2,0,2.0951912688858583,3610,Car,2500,83.31020554606994,-16.07960239923891,3.7691336159438134,1.3456431355966911,4.844315288148088,8.783343564797017,0.0018555688629558445,-0.039864931791431385,0.8262145848112379,-16.07823371887207,3.779964494745751,44.1317138671875,80.19134521484375,0.7128332257270813,1,with_flow
3610_2,0,2.0951912688858583,3610,Car,2501,83.34352962828837,-16.02988313727236,3.7682639572524357,1.6383411537439903,5.898028153478365,8.783418749701358,0.0028930432188983396,-0.012327453002414335,0.826506692742971,-15.996732711791992,3.78610371696381,45.699462890625,81.1207275390625,0.7142643928527832,1,with_flow
3610_2,0,2.0951912688858583,3610,Car,2502,83.3768537105068,-15.970409933511046,3.768312137304591,1.9310423474717977,6.951752450898472,8.783536380817193,0.004240313858087086,0.015221136461027407,0.8268806283431345,-15.795598030090332,3.8201648158317214,45.13720703125,84.05303955078125,0.503356397151947,1,with_flow
3610_2,0,2.0951912688858583,3610,Car,2503,83.41017779272522,-15.901182656688558,3.769278570181741,2.223748273772069,8.005493785579448,8.783701358836636,0.005303949446115049,0.04278339058701641,0.8273222603843863,-15.816351890563965,3.7963022838849154,46.42041015625,81.91033935546875,0.6330563426017761,1,with_flow
3610_2,0,2.0951912688858583,3610,Car,2504,83.44350187494365,-15.822201125917607,3.771163742389445,2.516460189784632,9.059256683224675,8.783889879312042,0.00540335452719803,0.07036094742106516,0.8277902530936078,-15.862163543701172,3.762635375381928,49.3687744140625,79.67437744140625,0.6953402757644653,1,with_flow
3610_2,0,2.0951912688858583,3610,Car,2505,83.47682595716208,-15.733465135753704,3.7739681681527646,2.8091782190279537,10.113041588500634,8.784061482497675,0.004414836761090613,0.09795374121782913,0.8282269420763149,-15.89791774749756,3.71867161847171,46.524169921875,77.963134765625,0.6077495813369751,1,with_flow
3610_2,1,2.0951912688858583,3610,Car,2506,83.5101500393805,-15.63497449876011,3.7776923275119514,3.101901203941206,11.166844334188342,8.784184120078457,0.0029114099803714977,0.12555982275789002,0.828581390503411,-15.78499984741211,3.714730069629288,45.5120849609375,79.0374755859375,0.6709494590759277,1,with_flow
3610_2,1,2.0951912688858583,3610,Car,2507,83.54347412159893,-15.52672907893973,3.782336612256399,3.3946273829526143,12.220658578629411,8.78425552262879,0.0016947836234166916,0.15317602237389638,0.8288342229993486,-15.435586929321287,3.795734238183528,50.5814208984375,82.58746337890625,0.6944468021392822,1,with_flow
3610_2,1,2.0951912688858583,3610,Car,2508,83.57679820381736,-15.40872879470795,3.7879013045984053,3.687355387774527,13.274479395988298,8.784297074296076,0.0009847863086917235,0.18079911424917117,0.8289977411502608,-15.366975784301758,3.778319965185518,48.13720703125,82.72662353515625,0.5634910464286804,1,with_flow
3610_2,1,2.0951912688858583,3610,Car,2509,83.61012228603579,-15.280973598840264,3.794386587359788,3.980084468847552,14.328304087851187,8.784321156828627,0.000517013688298285,0.20842636451788732,0.8290862903909559,-15.29372787475586,3.775429354111685,46.790771484375,83.39788818359375,0.3910877108573913,1,with_flow
3610_2,1,2.0951912688858583,3610,Car,2510,83.64344636825422,-15.143463464315877,3.80179256060205,4.272814115198602,15.382130814714968,8.78433153230939,0.00017973101248800345,0.23605556714723422,0.8291189485887192,-15.167587280273438,3.806011572216256,48.0906982421875,84.1907958984375,0.5464372634887695,1,with_flow
3610_2,1,2.0951912688858583,3610,Car,2511,83.67677045047265,-14.996198379170982,3.81011926326018,4.565543941485619,16.43595818934823,8.784333135570702,-8.350862884753951e-05,0.26368531013848184,0.8291235490503303,-14.950553894042969,3.85278043175931,53.5672607421875,87.13018798828125,0.6377178430557251,1,with_flow
36783,1,4.420841383377495,36783,Rickshaw,25732,857.4952836445887,-4.020622784560011,-0.5564105830740904,9.359820847682151,33.695355051655746,-5.33851601832276,-0.0009602705887772345,0.15677550821025932,-0.7442522766238379,-3.707409858703613,-0.5258995357630938,72.655029296875,128.7855224609375,0.5645453929901123,1,with_flow
36783,1,4.420841383377495,36783,Rickshaw,25733,857.5286077268071,-3.7116795499283475,-0.5515994286770453,9.181918904308091,33.05490805550913,-5.338566735095404,-0.0020835805404210276,0.13197382577812644,-0.7442650792199047,-3.0549428462982178,-0.5299724961774399,66.71356201171875,129.884521484375,0.6436596512794495,1,with_flow
36783,1,4.420841383377495,36783,Rickshaw,25734,857.5619318090255,-3.408664767329719,-0.5476147803113472,9.004014772643231,32.41445318151563,-5.338654885141235,-0.0040630618777166855,0.1071711483376804,-0.7443197402452875,-3.218287229537964,-0.5064232586430806,65.7901611328125,135.0267333984375,0.5785958170890808,1,with_flow
36783,1,4.420841383377495,36783,Rickshaw,25735,857.5952558912439,-3.111578540071069,-0.5444567037436251,8.826106310163745,31.773982716589483,-5.338837530711547,-0.007929477338122626,0.0823652112607108,-0.7444718453364219,-3.0549428462982178,-0.5272018541559382,64.6470947265625,132.0322265625,0.4445009529590606,1,with_flow
36783,1,4.420841383377495,36783,Rickshaw,25736,857.6285799734624,-2.820421077375787,-0.5421253751575307,8.648189239472469,31.13348126210089,-5.3391833702507645,-0.013889942213197306,0.057551527738801345,-0.74479894094882,-2.962591290473938,-0.5622789644971657,67.33819580078125,128.75372314453125,0.4468129873275757,1,with_flow
36783,1,4.420841383377495,36783,Rickshaw,25737,857.6619040556808,-2.535192769912859,-0.5406211660152127,8.470256935884166,30.492924969182997,-5.339763269864191,-0.021876704690198662,0.032722809873051206,-0.7453882850697768,-2.870239734649658,-0.5973560748383933,70.029296875,125.4752197265625,0.4491250216960907,1,with_flow
36783,0,4.420841383377495,36783,Rickshaw,25738,857.6952281378992,-2.2558942676534848,-0.539944737802565,8.292300498776743,29.852281795596276,-5.340641412462293,-0.031567292898160744,0.007869011284463157,-0.7463141850391153,-2.650566021601359,-0.5687319172443733,71.47279866536458,129.86881510416666,0.4205145637194316,1,with_flow
36783,0,4.420841383377495,36783,Rickshaw,25739,857.7285522201176,-1.9825265503566842,-0.5400971227381823,8.114309118842655,29.21151282783356,-5.341867171992094,-0.04245989375022607,-0.017021902687549176,-0.7476211980220588,-2.43089230855306,-0.5401077596503533,72.91630045572917,134.26241048177084,0.3919041057427724,1,with_flow
36783,0,4.420841383377495,36783,Rickshaw,25740,857.7618763023361,-1.7150909820818296,-0.5410797745458414,7.936270644497725,28.57057432019181,-5.34347128644293,-0.053957136840726574,-0.04196309171193713,-0.7493353445851421,-2.2112185955047607,-0.5114836020563334,74.35980224609375,138.656005859375,0.3632936477661133,1,with_flow
36783,0,4.420841383377495,36783,Rickshaw,25741,857.7952003845545,-1.4535893450878012,-0.5428945990732379,7.758172246037361,27.929420085734503,-5.345463316120797,-0.06538969245557875,-0.06696853149502657,-0.7514827279463359,-1.990698218345642,-0.5085064181210774,75.54571533203125,136.2371826171875,0.3256780505180359,1,with_flow
36783,0,4.420841383377495,36783,Rickshaw,25742,857.8285244667729,-1.1980238502407803,-0.5455439848986549,7.580001159759218,27.288004175133185,-5.347829389418185,-0.07601662586432588,-0.09205331118657917,-0.7541059247773827,-1.8426156044006348,-0.5388636443578201,76.3001708984375,135.65625,0.5486779808998108,1,with_flow
36783,0,4.420841383377495,36783,Rickshaw,25743,857.8618485489914,-0.9483971213982961,-0.5490308508530385,7.401745506841595,26.646283824629744,-5.350529684701337,-0.08499463513629352,-0.11723427168662942,-0.7572662570109439,-1.66766619682312,-0.5514396830050812,76.26904296875,137.6904296875,0.2989774644374847,1,with_flow
36783,0,4.420841383377495,36783,Rickshaw,25751,858.1284412067388,-0.7047121507601668,-0.5533587127646977,7.223395227610863,26.004222819399107,-5.353494125836999,-0.09150226517534607,-0.1425304359233184,-0.7610313767010071,-0.2876450717449188,-0.619572480594325,80.82659912109375,145.146484375,0.4218373894691467,1,with_flow
36783,0,4.420841383377495,36783,Rickshaw,25752,858.1617652889572,-0.46697222123835447,-0.5585317576032075,7.044943075516656,25.361795071859962,-5.3566281427170885,-0.09532808966344483,-0.16796302247340006,-0.7654614769353365,-0.0974209681153297,-0.6121253961270288,81.13385009765625,147.8995361328125,0.63362056016922,1,with_flow
36783,0,4.420841383377495,36783,Rickshaw,25753,858.1950893711756,-0.23518080536613817,-0.564554907288319,6.866384853705353,24.71898547333927,-5.35984756803234,-0.09688811167605905,-0.1935547252641511,-0.7705821504179381,0.0652352422475814,-0.6139851160169876,80.4967041015625,144.3333740234375,0.4612954556941986,1,with_flow
36783,0,4.420841383377495,36783,Rickshaw,25754,858.2284134533941,-0.00934147213183717,-0.5714338473579222,6.687718873816705,24.07578794574014,-5.363085557516051,-0.09665776264857528,-0.21932848302460026,-0.7763834015734511,0.2400219887495041,-0.6040107426483896,80.01171875,144.46337890625,0.5540758371353149,1,with_flow
36783,0,4.420841383377495,36783,Rickshaw,25755,858.2617375356125,0.21054218753688153,-0.5791750162439235,6.508945427788003,23.432203540036813,-5.3662896304914405,-0.0950310717310593,-0.24530637241645062,-0.7828246207718518,0.4207046926021576,-0.6128486254565519,82.404296875,144.1287841796875,0.5396848320960999,1,with_flow
36783,0,4.420841383377495,36783,Rickshaw,25756,858.2950616178309,0.4244666192789076,-0.5877855610011296,6.3300663522544465,22.788238868116007,-5.369419204011393,-0.0923311831914304,-0.27150871921204617,-0.7898421846920981,0.5562228560447693,-0.6136570084202617,84.39453125,145.2928466796875,0.5069447159767151,1,with_flow
36783,0,4.420841383377495,36783,Rickshaw,25757,858.3283857000494,0.6324283505608546,-0.5972732667489968,6.151084667900833,22.143904804443,-5.372443334371432,-0.08878828680630037,-0.2979533759341656,-0.797351642033633,0.6180284023284912,-0.6555638172055054,83.5263671875,144.6788330078125,0.360953539609909,1,with_flow
36783,0,4.420841383377495,36783,Rickshaw,25758,858.3617097822678,0.8344240253959079,-0.6076464630619819,5.9720043168077375,21.499215540507855,-5.375336780350526,-0.08449909357059428,-0.324655051777075,-0.8052474647176313,0.8544585108757019,-0.6417875558247221,85.05535888671875,146.73907470703125,0.38194282352924347,1,with_flow
36783,0,4.420841383377495,36783,Rickshaw,25759,858.3950338644862,1.0304504329054835,-0.6189139054196005,5.792830062470693,20.854188224894497,-5.378075043854491,-0.07948968976590719,-0.35162441996517224,-0.8133925095174745,1.0908886194229126,-0.6280112944439389,86.5843505859375,148.79931640625,0.4029321074485779,1,with_flow
36783,0,4.420841383377495,36783,Rickshaw,25760,858.4283579467046,1.2205045344499026,-0.6310846240222576,5.613567473094248,20.208842903139292,-5.380634622265079,-0.0738140462672996,-0.37886717289676375,-0.8216276395573079,1.2884669303894043,-0.633531334429247,86.58917236328125,151.897216796875,0.4242529571056366,1,with_flow
36783,0,4.420841383377495,36783,Rickshaw,25761,858.4616820289231,1.4045834895679277,-0.6441677484546695,5.434222859888535,19.563202295598725,-5.382994614547863,-0.06756017585999556,-0.40638354028092605,-0.8297858482860724,1.486045241355896,-0.6390513744145552,86.593994140625,154.9951171875,0.4455738067626953,1,with_flow
36783,0,4.420841383377495,36783,Rickshaw,25762,858.4950061111415,1.5826846791372895,-0.6581723227398254,5.25480317756335,18.91729143922806,-5.385137383975179,-0.060831882289823586,-0.4341681489792124,-0.837698644465387,1.652021050453186,-0.650901034821862,87.0328369140625,159.5665283203125,0.3539178073406219,1,with_flow
36783,0,4.420841383377495,36783,Rickshaw,25763,858.5283301933599,1.7548057249148543,-0.6731071186454071,5.075315907763113,18.271137267947207,-5.387048947841719,-0.05373801823404006,-0.462210047747609,-0.8452002640679924,1.852399468421936,-0.6491129859073439,90.08074951171876,158.7489013671875,0.4349358677864074,1,with_flow
36783,0,4.420841383377495,36783,Rickshaw,25764,858.5616542755783,1.9209445050885479,-0.6889804518523924,4.895768939156524,17.624768180963486,-5.388718924250952,-0.04639550092480597,-0.4904928490136311,-0.8521312187243852,1.9925053119659424,-0.6789347643182864,86.309326171875,154.4488525390625,0.4793889820575714,1,with_flow
36783,0,4.420841383377495,36783,Rickshaw,25765,858.5949783577968,2.0810991657240936,-0.7058000055745326,4.716170436686581,16.97821357207169,-5.390141122816486,-0.03893322309758596,-0.5189950514731754,-0.8583442373213108,2.2548277378082275,-0.6601577670681809,84.5421142578125,162.2410888671875,0.389670580625534,1,with_flow
36783,0,4.420841383377495,36783,Rickshaw,25766,858.6283024400152,2.235268127673485,-0.7235726666597219,4.536528703293851,16.331503331857864,-5.391313752106017,-0.03152727083396486,-0.5476904240206183,-0.8637038913337555,2.398736953735352,-0.650901034821862,118.55950927734376,166.171630859375,0.5131199955940247,1,with_flow
36783,0,4.420841383377495,36783,Rickshaw,25767,858.6616265222336,2.3834500882222254,-0.7423043769808058,4.356851985410649,15.684667147478336,-5.392242357547273,-0.024409667402575063,-0.5765486429194764,-0.8681033599696991,2.58594822883606,-0.5681862539391935,104.3643798828125,167.3580322265625,0.3693086504936218,1,with_flow
36783,0,4.420841383377495,36783,Rickshaw,25768,858.6949506044521,2.5256440149052435,-0.7620000169269837,4.177148211150457,15.037733560141646,-5.392940611632913,-0.017839644727210207,-0.6055366264713427,-0.8714908676082046,2.71197509765625,-0.6477184177441306,97.06890869140624,167.813720703125,0.3861965239048004,1,with_flow
36783,1,4.420841383377495,36783,Rickshaw,25769,858.7282746866705,2.661849130198482,-0.7826633525702289,3.9974247020440705,14.390728927358655,-5.393431337122547,-0.01208289735374324,-0.6346211175494599,-0.8739099047983099,2.798722505569458,-0.7098094319352675,94.49676513671876,162.949951171875,0.2846260666847229,1,with_flow
36783,1,4.420841383377495,36783,Rickshaw,25770,858.7615987688889,2.7920648862355684,-0.8042970814544355,3.817687872171174,13.743676339816226,-5.3937459145626185,-0.0073675216984586435,-0.663771664400564,-0.8754798901041886,2.9004178047180176,-0.7499062159592538,96.3692626953125,162.2259521484375,0.5087612271308899,1,with_flow
36783,1,4.420841383377495,36783,Rickshaw,25771,858.7949228511073,2.9162909301527993,-0.8269029627558155,3.6379429740486,13.09659470657496,-5.393922368920198,-0.0038568590532761385,-0.6929626752718366,-0.8763698567146303,2.8836746215820312,-0.8271133584633639,96.37899780273438,156.58740234375,0.46796344965696335,1,with_flow
36783,1,4.420841383377495,36783,Rickshaw,25772,858.8282469333258,3.0345270620459823,-0.8504820035339332,3.4581939112257585,12.44949808041273,-5.394002967139011,-0.0015920997810307592,-0.7221747783673549,-0.876780132931771,2.866931438446045,-0.9043205009674739,96.38873291015625,150.9488525390625,0.4271656721830368,1,with_flow
36783,1,4.420841383377495,36783,Rickshaw,25773,858.8615710155442,3.146773188598895,-0.8750346781480597,3.278443185545701,11.802395467964523,-5.394028479448204,-0.0004324597616039835,-0.7513953743609671,-0.8769110158696372,2.8501882553100586,-0.9815276434715838,96.39846801757812,145.310302734375,0.38636789470911026,1,with_flow
36783,1,4.420841383377495,36783,Rickshaw,25774,858.8948950977626,3.2530292783994716,-0.9005611474749567,3.098692054272493,11.155291395380974,-5.394031789788315,0.0002337842158794956,-0.7806180554588229,-0.8769280728743558,2.8334450721740723,-1.058734785975694,96.408203125,139.6717529296875,0.3455701172351837,1,with_flow
37439,1,4.420841383377495,37439,Rickshaw,26264,875.2236953847923,-15.736150581854524,1.7950323833848965,2.197533358947485,7.911120092210946,5.40599026358133,0.001971791797870992,-0.2682638316472378,1.979445878124968,-15.136757850646973,1.9222790670304,38.4718017578125,100.6427001953125,0.3507218658924103,1,with_flow
37439,1,4.420841383377495,37439,Rickshaw,26265,875.2570194670108,-15.659918130633324,1.7871918207711548,2.3776836911958945,8.55966128830522,5.40602553804866,0.00014526379569664924,-0.2023005679090809,1.9794349623113907,-15.215045928955078,1.8864229118134908,38.85040283203125,97.73556518554688,0.4563627988100052,1,with_flow
37439,1,4.420841383377495,37439,Rickshaw,26266,875.2903435492292,-15.577682323527563,1.7815493938830802,2.5578343715876404,9.208203737715506,5.4059999451466725,-0.0028296840603203198,-0.13634004219120555,1.9792487570333215,-15.293334007263184,1.8505667565965815,39.22900390625,94.82843017578124,0.5620037317276001,1,with_flow
37439,1,4.420841383377495,37439,Rickshaw,26267,875.3236676314476,-15.489443196088006,1.7781048749419424,2.737982144389899,9.856735719803636,5.405836944800104,-0.008260392418727515,-0.07039170382063542,1.9786616524915526,-15.729205131530762,1.7166332178726829,38.1312255859375,82.35687255859375,0.5625466108322144,1,with_flow
37439,1,4.420841383377495,37439,Rickshaw,26268,875.356991713666,-15.395200937541988,1.7768575874405006,2.9181209817617617,10.505235534342342,5.405449405154436,-0.016190450352392027,-0.004473228622157377,1.9774141964537804,-15.694780826568604,1.7064370458975386,37.95733642578125,81.45571899414062,0.5718337297439575,1,with_flow
37439,1,4.420841383377495,37439,Rickshaw,26269,875.3903157958845,-15.29495598561956,1.7778061245077978,3.098242041967892,11.153671351084412,5.404757881002711,-0.02629103635164632,0.061389380629158774,1.9752736037319987,-15.660356521606444,1.6962408739223944,37.783447265625,80.5545654296875,0.5811208486557007,1,with_flow
37439,0,4.420841383377495,37439,Rickshaw,26270,875.4236398781029,-15.188709114308896,1.7809480916792118,3.278334064655557,11.802002632760006,5.403697155840456,-0.038069874065074505,0.12716310888367427,1.9720528896603886,-15.782611846923828,1.7196604295680231,37.2396240234375,76.852294921875,0.6056186556816101,1,with_flow
37439,0,4.420841383377495,37439,Rickshaw,26271,875.4569639603213,-15.076461505921879,1.786279899717031,3.458383906437538,12.450182063175136,5.402220593775931,-0.05088868405693896,0.19280954107799922,1.9676144556970243,-15.37231159210205,1.727667709636055,37.8734130859375,84.73028564453125,0.5697373747825623,1,with_flow
37439,0,4.420841383377495,37439,Rickshaw,26272,875.4902880425398,-14.958214802183944,1.7937966108874317,3.6383772736145734,13.098158185012464,5.400305518457454,-0.06413966861218033,0.25828638977736945,1.9618622560081818,-15.278498331705729,1.7249986162800446,38.005900065104164,84.97635904947917,0.5679488182067871,1,with_flow
37439,0,4.420841383377495,37439,Rickshaw,26273,875.5236121247582,-14.833971130349786,1.8034918321135218,3.8182994105443906,13.745877877959806,5.397945802595341,-0.07734632883272022,0.32354881515163825,1.9547395551362499,-15.184685071309406,1.7223295229240339,38.138387044270836,85.22243245442708,0.566160261631012,1,with_flow
37439,0,4.420841383377495,37439,Rickshaw,26274,875.5569362069766,-14.703733110039261,1.8153576525168624,3.9981356072006378,14.393288185922296,5.395150527614824,-0.09003066346447303,0.38855081206157904,1.9462343664533988,-15.090871810913086,1.7196604295680231,38.2708740234375,85.468505859375,0.5643717050552368,1,with_flow
37439,0,4.420841383377495,37439,Rickshaw,26275,875.590260289195,-14.567503843019239,1.8293846308466615,4.177871729202245,15.040338225128082,5.391945424132402,-0.1016671874601334,0.4532468306474341,1.9363874513075805,-14.997058550516764,1.7169913362120126,38.403361002604164,85.71457926432292,0.5625831484794617,1,with_flow
37439,0,4.420841383377495,37439,Rickshaw,26276,875.6235843714135,-14.425286884470305,1.845561841615263,4.357494800574112,15.686981282066803,5.388374596187148,-0.11167441922282519,0.5175936868951179,1.9253017224320343,-14.903245290120442,1.714322242856002,38.535847981770836,85.96065266927083,0.5607945919036865,1,with_flow
37439,0,4.420841383377495,37439,Rickshaw,26277,875.6569084536319,-14.277086193823694,1.8638769903818073,4.536993648691567,16.33317713528964,5.384502529076649,-0.1194063725614769,0.5815528098770438,1.9131530455148815,-14.80943202972412,1.7116531494999914,38.6683349609375,86.20672607421875,0.5590060353279114,1,with_flow
37439,0,4.420841383377495,37439,Rickshaw,26278,875.6902325358503,-14.122906062938641,1.8843166101784716,4.716359620857983,16.97889463508874,5.3804163806338625,-0.124146914411644,0.6450928721446565,1.9002024318705382,-14.691454887390137,1.7197876278090891,38.287109375,87.2413330078125,0.5985026359558105,1,with_flow
37439,0,4.420841383377495,37439,Rickshaw,26279,875.7235566180688,-13.96275101908648,1.9068663525537792,4.895587380367978,17.62411456932472,5.376228365110613,-0.12516581037352642,0.7081928397943524,1.8868084492542092,-14.149066925048828,1.8455247744357004,39.8701171875,99.72119140625,0.5680907964706421,1,with_flow
37439,0,4.420841383377495,37439,Rickshaw,26280,875.7568807002872,-13.796625700354046,1.9315113858573298,5.0746757461273315,18.268832686058396,5.372074309122215,-0.1219765761128186,0.7708452757386542,1.8734236651103169,-13.599594116210938,1.958103555739596,43.6533203125,112.2413330078125,0.5757035613059998,1,with_flow
37439,0,4.420841383377495,37439,Rickshaw,26281,875.7902047825056,-13.624534706300585,1.9582368924178175,5.253628260467424,18.913061737682725,5.368098850208401,-0.1146015179058497,0.8330586847014005,1.8605419812249107,-12.92112922668457,2.1346586172148427,46.0797119140625,126.905517578125,0.5551881790161133,1,with_flow
37439,0,4.420841383377495,37439,Rickshaw,26282,875.823528864724,-13.44648243907133,1.9870286112911328,5.432453172533453,19.55683142112043,5.364436328312113,-0.10364990804180624,0.8948578459386989,1.8486334189592535,-12.61544704437256,2.212173615608277,46.1500244140625,133.4495849609375,0.555633008480072,1,with_flow
37439,0,4.420841383377495,37439,Rickshaw,26283,875.8568529469425,-13.262472956212129,2.017873352221232,5.611162744883675,20.20018588158123,5.361190774093366,-0.09015255301366695,0.9562816598276194,1.838064753728668,-12.423840522766112,2.230783587552993,45.796875,133.489990234375,0.560849130153656,1,with_flow
37439,0,4.420841383377495,37439,Rickshaw,26284,875.8901770291609,-13.072509855816461,2.050759399784445,5.789772076000084,20.8431794736003,5.358427826134456,-0.07526629084167544,1.0173789642818845,1.8290636604328006,-12.35171890258789,2.235498970046087,44.01416015625,134.25408935546875,0.5848552584648132,1,with_flow
37439,0,4.420841383377495,37439,Rickshaw,26285,875.9235011113793,-12.876596203665038,2.0856767666841813,5.968297799492509,21.485872078173035,5.356174413964798,-0.06008450069812449,1.0782038812782453,1.8217217745725272,-12.26828956604004,2.230783587552993,42.6929931640625,134.625244140625,0.5273255109786987,1,with_flow
37439,0,4.420841383377495,37439,Rickshaw,26286,875.9568251935978,-12.674734502861815,2.1226172971716157,6.146756862013819,22.12832470324975,5.354423304451821,-0.04555324780680169,1.1388115545159736,1.816012436883085,-12.16684913635254,2.233744095568221,41.5567626953125,133.2342529296875,0.4224148392677307,1,with_flow
37439,0,4.420841383377495,37439,Rickshaw,26287,875.9901492758162,-12.466926701376455,2.1615746397113056,6.325165473805075,22.770595705698273,5.353138373614337,-0.03245857956313602,1.199254598651515,1.8118144910323597,-12.128442764282227,2.2373297731811035,41.728118896484375,131.70530700683594,0.4258911609649658,1,with_flow
37439,1,4.420841383377495,37439,Rickshaw,26288,876.0234733580346,-12.25317423168447,2.202544114514534,6.503538232053156,23.412737635391363,5.35225999970371,-0.02139276776993088,1.2595803330852235,1.808935029132202,-12.090036392211914,2.2409154507939864,41.89947509765625,130.17636108398438,0.4293674826622009,1,with_flow
37439,1,4.420841383377495,37439,Rickshaw,26289,876.056797440253,-12.033478076262352,2.2455225014378115,6.6818874582513414,24.05479484970483,5.351712584910247,-0.012710686336980493,1.3198287702958775,1.8071323449413041,-12.051630020141602,2.2445011284068688,42.070831298828125,128.6474151611328,0.432843804359436,1,with_flow
37439,1,4.420841383377495,37439,Rickshaw,26290,876.0901215224715,-11.807838850770354,2.2905077738078203,6.860222803332623,24.696802091997444,5.351412855790618,-0.006513905642066081,1.3800313890866758,1.8061401217055402,-12.013223648071287,2.248086806019751,42.2421875,127.11846923828124,0.4363201260566711,1,with_flow
37439,1,4.420841383377495,37439,Rickshaw,26291,876.1234456046899,-11.576256895733056,2.3374988050368097,7.0385511340949,25.33878408274164,5.351278445055889,-0.0026468497759221843,1.4402107355331601,1.8056929199398621,-11.935958226521809,2.2551707605015383,42.234822591145836,123.17960611979166,0.4038049181302388,1,with_flow
37439,1,4.420841383377495,37439,Rickshaw,26292,876.1567696869083,-11.338732367204576,2.386495076311427,7.216876707740202,25.980756147864728,5.3512364481115124,-0.0007113544733220036,1.5003808917854404,1.8055525865644801,-11.85869280497233,2.2622547149833254,42.227457682291664,119.24074300130208,0.3712897102038065,1,with_flow
37439,1,4.420841383377495,37439,Rickshaw,26293,876.1900937691267,-11.095265317035707,2.437496414535472,7.395201615806743,26.622725816904275,5.351231034585978,0.00038645277015803003,1.5605488214140542,1.8055344529015127,-11.781427383422852,2.2693386694651125,42.2200927734375,115.3018798828125,0.3387745022773742,1,with_flow
3779,1,4.420841383377495,3779,Rickshaw,2533,84.40990025927806,-21.992905849054704,2.564897693655188,-0.4455441287488422,-1.603958863495832,11.998718382723641,0.00300433256091992,0.18574309510692433,0.45026576635183746,-21.98863983154297,2.5601660051441444,25.560546875,62.00921630859375,0.3911088407039642,1,with_flow
3779,1,4.420841383377495,3779,Rickshaw,2534,84.44322434149649,-22.001090924610192,2.5713374213951528,-0.045696185157216185,-0.16450626656597828,11.998818338825792,0.0029946984998930138,0.20074785924262983,0.4502705122460836,-21.995912551879883,2.562211111591864,25.88818359375,61.35565185546875,0.3923912048339844,1,with_flow
3779,1,4.420841383377495,3779,Rickshaw,2535,84.47654842371492,-21.995951378953656,2.5782771726590377,0.35415508549244656,1.2749583077728077,11.998917973881701,0.002972752236618753,0.2157528738891312,0.45028231375485234,-21.96902656555176,2.5792528374403068,26.9111328125,61.6737060546875,0.3490718901157379,1,with_flow
3779,1,4.420841383377495,3779,Rickshaw,2536,84.50987250593334,-21.9774871015105,2.5857169616049474,0.7540096609390259,2.7144347793804933,11.999016467305688,0.0029096308077873547,0.23075854910508403,0.4503121094697027,-21.950550079345703,2.59003967405092,26.3865966796875,61.74322509765625,0.3127048313617706,1,with_flow
3779,1,4.420841383377495,3779,Rickshaw,2537,84.54319658815177,-21.945697983082344,2.59365682235548,1.153867474626765,4.153922908656354,11.999111895434229,0.002773979738492737,0.24576567316898118,0.45037093513686877,-21.95531463623047,2.582385426757953,25.7650146484375,62.0030517578125,0.3517575860023498,1,with_flow
3779,1,4.420841383377495,3779,Rickshaw,2538,84.5765206703702,-21.900583917976775,2.6020968211254187,1.5537283770543413,5.593422157395628,11.999201347963444,0.002551433672894138,0.26077537854399413,0.4504690721684246,-21.892757415771484,2.623506471513569,27.968017578125,62.9853515625,0.3076557219028473,1,with_flow
3779,0,4.420841383377495,3779,Rickshaw,2539,84.60984475258863,-21.84214480711878,2.611037068170436,1.9535921209679192,7.032931635484509,11.99928194380521,0.002237254645002801,0.2757891904363602,0.4506188889737688,-21.820106506347656,2.6528152879802374,28.4580078125,63.617431640625,0.3664243221282959,1,with_flow
3779,0,4.420841383377495,3779,Rickshaw,2540,84.64316883480706,-21.770380561301515,2.6204777299280972,2.3534583594363907,8.472450093971007,11.999350456878911,0.0018172752747759088,0.29080888518893633,0.4508202291629917,-21.790407180786133,2.641828340329285,28.8607177734375,63.587158203125,0.3856324255466461,1,with_flow
3779,0,4.420841383377495,3779,Rickshaw,2541,84.67649291702548,-21.68529110480788,2.630419027795147,2.753326626207228,9.91197585434602,11.99940306186655,0.0012920711449195261,0.3058358567824366,0.4510503042111933,-21.708038330078125,2.627116275989469,28.1650390625,64.05181884765625,0.3026693761348724,1,with_flow
3779,0,4.420841383377495,3779,Rickshaw,2542,84.70981699924391,-21.58687637951612,2.6408612138251364,3.153196335232688,11.351506806837678,11.999436571049042,0.0006907869199515107,0.3208704767080488,0.4512729669446218,-21.64124870300293,2.617793372273252,27.8076171875,64.964599609375,0.3583609759807586,1,with_flow
3779,0,4.420841383377495,3779,Rickshaw,2543,84.74314108146234,-21.47513634839795,2.651804532008771,3.5530668137210513,12.791040529395785,11.999449101546782,7.258253348450685e-05,0.3359118988031922,0.4514536800092306,-21.56927299499512,2.6178696557372114,28.554443359375,66.76336669921875,0.4132035970687866,1,with_flow
3779,1,4.420841383377495,3779,Rickshaw,2544,84.77646516368077,-21.350070997480053,2.66324918107982,3.952937365398572,14.23057451543486,11.999441408541669,-0.0004526922511586491,0.3509583311601533,0.4515718719402262,-21.51274871826172,2.619783483665559,28.3961181640625,67.52313232421875,0.3622863292694092,1,with_flow
3779,1,4.420841383377495,3779,Rickshaw,2555,85.14303006808348,-21.211680334822205,2.6751952923665767,4.352807390070535,15.670106604253927,11.999418930439187,-0.0007279614711697363,0.36600764146254733,0.45162878383477256,-21.20015525817871,2.681663920015489,28.44140625,64.64642333984375,0.3658216595649719,1,with_flow
3779,1,4.420841383377495,3779,Rickshaw,2556,85.1763541503019,-21.05996438429666,2.687642931392703,4.752676572117041,17.109635659621347,11.999392891245835,-0.0006730254073205622,0.3810581367962778,0.45164736755268436,-20.887561798095703,2.7072710370426964,28.7587890625,64.9180908203125,0.337453156709671,1,with_flow
3779,1,4.420841383377495,3779,Rickshaw,2557,85.20967823252033,-20.894923173774885,2.7005921209515082,5.152544984633478,18.54916194468052,11.99937407453117,-0.00040093479708105793,0.39610894212010905,0.451650355298273,-20.69687334696452,2.713690320102081,28.334716796875,64.83610026041667,0.3341631094614665,1,with_flow
3779,1,4.420841383377495,3779,Rickshaw,2558,85.24300231473876,-20.71655672380383,2.714042865459697,5.552412954124149,19.988686634846935,11.99936616967755,-0.0001360879397908913,0.4111597696509842,0.45164990268263266,-20.684710820515953,2.720109603161465,27.91064453125,64.75410970052083,0.3308730622132619,1,with_flow
3779,1,4.420841383377495,3779,Rickshaw,2559,85.27632639695719,-20.524865043596428,2.727995164732202,5.9522807898106445,21.428210843318322,11.999365004519781,6.615906613660627e-05,0.4262105841900376,0.4516497445632412,-20.672548294067383,2.7265288862208497,27.486572265625,64.672119140625,0.3275830149650574,1,with_flow
37836,1,4.420841383377495,37836,Rickshaw,26591,886.1206702702183,-19.30873367292827,2.530355533846722,2.7502600614032544,9.900936221051715,-7.350809880461094,-0.0019668126960965537,0.24724455046844937,-1.4177089617037026,-19.423959732055664,2.496139697212708,36.29638671875,86.43975830078125,0.3652855157852173,1,opposing
37836,1,4.420841383377495,37836,Rickshaw,26592,886.1539943524367,-19.221165308597367,2.5378075508242723,2.5053000591020402,9.019080212767346,-7.350869683809122,-0.0016223843077695062,0.2000005647695167,-1.4177134275055767,-19.390031814575195,2.496066607010031,36.1199951171875,86.09954833984375,0.3566440045833587,1,opposing
37836,1,4.420841383377495,37836,Rickshaw,26593,886.1873184346551,-19.14176004328206,2.543685209241821,2.2603382137583523,8.137217569530069,-7.350918009397218,-0.0009942622969065385,0.1527570813939941,-1.417669183834703,-19.31125259399414,2.5026904953293365,37.1009521484375,86.61236572265625,0.3228059113025665,1,opposing
37836,1,4.420841383377495,37836,Rickshaw,26594,886.2206425168736,-19.070517928898095,2.5479885648239797,2.0153752006584833,7.25535072237054,-7.350935949566179,0.0003093514481354613,0.10551683561145064,-1.4175050269130316,-19.13690757751465,2.5276096419536764,35.6107177734375,86.9859619140625,0.4304971098899841,1,opposing
37836,1,4.420841383377495,37836,Rickshaw,26595,886.253966599092,-19.007438982921325,2.5507178087940026,1.770412451954143,6.373484827034916,-7.350897391691034,0.0024420394957749493,0.05828536093498293,-1.417125371105893,-18.95656967163086,2.5581883119901563,34.6910400390625,88.552001953125,0.3331105411052704,1,opposing
37836,1,4.420841383377495,37836,Rickshaw,26596,886.2872906813104,-18.952523159802208,2.551873372862364,1.5254523349634663,5.491628405868479,-7.3507731921163035,0.00541140382497601,0.01107162642442261,-1.4164222251959107,-18.7696475982666,2.600997882350333,35.04998779296875,92.45297241210938,0.3483754098415375,1,opposing
37836,0,4.420841383377495,37836,Rickshaw,26597,886.3206147635289,-18.905770319115877,2.5514560474435424,1.2804981625127132,4.6097933850457675,-7.350536731559073,0.009048713077198834,-0.03611184305207438,-1.4152939202027568,-18.582725524902344,2.6438074527105098,35.408935546875,96.35394287109376,0.3636402785778045,1,opposing
37836,0,4.420841383377495,37836,Rickshaw,26598,886.3539388457473,-18.867180196576946,2.5494670921380047,1.0355540070668634,3.7279944254407082,-7.3501701119991925,0.013012207289301294,-0.08324959076860439,-1.4136707414640188,-18.560590744018555,2.64537356996593,35.2635498046875,98.91864013671876,0.4616294205188751,1,opposing
37836,0,4.420841383377495,37836,Rickshaw,26599,886.3872629279657,-18.836752384705736,2.545908310808652,0.7906243114489655,2.846247521216276,-7.349669491827969,0.0168766338851762,-0.13032471912699495,-1.4115384497285288,-18.575424194335938,2.6295687006540502,33.9410400390625,98.22711181640624,0.4288368821144104,1,opposing
37836,0,4.420841383377495,37836,Rickshaw,26600,886.4205870101841,-18.814486328546064,2.540782067037624,0.545713404411575,1.9645682558816702,-7.349045315328873,0.020233623631933793,-0.1773208693775245,-1.40894315551728,-18.527368545532227,2.614434771018201,32.825439453125,98.5413818359375,0.4265742003917694,1,opposing
37836,0,4.420841383377495,37836,Rickshaw,26601,886.4539110924026,-18.80038133710904,2.5340912335460715,0.30082504992152637,1.0829701797174949,-7.3483209579529944,0.022681130686132242,-0.22422414529571735,-1.405985340954699,-18.45286750793457,2.6045257264533306,32.2706298828125,99.66473388671876,0.5255875587463379,1,opposing
37836,0,4.420841383377495,37836,Rickshaw,26602,886.487235174621,-18.794436609428413,2.5258390811812754,0.05596200763501208,0.20146322748604348,-7.3475336596012895,0.023802498471388833,-0.2710248172428757,-1.4028138753385964,-18.709163665771484,2.528551299225059,32.9755859375,92.915283203125,0.4834374189376831,1,opposing
37836,0,4.420841383377495,37836,Rickshaw,26603,886.5205592568394,-18.796651276023315,2.5160291142176976,-0.18887444872893466,-0.6799480154241648,-7.346734565120865,0.023339332668744744,-0.31771882368053583,-1.3996162447855394,-19.064884185791016,2.4537168662744624,34.609130859375,86.0565185546875,0.460897833108902,1,opposing
37836,0,4.420841383377495,37836,Rickshaw,26604,886.5538833390578,-18.80702445464691,2.5046648658072663,-0.43368484553896014,-1.5612654439402565,-7.3459781359197365,0.021428695468208008,-0.3643085042189611,-1.3965819812046414,-19.3975887298584,2.364644745687833,34.513427734375,79.32867431640625,0.4610179960727691,1,opposing
37836,0,4.420841383377495,37836,Rickshaw,26605,886.5872074212763,-18.825555309270566,2.491749691490764,-0.6784713609944149,-2.4424968995798935,-7.345306381901633,0.01862029467824482,-0.4108019481143661,-1.3938589312857275,-19.26056861877441,2.3895053491886697,34.08203125,81.52178955078125,0.4728363156318664,1,opposing
37836,0,4.420841383377495,37836,Rickshaw,26606,886.6205315034947,-18.852243095519224,2.4772866089003416,-0.9232371812180595,-3.3236538523850143,-7.344737127458158,0.01554840066521546,-0.4572109053337259,-1.3915167988751413,-18.81420135498047,2.496403318671878,34.4278564453125,89.04364013671875,0.4861390292644501,1,opposing
37836,0,4.420841383377495,37836,Rickshaw,26607,886.6538555857131,-18.88708718107648,2.461278218282903,-1.1679857436233587,-4.204748677044091,-7.3442701095373675,0.012517340583762566,-0.5035483536096823,-1.3895681469513659,-18.88250732421875,2.4591156066819058,34.667236328125,86.53851318359375,0.4830313324928283,1,opposing
37836,0,4.420841383377495,37836,Rickshaw,26608,886.6871796679316,-18.93008704710379,2.4437266826368975,-1.4127204113843614,-5.0857934809837015,-7.343902869684619,0.009582385466560744,-0.5498275492092217,-1.3880225255085836,-19.17509078979492,2.35717322390156,34.8902587890625,78.93865966796875,0.4035558104515075,1,opposing
37836,1,4.420841383377495,37836,Rickshaw,26609,886.72050375015,-18.98124228549098,2.4246337179050363,-1.657444459555014,-5.966800054398051,-7.343631461135095,0.006879388754340653,-0.5960620248650556,-1.3868812795097516,-18.96480369567871,2.4074759592633663,35.8775634765625,81.98583984375,0.4532006382942199,1,opposing
37836,1,4.420841383377495,37836,Rickshaw,26610,886.7538278323684,-19.0405525936986,2.404000595235028,-1.9021609048214256,-6.847779257357132,-7.343444371051695,0.004547393552125625,-0.6422647148135799,-1.386106335727082,-19.07689094543457,2.377406791804771,36.697509765625,78.84527587890625,0.4014746844768524,1,opposing
37836,1,4.420841383377495,37836,Rickshaw,26611,886.7871519145868,-19.10801776275675,2.3818281804973576,-2.146872338159259,-7.7287404173733325,-7.343328385701874,0.0026372602569621146,-0.6884469040513368,-1.3856400184674333,-19.193164825439453,2.361408907588736,38.348876953125,76.38983154296875,0.3670214414596557,1,opposing
37836,1,4.420841383377495,37836,Rickshaw,26612,886.8204759968053,-19.18363766249949,2.3581169983333368,-2.391580888745995,-8.609691199485582,-7.343268602496426,0.0012224777902268794,-0.734617699863771,-1.3854091286283794,-19.21345615386963,2.3617465062676053,37.64813232421875,75.31448364257812,0.32945005595684046,1,opposing
37836,1,4.420841383377495,37836,Rickshaw,26613,886.8538000790237,-19.26741222484567,2.332867313059037,-2.63628813524618,-9.490637286886248,-7.34324690980109,0.0003714087117265694,-0.7807835550725737,-1.3853291828717065,-19.233747482299805,2.3620841049464745,36.9473876953125,74.2391357421875,0.2918786704540252,1,opposing
37836,1,4.420841383377495,37836,Rickshaw,26614,886.8871241612421,-19.359341423886395,2.3060792211414323,-2.8809950225145045,-10.371582081052216,-7.343243848787534,-0.00018769691217812579,-0.826948104470085,-1.3853182121432481,-18.971359252929688,2.4078133805388315,36.2728271484375,79.96112060546875,0.3457886278629303,1,opposing
37900_0,1,4.420841383377495,37900,Rickshaw,26644,887.886846627795,-1.2048068404469927,3.5712665958812893,4.067340099941591,14.642424359789727,-5.012736046418505,-0.0012858640727699822,0.40426839921394425,-2.466955686405818,-1.233715534210205,3.5886728872608598,89.494140625,96.86767578125,0.4810738563537597,1,with_flow
37900_0,1,4.420841383377495,37900,Rickshaw,26645,887.9201707100134,-1.0720497800961348,3.5833686949314014,3.9002945734932046,14.041060464575537,-5.012777916065888,-0.0012270121773700542,0.3220589907495721,-2.466980048873561,-1.1168491840362549,3.594177714904227,91.080078125,101.1981201171875,0.6939307451248169,1,with_flow
37900_0,1,4.420841383377495,37900,Rickshaw,26646,887.9534947922318,-0.9448593816603191,3.5927312241553584,3.7332476739095566,13.439691626074405,-5.012817824527868,-0.0011238084954511049,0.23984844609335154,-2.467028213742277,-0.7486253678798676,3.531903442996184,91.6187744140625,98.40966796875,0.6254284977912903,1,with_flow
37900_0,1,4.420841383377495,37900,Rickshaw,26647,887.9868188744503,-0.8232356891137306,3.599354127763624,3.566199525751274,12.838318292704587,-5.012852815839288,-0.001024496029727926,0.15763556399757422,-2.4671219741384034,-0.781166136264801,3.617168486521045,91.2940673828125,115.7301025390625,0.7007184624671936,1,with_flow
37900_0,1,4.420841383377495,37900,Rickshaw,26648,888.0201429566687,-0.7071787416565976,3.6032373020754065,3.3991502549675756,12.236940917883272,-5.0128861053077225,-0.0010678851919007333,0.07541880902054915,-2.4672599718596917,-0.681278645992279,3.612659601590854,93.6580810546875,121.2349853515625,0.6355606913566589,1,with_flow
37900_0,1,4.420841383377495,37900,Rickshaw,26649,888.0534670388871,-0.5966885768440049,3.6043805937390827,3.2320998178425517,11.635559344233187,-5.012923988427158,-0.001317809182860786,-0.006803281576062803,-2.4674429894832692,-0.5935317873954773,3.6116444993099854,95.4332275390625,126.66259765625,0.6765405535697937,1,with_flow
37900_0,0,4.420841383377495,37900,Rickshaw,26650,888.0867911211055,-0.49176523744284156,3.6027837988071796,3.0650479387468526,11.03417257948867,-5.012973934870838,-0.001777145855050305,-0.0890323188675556,-2.4676785782546,-0.6548081934452057,3.56660372633071,97.13641357421875,123.73291015625,0.6226543486118317,1,with_flow
37900_0,0,4.420841383377495,37900,Rickshaw,26651,888.120115203324,-0.3924087795672364,3.5984466547645213,2.8979940970806197,10.43277874949023,-5.013042431936333,-0.002316011797204306,-0.1712702106652173,-2.4679745372128816,-0.7160845994949341,3.5215629533514345,98.839599609375,120.80322265625,0.5687681436538696,1,with_flow
37900_0,0,4.420841383377495,37900,Rickshaw,26652,888.1534392855424,-0.2986192792198823,3.5913688342050967,2.730937662445078,9.83137558480228,-5.013128292805936,-0.0026459498304925912,-0.25351881515014146,-2.4683155515593116,-0.3049607276916504,3.6037078257969664,101.413818359375,139.35888671875,0.4273896813392639,1,with_flow
37900_0,0,4.420841383377495,37900,Rickshaw,26653,888.1867633677608,-0.21039683047734925,3.5815499635146986,2.5638782467544123,9.229961688315885,-5.013218779635728,-0.0025635023095937695,-0.3357788411502848,-2.468650571842117,-0.1160017475485801,3.604379829893425,97.086669921875,138.3743896484375,0.7192952036857605,1,with_flow
37900_0,1,4.420841383377495,37900,Rickshaw,26654,888.2200874499792,-0.12774153243064407,3.5689896754680968,2.3968159473537587,8.628537410473532,-5.0132991455294,-0.0021045352645057856,-0.4180491982943576,-2.468928042004597,0.0586489364504814,3.637101178250129,102.0133056640625,140.7860107421875,0.4231809675693512,1,with_flow
37900_0,1,4.420841383377495,37900,Rickshaw,26655,888.2534115321977,-0.05065347334121753,3.5536876651738694,2.229751292378979,8.027104652564326,-5.0133590430481,-0.0014508376687014833,-0.5003273366813065,-2.469114929184097,0.0874455943703651,3.5905448479857327,98.3704833984375,136.473876953125,0.5368488430976868,1,with_flow
37900_0,1,4.420841383377495,37900,Rickshaw,26656,888.2867356144161,0.02086728050444417,3.535643724712495,2.062685029085773,7.425666104708783,-5.013395841196915,-0.0008179692051345301,-0.5826101897909662,-2.4692140168225505,0.1249922215938568,3.549552598101826,98.175048828125,131.424560546875,0.3988394439220428,1,with_flow
37900_0,1,4.420841383377495,37900,Rickshaw,26657,888.3200596966345,0.0868206878603305,3.5148577414087527,1.8956178761919604,6.824224354291058,-5.013413559194188,-0.0003612907805764626,-0.6648952448255238,-2.4692528315143827,0.0017411175649613,3.475027911495584,99.79638671875,121.3145751953125,0.3732652068138122,1,with_flow
37900_0,1,4.420841383377495,37900,Rickshaw,26658,888.353383778853,0.1472067282807096,3.491329668871744,1.7285503420882908,6.222781231517847,-5.013419920564268,-0.0001091922728791918,-0.7471810698048134,-2.469264578868957,0.1537078917026519,3.485630603372268,101.8450927734375,126.4805908203125,0.5032498240470886,1,with_flow
37900_0,1,4.420841383377495,37900,Rickshaw,26659,888.3867078610714,0.20202539418101423,3.4650594926274314,1.5614827015638992,5.621337725630037,-5.013420836658746,5.421134514449477e-05,-0.8294670853990009,-2.469266169266562,0.0859108045697212,3.450311359559247,104.576171875,119.5740966796875,0.42103311419487,1,with_flow
3795,1,4.420841383377495,3795,Rickshaw,2538,84.5765206703702,-8.552121621570816,4.373032362849752,1.0770813981502292,3.877493033340825,4.30077970036568,0.0010046481356340564,0.06560611993178013,-0.004913631498444279,-8.618424415588379,4.325377424587104,46.1495361328125,85.3974609375,0.4235076308250427,1,with_flow
3795,1,4.420841383377495,3795,Rickshaw,2539,84.60984475258863,-8.51384086982096,4.375215898866383,1.2204015385427098,4.393445538753755,4.300816426939581,0.0011995580393506014,0.06544246251439945,-0.004903403589230391,-8.579371452331543,4.381941080902495,52.5355224609375,84.495849609375,0.4512927532196045,1,with_flow
3795,1,4.420841383377495,3795,Rickshaw,2540,84.64316883480706,-8.470784084692069,4.377393995345367,1.363722989298683,4.909402761475259,4.300859648707138,0.0015294757566071417,0.06527999584555921,-0.004832251408651123,-8.487993240356445,4.400405227248665,54.1734619140625,87.42529296875,0.4545639604330063,1,with_flow
3795,1,4.420841383377495,3795,Rickshaw,2541,84.67649291702548,-8.422951217339804,4.379566736507415,1.5070461113516151,5.425366000865814,4.300918363691309,0.0021421974285779004,0.06512170263075423,-0.004644614838305694,-8.396615028381348,4.418869373594837,55.8114013671875,90.354736328125,0.4578351676464081,1,with_flow
3795,1,4.420841383377495,3795,Rickshaw,2542,84.70981699924391,-8.370342201637227,4.381734334550647,1.6503715857254249,5.941337708611529,4.301002422233614,0.003037507533306865,0.06497219824528666,-0.004299823140302639,-8.348626136779785,4.420238927878008,54.7410888671875,89.987060546875,0.4405750036239624,1,with_flow
3795,1,4.420841383377495,3795,Rickshaw,2543,84.74314108146234,-8.31295694340778,4.383897173942112,1.7937004098154086,6.457321475335471,4.301120807992867,0.004182980881254172,0.06483707429365479,-0.003780792419854073,-8.26209316253662,4.413813234642272,53.3191650390625,89.833642578125,0.4295423924922943,1,with_flow
3795,0,4.420841383377495,3795,Rickshaw,2544,84.77646516368077,-8.250795310464648,4.3860558303814585,1.9370338604339128,6.973321897562086,4.301281210231224,0.005523635101363834,0.06472208214291686,-0.003094512046272868,-8.175560188293456,4.407387541406536,51.8972412109375,89.680224609375,0.4185097813606262,1,with_flow
3795,0,4.420841383377495,3795,Rickshaw,2545,84.8097892458992,-8.183857124182675,4.3882110635068585,2.080373434658266,7.489344364769758,4.301488948133392,0.006971038196521557,0.06463240229335099,-0.0022673282279992435,-8.089027214050294,4.400961848170801,50.4753173828125,89.526806640625,0.40747717022895813,1,with_flow
3795,0,4.420841383377495,3795,Rickshaw,2546,84.84311332811762,-8.112142153698196,4.390363788151696,2.2237207509996493,8.005394703598737,4.301745817131241,0.00840553089374183,0.06457209188328983,-0.0013393896566125107,-8.00249423980713,4.394536154935065,49.0533935546875,89.373388671875,0.39644455909729,1,with_flow
3795,0,4.420841383377495,3795,Rickshaw,2547,84.87643741033605,-8.035650114001065,4.392515030273465,2.3670774158942085,8.52147869721915,4.302049161338577,0.009683011997289449,0.06454371724969521,-0.0003590953485756998,-7.915961265563965,4.38811046169933,47.6314697265625,89.219970703125,0.3854119479656219,1,with_flow
3795,0,4.420841383377495,3795,Rickshaw,2548,84.90976149255448,-7.954380668948913,4.394665873720576,2.5104448630515113,9.03760150698544,4.302391172107081,0.010652208488547409,0.0645481714805759,0.0006224559008778385,-7.917996406555176,4.3620825437965145,49.72314453125,92.9246826171875,0.4549103081226349,1,with_flow
3795,0,4.420841383377495,3795,Rickshaw,2549,84.94308557477291,-7.86833343994379,4.396817404118366,2.653824179017303,9.55376704446229,4.302759111481538,0.011209710783670869,0.06458469452720095,0.0015591289614595993,-7.884781360626221,4.3582875301662565,48.620361328125,92.744140625,0.3932844698429107,1,with_flow
3795,0,4.420841383377495,3795,Rickshaw,2550,84.97640965699134,-7.777508019766912,4.398970659073045,2.7972159842051596,10.069977543138576,4.30313827875468,0.011325421784226526,0.06465126959748568,0.002423473416092392,-7.742629528045654,4.413088861060791,47.7572021484375,95.7142333984375,0.29767706990242,1,with_flow
3795,0,4.420841383377495,3795,Rickshaw,2551,85.00973373920976,-7.6819039887045495,4.401126597826492,2.940620408322938,10.586233469962577,4.30351393005493,0.010981379817805873,0.06474531719371934,0.0032066498925686915,-7.658707618713379,4.423796575752971,48.44873046875,94.9622802734375,0.3774263858795166,1,with_flow
3795,0,4.420841383377495,3795,Rickshaw,2552,85.04305782142819,-7.581520931072635,4.403286088902678,3.0840370731310474,11.10253346327177,4.303870167562521,0.010158358937396242,0.06486394526303446,0.003895439435630088,-7.693033695220947,4.410218828781885,49.489990234375,94.0313720703125,0.5200836062431335,1,with_flow
3795,0,4.420841383377495,3795,Rickshaw,2553,85.07638190364662,-7.476358452793726,4.405449894797449,3.2274650588645195,11.61887421191227,4.304190966031798,0.00893162185750081,0.06500361403095478,0.00446457434573766,-7.705446243286133,4.41210994907445,47.7230224609375,90.022705078125,0.3882716000080108,1,with_flow
3795,0,4.420841383377495,3795,Rickshaw,2554,85.10970598586505,-7.36641619866424,4.407618644623144,3.3709029808515822,12.135250731065696,4.304465443764768,0.007509461802926364,0.06515982479037433,0.004882633624957056,-7.446193218231201,4.4351791329960815,46.1097412109375,90.4571533203125,0.4727163016796112,1,with_flow
3795,0,4.420841383377495,3795,Rickshaw,2555,85.14303006808348,-7.251693864032879,4.4097927991978905,3.5143492394902225,12.651657262164802,4.304691457876872,0.006087265294066949,0.06532694044628085,0.005111603814857313,-7.24640941619873,4.428599595527914,42.7210693359375,90.951171875,0.4348212480545044,1,with_flow
3795,0,4.420841383377495,3795,Rickshaw,2567,85.54291905470461,-7.132191197689302,4.411972607884771,3.6578022505428742,13.168088101954348,4.304871148823057,0.004730446022168897,0.0654978242126325,0.005098836997459499,-7.083230972290039,4.322709632189393,51.011962890625,87.0994873046875,0.4692815244197845,1,with_flow
3795,0,4.420841383377495,3795,Rickshaw,2568,85.57624313692304,-7.007907999869809,4.41415805106785,3.8012605108346293,13.684537839004665,4.305006733421217,0.003412117751569203,0.06566345560532086,0.004790226789018637,-6.972229480743408,4.410093345440395,56.451416015625,90.2130126953125,0.4389019310474396,1,with_flow
3795,0,4.420841383377495,3795,Rickshaw,2569,85.60956721914147,-6.878844119980078,4.416348784786261,3.9447225619324278,14.20100122295674,4.305098560208042,0.0020791181535887117,0.06581360560523569,0.004168580542700084,-6.858226776123047,4.326438651753157,57.0362548828125,93.378173828125,0.4901945888996124,1,with_flow
3795,0,4.420841383377495,3795,Rickshaw,2570,85.6428913013599,-6.7449994561741144,4.4185441187218855,4.08818692724782,14.717472938092152,4.305145302829801,0.000697443699702463,0.06593782283246002,0.0032377804469400084,-6.788189888000488,4.367856669807997,56.3892822265625,93.97509765625,0.4710500538349151,1,with_flow
3795,0,4.420841383377495,3795,Rickshaw,2571,85.67621538357832,-6.606373956740598,4.420743023877589,4.2316520709553025,15.23394745543909,4.305145043550425,-0.0007086612326958886,0.06602648796770133,0.002046395643552801,-6.733994483947754,4.370458113332404,59.292236328125,95.690185546875,0.3036176562309265,1,with_flow
3795,0,4.420841383377495,3795,Rickshaw,2572,85.70953946579675,-6.462967621965326,4.422944185145787,4.37511642035605,15.75041911328178,4.305098071859434,-0.00203307874063547,0.06607225201201955,0.0006799774908538003,-6.525974591573079,4.410093345440395,58.6656494140625,100.59053548177083,0.2992936074733734,1,with_flow
3795,0,4.420841383377495,3795,Rickshaw,2573,85.74286354801518,-6.314780503514198,4.425146095834473,4.518578492162154,16.266882571783757,4.305009542584206,-0.003157491317671615,0.0660711264493174,-0.0007473805218316532,-6.317954699198405,4.449728577548387,58.0390625,105.49088541666667,0.2949695587158203,1,with_flow
3795,0,4.420841383377495,3795,Rickshaw,2574,85.77618763023361,-6.1618126989244715,4.427347182347729,4.66203703336972,16.783333320130993,4.304887630858886,-0.004033761365043439,0.06602313062750144,-0.0021132700317397905,-6.1099348068237305,4.489363809656378,57.4124755859375,110.3912353515625,0.2906455099582672,1,with_flow
3795,0,4.420841383377495,3795,Rickshaw,2575,85.80951171245204,-6.004064342788431,4.429545937878157,4.8054910740869206,17.299767866712916,4.30474069979345,-0.004677029731379041,0.06593216528276248,-0.0033111882032343665,-6.056671619415283,4.492959067053107,57.0792236328125,111.37310791015625,0.3644845336675644,1,with_flow
3795,0,4.420841383377495,3795,Rickshaw,2576,85.84283579467046,-5.841535597639572,4.431741038652052,4.948939899919863,17.816183639711507,4.304575915412273,-0.005067327026316754,0.06580511131334207,-0.004270872203899878,-6.003408432006836,4.496554324449836,56.7459716796875,112.35498046875,0.4383235573768616,1,with_flow
3795,0,4.420841383377495,3795,Rickshaw,2577,85.87615987688889,-5.6742266456048505,4.433931421656465,5.092383063348174,18.332579028053427,4.304402971748544,-0.00504432770918693,0.06565050992807958,-0.004963089367043483,-6.0080742835998535,4.526489020127778,53.158447265625,110.1829833984375,0.5942919254302979,1,with_flow
3795,1,4.420841383377495,3795,Rickshaw,2593,86.40934519238374,-5.502137677135476,4.436116316860369,5.235820557329658,18.84895400638677,4.304239720229638,-0.004366216092650235,0.06547715660150505,-0.005403383611950863,-5.013696670532227,4.425627024081178,60.9095458984375,112.4620361328125,0.5535024404525757,1,with_flow
3795,1,4.420841383377495,3795,Rickshaw,2594,86.44266927460217,-5.325268870892667,4.438295229232866,5.3792531450646495,19.36531132223274,4.304111971460435,-0.003145513746287826,0.06529249833563634,-0.005653081620762834,-4.985822677612305,4.409449607619731,59.9805908203125,109.46435546875,0.6333247423171997,1,with_flow
3795,1,4.420841383377495,3795,Rickshaw,2595,86.4759933568206,-5.1436203678262435,4.44046787552008,5.52268223655186,19.8816560515867,4.304030077512237,-0.00185139221841317,0.06510179032038782,-0.005775856053286815,-4.985822677612305,4.440277706843016,59.79833984375,113.67138671875,0.6935508251190186,1,with_flow
3795,1,4.420841383377495,3795,Rickshaw,2596,86.50931743903902,-4.957192259437195,4.4426341148617485,5.666109301589022,20.39799348572048,4.303988579567425,-0.0008387133274408132,0.06490840167200444,-0.005821785399906909,-4.934112548828125,4.403894752216279,59.6822509765625,108.3642578125,0.6199784874916077,1,with_flow
3795,1,4.420841383377495,3795,Rickshaw,2597,86.54264152125745,-4.765984593078794,4.44479389214743,5.809535476639167,20.914327715901,4.303974178808474,-0.00024564219760206694,0.06471414660118949,-0.005833577945463131,-4.842650413513184,4.423711422118783,58.9517822265625,106.171630859375,0.5042809844017029,1,with_flow
3795,1,4.420841383377495,3795,Rickshaw,2598,86.57596560347588,-4.569997386129456,4.446947192158444,5.9529614167823794,21.430661100416568,4.303972207965846,0.0001273588123638092,0.0645197139828614,-0.005834937812705471,-4.819800853729248,4.43433682163125,60.36767578125,104.43798828125,0.4249204099178314,1,with_flow
38297,1,4.420841383377495,38297,Rickshaw,26949,898.0506917044155,-0.9345060903966941,3.9515549878007095,0.5628121181281269,2.026123625261257,6.312101711581908,0.0017270560850306538,-0.3512959095371143,-0.38323775337163873,-0.7952572107315063,4.129079847832456,83.382080078125,129.6859130859375,0.4398296177387237,1,with_flow
38297,1,4.420841383377495,38297,Rickshaw,26950,898.0840157866339,-0.9122461065178402,3.939635579615814,0.7731579715572285,2.783368697606023,6.312152022477715,0.0012924356732834273,-0.36406732757074156,-0.3832791849423535,-0.7672818005084991,3.878790609321668,81.8863525390625,130.76190185546875,0.36841282248497004,1,with_flow
38297,1,4.420841383377495,38297,Rickshaw,26951,898.1173398688524,-0.8829765141124546,3.92729052113532,0.983505306367542,3.5406191029231513,6.312187850047185,0.0005572008603078554,-0.3768432597309759,-0.38354368307158593,-0.7393063902854919,3.8779697637687884,80.390625,131.837890625,0.2969960272312164,1,with_flow
38297,1,4.420841383377495,38297,Rickshaw,26952,898.1506639510708,-0.8466972752486979,3.91451950095063,1.1938533250562833,4.29787197020262,6.312189158892277,-0.0008760328189900765,-0.3896344309268285,-0.3842228478241587,-0.7488647103309631,3.878790609321668,70.0059814453125,118.3555908203125,0.4280449748039245,1,with_flow
38297,1,4.420841383377495,38297,Rickshaw,26953,898.1839880332892,-0.80340839093744,3.9013217501089175,1.4042004518989464,5.055121626836207,6.312129464067813,-0.0031479839016538627,-0.40245740040063427,-0.38547659055601,-0.96714848279953,3.8771489182159087,81.3426513671875,110.86279296875,0.365589827299118,1,with_flow
38297,1,4.420841383377495,38297,Rickshaw,26954,898.2173121155076,-0.7531099302678531,3.8876958637432004,1.6145441595744625,5.812358974468065,6.311979351543555,-0.006220033154969352,-0.41533364485973434,-0.38744148566225434,-0.8934832811355591,3.840667682103047,79.815185546875,106.6026611328125,0.6825941801071167,1,with_flow
38297,0,4.420841383377495,38297,Rickshaw,26955,898.2506361977261,-0.6958020621449968,3.873639648909153,1.8248810166003364,6.569571659761211,6.311714910275298,-0.009895360552184674,-0.42828887994832077,-0.39023475632215643,-0.9357295036315918,3.802051218612952,81.212890625,104.0120849609375,0.6932122111320496,1,with_flow
38297,0,4.420841383377495,38297,Rickshaw,26956,898.2839602799445,-0.6314850817665887,3.859149995582066,2.0352069165493942,7.326744899577819,6.311319843926311,-0.013902546172918404,-0.441352260201944,-0.3939430135346722,-0.8590951561927795,3.804574604639354,84.982421875,103.2861328125,0.5994411706924438,1,with_flow
38297,0,4.420841383377495,38297,Rickshaw,26957,898.3172843621629,-0.5601594283867397,3.84422278168727,2.24551737873384,8.083862563441823,6.310788331091874,-0.017926328241128865,-0.45455513609149645,-0.39861103206424886,-0.7453122735023499,3.7778789403217927,82.4542236328125,103.51416015625,0.5806344151496887,1,with_flow
38297,0,4.420841383377495,38297,Rickshaw,26958,898.3506084443814,-0.481825691798752,3.8288528227805707,2.4558079076358004,8.840908467488882,6.310125087053947,-0.021684698860670513,-0.4679297053774345,-0.4042451714110822,-0.5603810548782349,3.782918261431605,81.462646484375,109.5406494140625,0.6456607580184937,1,with_flow
38297,0,4.420841383377495,38297,Rickshaw,26959,898.3839325265998,-0.39648460729969837,3.8130338653257283,2.666074312272502,9.597867524181009,6.309343085716445,-0.02498487047642906,-0.48150771256336955,-0.410812335020891,-0.4789307713508606,3.756026743755413,81.897705078125,110.970947265625,0.6349161267280579,1,with_flow
38297,0,4.420841383377495,38297,Rickshaw,26960,898.4172566088182,-0.3041370416734529,3.7967586226071224,2.876312917239309,10.354726502061512,6.308459891298001,-0.027705557657003367,-0.4953192390783522,-0.41824631069452956,-0.3385505974292755,3.745232811008618,87.308349609375,112.5028076171875,0.4448972940444946,1,with_flow
38297,0,4.420841383377495,38297,Rickshaw,26961,898.4505806910366,-0.2047839737398176,3.780018848633396,3.086520693547223,11.111474496770002,6.307496561153906,-0.02977192163513456,-0.5093915800793529,-0.4264457864209392,-0.1741399765014648,3.729366205311954,88.942626953125,113.1826171875,0.5845933556556702,1,with_flow
38297,0,4.420841383377495,38297,Rickshaw,26962,898.4839047732551,-0.09842647116558399,3.7628054504423996,3.2966953462626956,11.868103246545704,6.306475647369261,-0.03117188135070337,-0.5237480851190128,-0.4352756148591608,-0.0991887673735618,3.730864199660023,92.1722412109375,110.5618896484375,0.4435394406318664,1,with_flow
38297,0,4.420841383377495,38297,Rickshaw,26963,898.5172288554735,0.014934334344171879,3.7451086379948757,3.5068353227023894,12.624607161728601,6.305419012479838,-0.031928796225086965,-0.5384070684733624,-0.44456979885305525,0.0972710475325584,3.7260026367615753,93.6160888671875,114.430908203125,0.2811830043792724,1,with_flow
38297,0,4.420841383377495,38297,Rickshaw,26964,898.5505529376919,0.13529727136945063,3.7269181075350057,3.7169397876782058,13.38098323564154,6.304347651708181,-0.03210471593313234,-0.5533809294660716,-0.454141040846026,0.22095360979437828,3.7229708125777163,90.268310546875,115.73236083984375,0.28065796196460724,1,with_flow
38297,0,4.420841383377495,38297,Rickshaw,26965,898.5838770199103,0.2626611518115024,3.7082232487656857,3.9270085568741506,14.137230804746942,6.303279292093128,-0.03180868624232486,-0.5686755989501571,-0.4637899318088734,0.3446361720561981,3.7199389883938574,86.9205322265625,117.0338134765625,0.280132919549942,1,with_flow
38297,0,4.420841383377495,38297,Rickshaw,26966,898.6172011021288,0.3970247905321897,3.689013365394388,4.137041970047706,14.893351092171743,6.302227661156982,-0.031141376426421122,-0.5842902933171973,-0.47331456310605446,0.3269477188587188,3.730864199660023,75.7525634765625,116.046875,0.430938571691513,1,with_flow
38297,0,4.420841383377495,38297,Rickshaw,26967,898.6505251843472,0.5383870206763622,3.6692778983301073,4.347040769024705,15.649346768488938,6.30120377651627,-0.03011658979094307,-0.6002176117014253,-0.4825221670850883,0.5098460912704468,3.697456300127687,80.863037109375,119.93505859375,0.3253474235534668,1,with_flow
38297,0,4.420841383377495,38297,Rickshaw,26968,898.6838492665656,0.6867467064231644,3.6490066382953446,4.557006085343087,16.405221907235113,6.300220445728318,-0.028685896161821444,-0.6164440871116725,-0.49124233047626653,0.6887416839599609,3.697456300127687,85.885009765625,120.3203125,0.483690083026886,1,with_flow
38297,0,4.420841383377495,38297,Rickshaw,26969,898.7171733487841,0.8421027571164107,3.6281899154222135,4.766939506035346,17.160982221727245,6.299291914191858,-0.026851487562838627,-0.6329509325359388,-0.4993265324854699,1.0634269714355469,3.694237137948617,90.572265625,127.3504638671875,0.4661993384361267,1,with_flow
38297,0,4.420841383377495,38297,Rickshaw,26970,898.7504974310025,1.0044541428627387,3.6068187631894375,4.976843082880449,17.916635098369618,6.2984308433698555,-0.02474955292610451,-0.6497148951405294,-0.5066573120540048,1.0668723583221436,3.64504920558104,83.24951171875,123.17529296875,0.4967256188392639,1,with_flow
38297,0,4.420841383377495,38297,Rickshaw,26971,898.7838215132209,1.1737999078796781,3.584885048064444,5.186719168715017,18.67218900737406,6.297642401918701,-0.022560722697484072,-0.6667094474279031,-0.5131550448584603,1.2789913415908811,3.6373729602659086,88.723876953125,121.727294921875,0.3532686829566955,1,with_flow
38297,0,4.420841383377495,38297,Rickshaw,26972,898.8171455954393,1.3501391766774962,3.562381559067448,5.3965702052395645,19.427652738862434,6.296927212613699,-0.02041934850908165,-0.6839059084251597,-0.5187693797321056,1.425719141960144,3.610450219590516,92.243896484375,122.9652099609375,0.3742154538631439,1,with_flow
38297,0,4.420841383377495,38297,Rickshaw,26973,898.8504696776578,1.5334711546834605,3.539302063196217,5.606398582320044,20.183034896352158,6.296281489821574,-0.018438076640986005,-0.7012744427142134,-0.5234819123642942,1.5187896490097046,3.570410625989073,93.0875244140625,120.22509765625,0.490078330039978,1,with_flow
38297,0,4.420841383377495,38297,Rickshaw,26974,898.8837937598762,1.723795124162492,3.515641326091822,5.8162065041506175,20.938343414942224,6.2956983486498315,-0.0166643120911075,-0.7187851164592457,-0.5273039876174657,1.7145711183547974,3.600296713134167,98.0809326171875,126.9736328125,0.3991715013980865,1,with_flow
38297,0,4.420841383377495,38297,Rickshaw,26975,898.9171178420946,1.921110436898441,3.4913950999584826,6.025995938915723,21.693585380096604,6.295170844009099,-0.015046056320826997,-0.7364088030712375,-0.5302746815888922,1.5257937908172607,3.512157734455501,97.6243896484375,117.283935546875,0.3043456673622131,1,with_flow
38297,0,4.420841383377495,38297,Rickshaw,26976,898.950441924313,2.1254165066711463,3.4665600780889414,6.235768657089688,22.448767165522877,6.294695556614035,-0.013291768856066455,-0.7541183890637031,-0.5324751800261356,1.6999762058258057,3.5228278396259167,98.5462646484375,123.8712158203125,0.3304129838943481,1,with_flow
38297,0,4.420841383377495,38297,Rickshaw,26983,899.183710499842,2.3367128068232206,3.441133807235466,6.445526552852146,23.203895590267727,6.294284972012723,-0.010975214752433817,-0.7718898943272033,-0.5340108213754216,2.849047899246216,3.4319188841885166,112.12451171875,140.5123291015625,0.5561417937278748,1,with_flow
38297,1,4.420841383377495,38297,Rickshaw,26984,899.2170345820605,2.554998883989079,3.4151145697060046,6.655272204435028,23.958979935966102,6.293964078696485,-0.008146697199914418,-0.7897033011447772,-0.5350124603908971,2.940784136454264,3.397830051255027,112.08040364583333,140.4686279296875,0.5177553594112396,1,with_flow
38297,1,4.420841383377495,38297,Rickshaw,26985,899.2503586642789,2.7802743826266862,3.3885012410231234,6.865008811923215,24.714031722923576,6.293742009598126,-0.005317295537416759,-0.8075430223085556,-0.5356111808245344,3.032520373662313,3.3637412183215374,112.03629557291667,140.4249267578125,0.4793689250946045,1,with_flow
38297,1,4.420841383377495,38297,Rickshaw,26986,899.2836827464973,3.0125390552508207,3.361293145179617,7.074739559288204,25.469062413437538,6.293609690709148,-0.0029385222485289802,-0.8253976675497706,-0.5359269470074,3.1242566108703613,3.3296523853880475,111.9921875,140.3812255859375,0.44098249077796936,1,with_flow
38297,1,4.420841383377495,38297,Rickshaw,26987,899.3170068287158,3.2517927529414297,3.3334899218663834,7.284467112067226,26.224081603442013,6.2935461624841045,-0.0012672309069547995,-0.8432595913360319,-0.5360637670971957,3.2159928480784097,3.2955635524545577,111.94807942708333,140.3375244140625,0.40259605646133423,1,with_flow
38297,1,4.420841383377495,38297,Rickshaw,26988,899.3503309109342,3.4980354026837723,3.305091411383933,7.494193331209966,26.97909599235588,6.2935252320952815,-0.00035568801903086076,-0.8611242858987874,-0.5361052411199482,3.3077290852864585,3.2614747195210683,111.90397135416667,140.2938232421875,0.3642096221446991,1,with_flow
38297,1,4.420841383377495,38297,Rickshaw,26989,899.3836549931526,3.751266978927659,3.2760975621813833,7.7039192141182,27.73410917082552,6.293522456530524,0.00018910790203108263,-0.8789896323184385,-0.5361104940513998,3.399465322494507,3.2273858865875784,111.85986328125,140.2501220703125,0.3258231878280639,1,with_flow
38996,1,2.0951912688858583,38996,Car,27489,916.0456961023666,-18.265603830261107,1.7016593506464057,-3.4357890664741983,-12.368840639307114,8.041966854465496,0.0022053743866763398,-1.068176642295793,2.7013879386298743,-18.2259464263916,1.732042300188998,61.2772216796875,89.724609375,0.5818716287612915,1,opposing
38996,1,2.0951912688858583,38996,Car,27490,916.079020184585,-18.375633055505503,1.6675632863742251,-3.167796803410141,-11.404068492276508,8.04203154325427,0.001677030436971461,-0.9781550464852087,2.7014040393984993,-18.323110580444336,1.591970071457253,63.3983154296875,87.41607666015625,0.62748122215271,1,opposing
38996,1,2.0951912688858583,38996,Car,27491,916.1123442668035,-18.476731650869592,1.6364671131520323,-2.899802616224247,-10.43928941840729,8.042078625465825,0.0007956266872759205,-0.8881333871948036,2.7013892715279177,-18.545316696166992,1.6380321558365574,62.987060546875,82.43109130859375,0.5786123275756836,1,opposing
38996,1,2.0951912688858583,38996,Car,27492,916.1456683490219,-18.56889956640387,1.6083708150059988,-2.631807488410894,-9.47450695827922,8.042084570312554,-0.0005718876620618597,-0.7981127383879714,2.701344908105169,-18.76453971862793,1.5707332873012791,61.079833984375,78.45660400390625,0.547766923904419,1,opposing
38996,1,2.0951912688858583,38996,Car,27493,916.1789924312403,-18.65213679649243,1.5832743436996166,-2.363813015906567,-8.509726857263642,8.042040510202884,-0.0017287273377876485,-0.7080939053009416,2.7012837576259034,-18.70565414428711,1.5835262016106093,60.20166015625,79.9990234375,0.5852248072624207,1,opposing
38996,1,2.0951912688858583,38996,Car,27494,916.2123165134587,-18.726443387759,1.5611776341464427,-2.095820556285503,-7.544954002627811,8.041969353808678,-0.0020245497936586185,-0.6180770002762779,2.7012346675610335,-18.646068572998047,1.5862181208713395,60.02001953125,79.93109130859375,0.6293239593505859,1,opposing
38996,0,2.0951912688858583,38996,Car,27495,916.2456405956772,-18.79181941585777,1.54208063471642,-1.8278304301976809,-6.580189548711651,8.041905577675326,-0.0015354344092400332,-0.528061097207419,2.7012277351726546,-18.58610916137696,1.591970071457253,60.890869140625,80.32513427734375,0.6505550742149353,1,opposing
38996,0,2.0951912688858583,38996,Car,27496,916.2789646778956,-18.84826494979806,1.5259833390956619,-1.559842010766997,-5.6154312387611895,8.04186701992369,-0.0010132394151414134,-0.4380444924931688,2.701276849439788,-18.798553466796875,1.5443416924191262,60.897705078125,75.67572021484375,0.5513947010040283,1,opposing
38996,0,2.0951912688858583,38996,Car,27497,916.312288760114,-18.895780034047604,1.5128858005601726,-1.2918546433555582,-4.650676716080009,8.041838047128172,-0.0011154763603332966,-0.34802546223951303,2.7013696995797263,-19.00566291809082,1.5073257624449332,61.741943359375,71.42779541015625,0.5722851157188416,1,opposing
38996,0,2.0951912688858583,38996,Car,27498,916.3456128423325,-18.93436470339261,1.5027881198095838,-1.0238684591046678,-3.6859264527768043,8.0417926754718,-0.0017342396018942175,-0.2580029542083172,2.701481275595876,-19.043964385986328,1.4860141140522365,63.600341796875,69.66650390625,0.625732958316803,1,opposing
38996,0,2.0951912688858583,38996,Car,27499,916.3789369245509,-18.96401900899889,1.495690418595358,-0.7558842093739895,-2.721183153746362,8.041722463242012,-0.00231596901459708,-0.16797674404517898,2.701588794956373,-18.9666748046875,1.483589009511958,63.779052734375,69.86968994140625,0.6400279402732849,1,opposing
38996,0,2.0951912688858583,38996,Car,27500,916.4122610067693,-18.984743027688065,1.4915928150733044,-0.4879025730197626,-1.7564492628711454,8.041638320388085,-0.0025130678126385818,-0.07794722018820041,2.7016786151387833,-18.973133087158203,1.4850866490532186,63.12548828125,72.9468994140625,0.5354872345924377,1,opposing
38996,1,2.0951912688858583,38996,Car,27501,916.4455850889877,-18.9965368515191,1.490495408463458,-0.21992376629890464,-0.7917255586760568,8.041554971885194,-0.0022998038310108426,0.012084912328762354,2.701744824018662,-18.98053359985352,1.4811553896082614,60.6331787109375,73.87957763671875,0.4817231297492981,1,opposing
38996,1,2.0951912688858583,38996,Car,27502,916.4789091712062,-18.99940057187599,1.4923982722056681,0.04805245569742386,0.1729888405107259,8.041485042684183,-0.0017707229875326667,0.10211883922305012,2.701786628082688,-18.95541381835937,1.4882942800109928,59.259765625,75.66259765625,0.3878014683723449,1,opposing
38996,1,2.0951912688858583,38996,Car,27503,916.5122332534246,-18.993334265598826,1.4973014531492974,0.3160266980652502,1.1376961130349008,8.041436956448349,-0.0011070413630861573,0.19215380811934957,2.7018084067940107,-18.961044311523438,1.498535157644085,57.59942626953125,74.82443237304688,0.39084988832473755,1,opposing
38996,1,2.0951912688858583,38996,Car,27504,916.545557335643,-18.978337986051656,1.505204976150789,0.5839997201399599,2.102398992503856,8.041411260409378,-0.0005243368254762156,0.2821892661446511,2.7018171840304657,-18.9666748046875,1.5087760352771773,55.9390869140625,73.98626708984375,0.3938983082771301,1,opposing
38996,1,2.0951912688858583,38996,Car,27505,916.5788814178615,-18.954411762346698,1.5161088515726155,0.8519721818735768,3.0670998547448765,8.041402010361384,-0.00015811691672857456,0.3722248934761942,2.7018195089828954,-18.961044311523438,1.520612833937654,56.398193359375,74.5357666015625,0.3685033917427063,1,opposing
38996,1,2.0951912688858583,38996,Car,27506,916.6122055000799,-18.921555605564993,1.5300130824066114,1.119944491423372,4.031800169124139,8.041400722207111,8.080620403916328e-05,0.4622605554998395,2.7018197717336827,-18.958229064941406,1.5324496325981305,56.8572998046875,75.08526611328125,0.3431084752082824,1,opposing
39322_0,1,4.420841383377495,39322,Rickshaw,27754,924.87657789025,-7.300782976336244,4.452039949202377,-2.6820268762621744,-9.655296754543828,15.622944827515196,0.003925356700364091,-0.745475033801669,4.353974107466758,-7.260682582855225,4.458819910687192,54.0162353515625,127.6397705078125,0.3847696483135223,1,with_flow
39322_0,1,4.420841383377495,39322,Rickshaw,27755,924.9099019724684,-7.3814844395777675,4.429615216579375,-2.1614044108228576,-7.781055878962287,15.623074722136733,0.0038704841984799104,-0.600382249317231,4.354009021730945,-7.536540985107422,4.389332416349909,52.77197265625,119.1339111328125,0.4332218468189239,1,with_flow
39322_0,1,4.420841383377495,39322,Rickshaw,27756,924.9432260546869,-7.4448365651738655,4.412025586283508,-1.640777646880981,-5.906799528771532,15.623202788182507,0.0038516238570819724,-0.45528838353027085,4.354039713355613,-7.454975843429565,4.403572942440414,51.5277099609375,110.6280517578125,0.4816740453243255,1,with_flow
39322_0,1,4.420841383377495,39322,Rickshaw,27757,924.9765501369053,-7.490839210643469,4.399271093807136,-1.1201466162388654,-4.032527818459916,15.62333142579691,0.003940358488478888,-0.3101933900399977,4.354080040189343,-7.595713138580322,4.379089853384473,50.9852294921875,116.824462890625,0.6585789918899536,1,with_flow
39322_0,1,4.420841383377495,39322,Rickshaw,27758,925.0098742191237,-7.519492232721386,4.39135178610939,-0.5995112279168155,-2.158240420500536,15.623465405842987,0.004209762996231681,-0.16509657319486767,4.354154026392786,-7.406679153442383,4.415359979445913,48.0184326171875,121.529541015625,0.6145363450050354,1,with_flow
39322_0,1,4.420841383377495,39322,Rickshaw,27759,925.0431983013422,-7.530795481887127,4.388267748401509,-0.07887118222078582,-0.28393625599482897,15.623611998773322,0.004644683570999841,-0.019996290501981928,4.354292723814575,-7.432338237762451,4.414983174614637,48.4102783203125,120.09912109375,0.6281347870826721,1,with_flow
39322_0,0,4.420841383377495,39322,Rickshaw,27760,925.0765223835606,-7.524748795006212,4.3900191365670365,0.44177401771252794,1.5903864637651006,15.623774965477384,0.0051256805841746345,0.125109993146508,4.354516123768044,-7.467245101928711,4.403236585585376,48.147705078125,115.1636962890625,0.5871797800064087,1,with_flow
39322_0,0,4.420841383377495,39322,Rickshaw,27761,925.109846465779,-7.50135199118083,4.39660619904862,0.9624249162786708,3.464729698603215,15.623953615975747,0.005540146884475726,0.27022521046182757,4.354828679588216,-7.44270658493042,4.403909299295453,46.518798828125,113.14794921875,0.4487508833408355,1,with_flow
39322_0,0,4.420841383377495,39322,Rickshaw,27762,925.1431705479974,-7.4606048723667495,4.40802928245918,1.48308198137445,5.33909513294802,15.624144206097945,0.005788374969239779,0.4153522689987031,4.355225474815397,-7.297515869140625,4.447560826213652,46.8851318359375,112.740234375,0.4609726965427398,1,with_flow
39322_0,0,4.420841383377495,39322,Rickshaw,27763,925.1764946302159,-7.402507227563012,4.424288826293364,2.003745503229965,7.213483811627874,15.62433940054252,0.005730537809405274,0.5604937888485078,4.355692754501397,-7.387476444244385,4.478641902691834,50.3192138671875,119.13134765625,0.499847412109375,1,with_flow
39322_0,0,4.420841383377495,39322,Rickshaw,27764,925.2098187124343,-7.3270588412594115,4.445385346055647,2.524415429324862,9.087895545569504,15.624526135924178,0.005261419258898383,0.7056515790987088,4.356193062981308,-7.387476444244385,4.430537905126092,51.067138671875,114.3800048828125,0.381449282169342,1,with_flow
39322_0,0,4.420841383377495,39322,Rickshaw,27765,925.2431427946527,-7.234259507437132,4.471319391177421,3.0450912357224276,10.96232844860074,15.624690064478457,0.004398306531903889,0.8508257168113892,4.3566628375875975,-7.316450357437134,4.442556808381346,52.04742431640625,114.80517578125,0.4316864460706711,1,with_flow
39322_0,1,4.420841383377495,39322,Rickshaw,27766,925.2764668768712,-7.124109045163066,4.50209147774037,3.5657719545673294,12.836779036442387,15.62481927498116,0.0032381886112321937,0.996014146940601,4.357042160471978,-7.245424270629883,4.454575711636599,53.0277099609375,115.2303466796875,0.4819236099720001,1,with_flow
39322_0,1,4.420841383377495,39322,Rickshaw,27767,925.3097909590896,-6.996607311690646,4.537702023131202,4.086456284179019,14.71124262304447,15.624905883805496,0.0019649952550002984,1.1412131071585945,4.357290245568006,-7.472429275512695,4.400326105330233,54.373046875,106.1370849609375,0.41952645778656,1,with_flow
39322_0,1,4.420841383377495,39322,Rickshaw,27777,925.6430317812739,-6.851754210912651,4.578151302268624,4.607142771434477,16.58571397716412,15.624950238308033,0.0009272331191921061,1.286418018420566,4.357404718594276,-6.727931499481201,4.625641911774887,54.0118408203125,117.9825439453125,0.4940734207630157,1,with_flow
39322_0,1,4.420841383377495,39322,Rickshaw,27778,925.6763558634923,-6.689549691978596,4.6234394482764785,5.127830240768413,18.460188866766288,15.624967682190896,0.000332983187025504,1.4316252953009672,4.3574424649277095,-6.566028594970703,4.662283875372276,53.546183268229164,121.162353515625,0.4612578948338826,1,with_flow
39322_0,1,4.420841383377495,39322,Rickshaw,27779,925.7096799457107,-6.509993734201706,4.673566507389161,5.648518048527028,20.3346649746973,15.624972431026237,7.964087953956485e-05,1.5768332420605071,4.357450510286599,-6.404125690460205,4.698925838969665,53.080525716145836,124.3421630859375,0.4284423689047495,1,with_flow
39322_0,1,4.420841383377495,39322,Rickshaw,27780,925.7430040279291,-6.313086331526496,4.728532490561416,6.1692059284524134,22.20914134242869,15.624972990109331,-4.608658150573319e-05,1.7220413000894763,4.357451268955054,-6.242222785949707,4.735567802567055,52.6148681640625,127.52197265625,0.3956268429756164,1,with_flow
3946,1,4.420841383377495,3946,Rickshaw,2641,88.00890113886828,-0.8594248573124412,5.69527543008431,4.055852953993288,14.601070634375835,-7.646054961552992,-0.0019073933069222448,1.217380753856335,-0.34325963912416835,-0.8427356481552124,5.687606366377215,61.6290283203125,146.98095703125,0.476616233587265,1,with_flow
3946,1,4.420841383377495,3946,Rickshaw,2642,88.04222522108671,-0.7285127426854774,5.735652932000814,3.8010541199974357,13.683794831990769,-7.646119487335776,-0.0019652284421455587,1.2059419056740002,-0.3432610137931497,-0.8272185325622559,5.684060427126953,66.7861328125,149.2979736328125,0.4049876630306244,1,with_flow
3946,1,4.420841383377495,3946,Rickshaw,2643,88.07554930330514,-0.6060916015640047,5.775649245660675,3.546253101526357,12.766511165494887,-7.64618594042136,-0.0019769880078302497,1.1945031901979606,-0.34324723871801643,-0.7020623683929443,5.720001647276346,67.1065673828125,156.9810791015625,0.3666572868824005,1,with_flow
3946,1,4.420841383377495,3946,Rickshaw,2644,88.10887338552357,-0.4921615074588277,5.815264390392876,3.2914498727253765,11.849219541811356,-7.646251249957611,-0.0018255508329427029,1.1830657447828052,-0.3431745709307368,-0.609739363193512,5.78352200069799,70.97314453125,159.0157470703125,0.3767075538635254,1,with_flow
3946,1,4.420841383377495,3946,Rickshaw,2645,88.142197467742,-0.3867225321797662,5.854498454090989,3.036644587728463,10.931920515822467,-7.646307610033462,-0.0013674610773143929,1.171632731993527,-0.34296627733210006,-0.4321350008249283,5.846322096297136,71.42840576171875,161.76776123046875,0.4491162598133087,1,with_flow
3946,1,4.420841383377495,3946,Rickshaw,2646,88.17552154996042,-0.28977473712432333,5.893351677162946,2.7818377445286946,10.014615880303301,-7.646342388728353,-0.0004990590583591402,1.1602102569186248,-0.3425250501815098,-0.2545306384563446,5.909122191896283,71.8836669921875,164.519775390625,0.521524965763092,1,with_flow
3946,0,4.420841383377495,3946,Rickshaw,2647,88.20884563217885,-0.20131815952878068,5.931824559175388,2.5270303068133524,9.097309104528069,-7.646340871403647,0.0007912597458989727,1.1488077974858766,-0.34174833251322845,-0.13092912314459682,5.951150122855987,74.50347900390625,167.9169921875,0.5674148201942444,1,with_flow
3946,0,4.420841383377495,3946,Rickshaw,2648,88.24216971439728,-0.12135279645734778,5.969917971433131,2.272223714417388,8.180005371902597,-7.646289652718696,0.002432850830064648,1.1374381405694822,-0.3405415722544536,-0.007327607832849,5.993178053815692,77.123291015625,171.314208984375,0.6133046746253967,1,with_flow
3946,0,4.420841383377495,3946,Rickshaw,2656,88.5087623721447,-0.04987859009322043,6.00763326164149,2.0174198024397985,7.262711288783275,-7.646178726361475,0.004288359043849169,1.126117021607839,-0.3388227623431046,0.15313121676445,6.113803853550239,86.21435546875,176.08984375,0.4211746454238891,1,with_flow
3946,0,4.420841383377495,3946,Rickshaw,2657,88.54208645436313,0.013104583166075934,6.04497234426847,1.7626206522503343,6.345434348101204,-7.646003841459978,0.006145228751287126,1.1148625942066577,-0.3365334620833611,0.15313121676445,6.229826389743372,74.2099609375,173.769775390625,0.3451785445213318,1,with_flow
3946,0,4.420841383377495,3946,Rickshaw,2658,88.57541053658156,0.06759691712587729,6.081937760976661,1.5078283484396626,5.428182054382786,-7.645769158145157,0.007771884920254145,1.103693967628129,-0.3336834697908859,0.1946489065885543,6.248772363736316,75.0234375,175.263671875,0.6242552995681763,1,with_flow
3946,0,4.420841383377495,3946,Rickshaw,2659,88.60873461879999,0.11359867136200744,6.118532665584679,1.2530447149550086,4.510960973838031,-7.645485859595828,0.00898153716286465,1.0926281600079972,-0.33039176048362706,0.15313121676445,6.137746217029094,58.78125,175.0057373046875,0.4277533590793609,1,with_flow
3946,0,4.420841383377495,3946,Rickshaw,2660,88.64205870101841,0.15111015891332782,6.154760693222002,0.998271106057824,3.5937759818081663,-7.645170555179431,0.009655132837306872,1.0816765102062837,-0.3268712791771655,0.1838731169700622,6.126918222828625,53.242919921875,169.2576904296875,0.5866759419441223,1,with_flow
3946,0,4.420841383377495,3946,Rickshaw,2661,88.67538278323684,0.1801317281524793,6.190625731315564,0.7435082745242001,2.6766297882871206,-7.644842362714828,0.009737629532608701,1.0708426981590264,-0.32335824715466455,0.1565799415111541,6.113803853550239,49.1998291015625,171.749267578125,0.6251281499862671,1,with_flow
3946,0,4.420841383377495,3946,Rickshaw,2662,88.70870686545527,0.20066374164239245,6.226131660698535,0.48875631257170166,1.759522725258126,-7.644521560045116,0.009228610317235836,1.0601227492851593,-0.32007066356001523,0.11859742552042,6.147201108878303,50.58740234375,172.0833740234375,0.6036767959594727,1,with_flow
3946,0,4.420841383377495,3946,Rickshaw,2663,88.7420309476737,0.21270655384380677,6.261282116164016,0.2340146479952232,0.8424527327828035,-7.644227292776881,0.008200241156282194,1.0495061224640239,-0.3171818764023415,0.0984029918909072,6.159348984408667,48.205810546875,172.1536865234375,0.685921311378479,1,with_flow
3946,0,4.420841383377495,3946,Rickshaw,2664,88.77535502989213,0.21626049009804146,6.296080294495052,-0.020717874110515844,-0.07458434679785704,-7.64397502902411,0.006787579429297795,1.0389773658226067,-0.3148119106446243,0.0807473435997963,6.193611968350963,50.4686279296875,172.4505615234375,0.6496698260307312,1,with_flow
3946,1,4.420841383377495,3946,Rickshaw,2665,88.80867911211055,0.21132582959763502,6.330528822295257,-0.27544283891855237,-0.9915942201067885,-7.643774913066949,0.00516268068040658,1.0285180651643415,-0.31301726095955207,0.0890147015452385,6.248827713598538,54.849853515625,174.6466064453125,0.676043689250946,1,with_flow
3946,1,4.420841383377495,3946,Rickshaw,2666,88.84200319432898,0.1979027942038557,6.364629693290811,-0.5301620678162329,-1.9085834441384384,-7.643630945833188,0.003510344307752799,1.018109008243132,-0.31179041981886657,0.0402114205062389,6.269373866300576,56.078369140625,172.97998046875,0.6577469110488892,1,with_flow
3946,1,4.420841383377495,3946,Rickshaw,2667,88.87532727654741,0.1759915439822061,6.398384275757121,-0.7848774141180339,-2.825558690824922,-7.643540955062296,0.002028027674588918,1.0077321819407778,-0.3110673159921049,0.0434711165726184,6.3420688141922295,62.8494873046875,174.2496337890625,0.7305371761322021,1,with_flow
3946,1,4.420841383377495,3946,Rickshaw,2668,88.90865135876584,0.14559217972189867,6.431793383961345,-1.039590543003421,-3.7425259548123155,-7.643495781511249,0.0009076425431214438,0.9973726636650281,-0.3107279064336532,0.0977634191513061,6.455184063391501,74.5001220703125,177.298583984375,0.5280095934867859,1,with_flow
3946,1,4.420841383377495,3946,Rickshaw,2669,88.94197544098427,0.10670475299732265,6.4648574092081565,-1.2943027105079192,-4.659489757828509,-7.643480462352832,0.00026070133436364155,0.9870201716135188,-0.31062010675025964,0.2241267710924148,6.560685868080856,76.2388916015625,179.005615234375,0.4757870435714721,1,with_flow
3946,1,4.420841383377495,3946,Rickshaw,2670,88.9752995232027,0.05932928240396326,6.4975764842437185,-1.5490146304819032,-5.576452669734852,-7.643478406245848,-0.0001373006675180477,0.9766693896330456,-0.3106061830632256,0.3199399709701538,6.6266941268479895,73.739013671875,165.8458251953125,0.305310845375061,1,with_flow
39730,1,4.420841383377495,39730,Rickshaw,28002,933.1409502804202,-17.135930030060607,1.326833731190213,-1.9373864225075268,-6.974591121027097,7.661246666469558,0.001760823590117866,-1.4770321817316945,3.8711852029342886,-17.345592498779297,1.2361396447013002,33.669677734375,63.44757080078125,0.3884433507919311,1,opposing
39730,1,4.420841383377495,39730,Rickshaw,28003,933.1742743626386,-17.19623775649803,1.2797624612534824,-1.682081314678154,-6.055492732841354,7.6613140696997135,0.0022844929298443417,-1.3480277851444962,3.871237219282768,-16.82399559020996,1.3808011221054994,34.2633056640625,71.201416015625,0.3526068329811096,1,opposing
39730,1,4.420841383377495,39730,Rickshaw,28004,933.207598444857,-17.24803763441404,1.2369901890792911,-1.4267737005882024,-5.136385322117529,7.661398923730001,0.0028398946871749427,-1.2190201095199007,3.871396112335244,-16.86136245727539,1.378967125709201,36.2205810546875,69.83538818359375,0.350929319858551,1,opposing
39730,1,4.420841383377495,39730,Rickshaw,28005,933.2409225270754,-17.291329569378778,1.1985170956833988,-1.1714629135848318,-4.217266488905395,7.661503343467808,0.003226986655838075,-1.0900045822970421,3.871709455427938,-17.25232696533203,1.2701361687299528,36.6719970703125,61.97344970703125,0.3396915793418884,1,opposing
39730,1,4.420841383377495,39730,Rickshaw,28006,933.2742466092939,-17.32611344677004,1.1643435257628272,-0.916148495825492,-3.298134584971771,7.661613996467275,0.0031573998295232257,-0.9609764026470655,3.8721449613778773,-17.390710830688477,1.1699114057125166,36.7396240234375,57.7689208984375,0.3493658006191253,1,opposing
39730,1,4.420841383377495,39730,Rickshaw,28007,933.3075706915123,-17.352389145321396,1.1344699553616986,-0.6608305262682848,-2.378989894565825,7.661713778370839,0.002621617504688899,-0.8319327480749306,3.872623539374217,-17.530696868896484,1.0749876338266136,36.520751953125,57.70513916015625,0.4089224934577942,1,opposing
39730,0,4.420841383377495,39730,Rickshaw,28008,933.3408947737307,-17.370156555551304,1.1088969080160254,-0.4055096158622291,-1.4598346171040248,7.661788722461818,0.0017839439700147496,-0.7028736113193883,3.873062388113933,-17.58261489868164,1.0392671035124874,37.776123046875,62.61199951171875,0.4451743066310882,1,opposing
39730,0,4.420841383377495,39730,Rickshaw,28009,933.3742188559492,-17.379415594814215,1.0876248663755523,-0.1501867205234837,-0.5406721938845414,7.661832674961898,0.0009025072832643458,-0.5738012693394405,3.87341127218545,-17.54155731201172,1.0372755728929437,37.266357421875,60.51324462890625,0.3907839059829712,1,opposing
39730,0,4.420841383377495,39730,Rickshaw,28010,933.4075429381676,-17.38016621398687,1.0706542171777216,0.1051371562956338,0.3784937626642817,7.661848872915638,0.00022312528856385954,-0.44471896715399506,3.8736618348492584,-17.40543556213379,1.0674339742640306,36.7083740234375,61.48321533203125,0.3852987885475158,1,opposing
39730,0,4.420841383377495,39730,Rickshaw,28011,933.440867020386,-17.372408394094894,1.0579852408225943,0.36046124782695266,1.2976604921770296,7.661847545852821,-0.00012944827528967693,-0.31562967583636137,3.873835293423287,-17.27676773071289,1.078039327191783,36.339111328125,62.75341796875,0.3537619411945343,1,opposing
39730,1,4.420841383377495,39730,Rickshaw,28012,933.4741911026044,-17.35614213550768,1.0496181324222018,0.6157851671648845,2.2168266017935845,7.661840245425701,-0.00019108576091278023,-0.1865355185839676,3.873957521223329,-17.242820739746094,1.0629738752700923,35.8671875,60.9200439453125,0.3275162279605865,1,opposing
39730,1,4.420841383377495,39730,Rickshaw,28013,933.5075151848229,-17.331367445601746,1.0455530291757946,0.8711088595960446,3.1359918945457603,7.661834810337606,-9.541112370805675e-05,-0.05743790384099429,3.8740446482742996,-17.222103118896484,1.054927211646249,34.9576416015625,61.22039794921875,0.3327902853488922,1,opposing
39730,1,4.420841383377495,39730,Rickshaw,28014,933.5408392670413,-17.298084330169054,1.045790028487474,1.1264324459967403,4.055156805588266,7.661833886449439,1.1486456558494856e-05,0.07166213900576317,3.874103870154067,-17.272546768188477,1.041369333856474,34.9317626953125,65.9266357421875,0.3546290397644043,1,opposing
39730,1,4.420841383377495,39730,Rickshaw,28015,933.5741633492597,-17.256292790435666,1.0503291962702699,1.3817560539364195,4.974321794171111,7.661835575888851,4.4795452968221736e-05,0.20076372095720857,3.874137375366735,-17.327167510986328,1.0367415886452302,36.0728759765625,66.52386474609375,0.3181393444538116,1,opposing
39730,1,4.420841383377495,39730,Rickshaw,28016,933.6074874314781,-17.205992824831856,1.0591705701159806,1.6370797174246252,5.893486982728651,7.661836871984154,2.2859802032603965e-05,0.3298660446582481,3.874149713642118,-17.243534088134766,1.0623747839729074,36.769775390625,65.6544189453125,0.3450552523136139,1,opposing
39730,1,4.420841383377495,39730,Rickshaw,28017,933.6408115136966,-17.147184431971088,1.0723141647687826,1.8924034049759428,6.812652257913395,7.661837099452696,-9.207900689034432e-06,0.4589685710614924,3.8741514268909603,-17.11835289001465,1.0882015264149547,36.522216796875,65.727783203125,0.3001242280006408,1,opposing
39762,1,2.0951912688858583,39762,Car,28029,934.0407005003177,-14.110800192351004,3.6328793526867327,-0.6661922348535848,-2.3982920454729055,5.8567013831291215,0.0007571669386123858,-0.7931181497207322,1.7204500627676103,-14.277393341064451,3.5863733843310066,76.3680419921875,111.23779296875,0.5835802555084229,1,with_flow
39762,1,2.0951912688858583,39762,Car,28030,934.0740245825361,-14.129748510262244,3.607404696604432,-0.47102212492753726,-1.6956796497391342,5.856761971063775,0.002879118331395196,-0.7357854067732262,1.7204745361148621,-14.138522148132324,3.57577175687475,71.0244140625,115.61517333984376,0.5772135853767395,1,with_flow
39762,1,2.0951912688858583,39762,Car,28031,934.1073486647546,-14.142192919943884,3.5838406237346585,-0.2758490153225539,-0.9930564551611941,5.8568932710811055,0.0059409042141301514,-0.6784509805725927,1.720562821748074,-13.882503509521484,3.57577175687475,58.48974609375,119.57452392578124,0.4377770125865936,1,with_flow
39762,1,2.0951912688858583,39762,Car,28032,934.140672746973,-14.14813326944231,3.562187239440299,-0.08066943251760961,-0.2904099570633946,5.857157921424742,0.01028697698041478,-0.6211114788778369,1.7207930267215454,-14.048404693603516,3.575079883596983,63.6900634765625,117.65826416015624,0.4666374027729034,1,with_flow
39762,1,2.0951912688858583,39762,Car,28033,934.1739968291914,-14.147569262948284,3.5424448071835997,0.1145215549523553,0.4122775978284791,5.857578879214454,0.015019023370639373,-0.5637607749360698,1.7212487594874144,-14.23137378692627,3.596975011787263,68.6639404296875,115.92340087890624,0.5615276098251343,1,with_flow
39762,1,2.0951912688858583,39762,Car,28034,934.2073209114099,-14.140500432973056,3.5246138399784064,0.3097292066584396,1.1150251439703827,5.858158911764029,0.020061713078914377,-0.5063900757234239,1.7220030570091418,-14.336874008178713,3.5638424423387978,66.847412109375,112.50323486328124,0.4040848016738891,1,with_flow
39762,0,2.0951912688858583,39762,Car,28035,934.2406449936283,-14.12692613388019,3.508695179468933,0.5049590404919475,1.817852545771011,5.858915955566623,0.026191920562612762,-0.4489886162339096,1.723099814098413,-14.299850940704346,3.5156435339516188,62.56304931640625,111.12933349609374,0.35236215591430664,1,with_flow
39762,0,2.0951912688858583,39762,Car,28036,934.2739690758467,-14.106845519898634,3.494690045351642,0.7002177559476896,2.5207839214116827,5.859904555192603,0.03450915827111805,-0.39154460386038714,1.7245593746773458,-14.26282787322998,3.515282518023348,58.2786865234375,109.75543212890624,0.3006395101547241,1,with_flow
39762,0,2.0951912688858583,39762,Car,28037,934.3072931580651,-14.080257484730629,3.48260005952324,0.8955144930249868,3.2238521748899522,5.861215927621654,0.04596442323880165,-0.33404574222042915,1.7263926345650802,-14.043825149536133,3.5125359585140146,60.657470703125,110.65765380859375,0.3180515070756276,1,with_flow
39762,0,2.0951912688858583,39762,Car,28038,934.3406172402836,-14.047160560941096,3.4724272576641955,1.0908619377484536,3.9271029758944334,5.862967999630868,0.060846700377065334,-0.276479565460978,1.7285976295461283,-13.824822425842285,3.49750551419749,63.0362548828125,111.55987548828125,0.3354635039965312,1,with_flow
39762,0,2.0951912688858583,39762,Car,28039,934.373941322502,-14.007552792398366,3.4641740865573136,1.2862766925275912,4.630596093099329,5.8652712485138245,0.07834458674492265,-0.21883396636918112,1.7311545575845366,-13.605819702148438,3.5125359585140146,65.4150390625,112.46209716796876,0.3528755009174347,1,with_flow
39762,0,2.0951912688858583,39762,Car,28040,934.4072654047204,-13.961431615215487,3.4578433821350174,1.4817783712881414,5.334402136637309,5.868189522530981,0.09672612794565931,-0.16109780198882015,1.7340243557534607,-13.8319091796875,3.515282518023348,71.2171630859375,105.74041748046876,0.3119148313999176,1,with_flow
39762,0,2.0951912688858583,39762,Car,28041,934.4405894869388,-13.908793789477734,3.4534383249596075,1.6773875420894526,6.0385951515220295,5.871717867394487,0.11444291383405487,-0.10326169787744471,1.7371382018418988,-13.849366188049316,3.461756007993953,63.4249267578125,104.46875,0.2989562749862671,1,with_flow
39762,0,2.0951912688858583,39762,Car,28042,934.4739135691573,-13.849635400710383,3.450962363516472,1.8731239346157853,6.743246164616827,5.875816932670826,0.13069260722873005,-0.04531912367007912,1.740396385167489,-13.673717498779297,3.441946434227632,59.545166015625,107.31915283203124,0.2849005460739136,1,with_flow
39762,0,2.0951912688858583,39762,Car,28043,934.5072376513757,-13.783951902179757,3.450419105888338,2.069005662930008,7.448420386548029,5.880428289771749,0.14470701744137987,0.012732921741755665,1.7436903854011303,-13.63259220123291,3.4146053763242943,58.6739501953125,101.57501220703124,0.4316326081752777,1,with_flow
39762,0,2.0951912688858583,39762,Car,28044,934.5405617335941,-13.711738181410798,3.451812200528915,2.2650483857272015,8.154174188617926,5.885461389764426,0.15548349718735097,0.07089389768218979,1.746918536321525,-13.505072593688965,3.4250480503300684,57.46728515625,95.76361083984376,0.4431574940681457,1,with_flow
39762,0,2.0951912688858583,39762,Car,28045,934.5738858158126,-13.632988660693044,3.4551452246963716,2.461264174996186,8.860551029986269,5.890790979459509,0.16191032734111907,0.12916018128487838,1.7499984783430111,-13.48959255218506,3.443465716984247,59.3194580078125,94.4403076171875,0.3958231806755066,1,with_flow
39762,0,2.0951912688858583,39762,Car,28046,934.607209898031,-13.547697436865212,3.4604215926301176,2.657660270133654,9.567576972481154,5.896252415885082,0.16303116429439582,0.18752570450126665,1.7528645181041558,-13.634743690490724,3.432848832835198,60.625,93.177001953125,0.4211465716361999,1,with_flow
39762,0,2.0951912688858583,39762,Car,28047,934.6405339802494,-13.455858462821572,3.4676444819170995,2.8542379323123375,10.275256556324415,5.901656707305734,0.15875550607771394,0.24598239095966257,1.755461859726933,-13.772549629211426,3.419854743065102,63.0418701171875,91.69427490234376,0.3347746133804321,1,with_flow
39762,0,2.0951912688858583,39762,Car,28048,934.6738580624678,-13.3574657532195,3.4768167734333155,3.050992295293052,10.983572263054988,5.906833178959406,0.15010469968045642,0.3045206108480824,1.7577540138097725,-13.420137882232666,3.488030694032504,63.6806640625,99.4630126953125,0.4000671654939651,1,with_flow
39762,0,2.0951912688858583,39762,Car,28049,934.7071821446863,-13.252513570475811,3.48794101153282,3.2479136413913583,11.692489109008891,5.911660910012782,0.13802689531510948,0.36312992608995254,1.7597268690922172,-13.067726135253906,3.488030694032504,64.3194580078125,107.23175048828124,0.4653597176074981,1,with_flow
39762,0,2.0951912688858583,39762,Car,28050,934.7405062269047,-13.140996563046723,3.5010193857385734,3.4449885940067144,12.401958938424173,5.916032418175076,0.1224244578200326,0.42179947648922006,1.761366621043189,-13.24962329864502,3.4838225078730343,61.07177734375,103.54547119140624,0.4151000678539276,1,with_flow
39762,0,2.0951912688858583,39762,Car,28051,934.7738303091231,-13.022909888570508,3.51605371569566,3.642199849005439,13.111919456419582,5.919820275408664,0.10321448044301329,0.48051792640795826,1.7626600716326095,-13.18372917175293,3.496477970024515,60.3732177734375,105.09464111328124,0.3923346698284149,1,with_flow
39762,0,2.0951912688858583,39762,Car,28052,934.8071543913416,-12.898249351178448,3.533045437423847,3.8395259949670235,13.822293581881285,5.922911473839907,0.08112532095703433,0.5392736413376058,1.763603542006888,-13.11783504486084,3.5091334321759953,59.674658203125,106.64381103515623,0.3695692718029022,1,with_flow
39762,0,2.0951912688858583,39762,Car,28053,934.84047847356,-12.767011525488282,3.5519955994756565,4.036942390685619,14.532992606468229,5.9252271291398015,0.05736679844220339,0.5980550727001728,1.7642062303555122,-13.05194091796875,3.521788894327476,58.9760986328125,108.19298095703124,0.3468038737773895,1,with_flow
39762,0,2.0951912688858583,39762,Car,28054,934.8738025557784,-12.629193843058689,3.572904873410549,4.234422504818994,15.243921017348379,5.926734865655699,0.03354118683871456,0.6568512301958459,1.7644930176850848,-12.98604679107666,3.5344443564789563,58.2775390625,109.74215087890623,0.3240384757518768,1,with_flow
39762,0,2.0951912688858583,39762,Car,28055,934.9071266379968,-12.484794627067837,3.595773581802053,4.431939691354821,15.954982888877357,5.9274625876756355,0.011684818563577969,0.7156522687616245,1.764508540709186,-12.92015266418457,3.547099818630437,57.5789794921875,111.29132080078124,0.3012730777263641,1,with_flow
39762,0,2.0951912688858583,39762,Car,28056,934.9404507202153,-12.333813059923127,3.6206017483007944,4.629469447095101,16.666090009542362,5.927513637364739,-0.005867556369195338,0.7744502323744171,1.764322532291634,-12.517919063568115,3.6216367460715926,60.38287353515625,121.02786254882812,0.37083427608013153,1,with_flow
39762,0,2.0951912688858583,39762,Car,28057,934.9737748024337,-12.176249067625143,3.647389175313467,4.826992098952936,17.37717155623057,5.927071525813899,-0.01732743493498118,0.8332399413488351,1.764029756532339,-12.11568546295166,3.6961736735127486,63.186767578125,130.764404296875,0.4403954744338989,1,with_flow
39762,0,2.0951912688858583,39762,Car,28058,935.0070988846521,-12.012103120223832,3.6761355466319805,5.024494884644896,18.088181584721625,5.9263587956319235,-0.022279235680328777,0.892019453844417,1.7637245191447448,-11.747581481933594,3.7439806977792633,74.0938720703125,137.95599365234375,0.6735163927078247,1,with_flow
39762,1,2.0951912688858583,39762,Car,28059,935.0404229668706,-11.841375989391402,3.70684052946042,5.221972400352394,18.79910064126862,5.925586655650749,-0.021670780249236913,0.9507895563092367,1.7634726548610913,-11.484244346618652,3.754959839680415,71.6102294921875,139.4228515625,0.325934886932373,1,with_flow
39762,1,2.0951912688858583,39762,Car,28060,935.073747049089,-11.664068517716128,3.7395038464433275,5.419425503674257,19.509931813227325,5.924914477906397,-0.01734717914504338,1.009552566746739,1.7633002836480591,-11.331878662109377,3.76826615944253,70.7667236328125,140.47161865234375,0.3341063857078552,1,with_flow
39762,1,2.0951912688858583,39762,Car,28061,935.1070711313074,-11.480181443514672,3.774125305618443,5.616859197659539,20.22069311157434,5.924430498002574,-0.011408427456733265,1.0683111190485353,1.7632023513827377,-11.206657886505129,3.76826615944253,75.0831298828125,141.7725830078125,0.31906479597091675,1,with_flow
39762,1,2.0951912688858583,39762,Car,28062,935.1403952135258,-11.289715302523971,3.810704796056763,5.814280254507084,20.931408916225504,5.924154127157295,-0.005748625982546601,1.1270673475366153,1.7631568401328412,-11.08143711090088,3.8042845500729054,79.3995361328125,143.07354736328125,0.3040232062339782,1,with_flow
39762,1,2.0951912688858583,39762,Car,28063,935.1737192957443,-11.09267040525397,3.8492422651894134,6.0116951003831876,21.642102361379475,5.924047362632804,-0.0018338093409191207,1.1858226231643976,1.7631418499958231,-11.052129745483398,3.8403029407032805,79.3922119140625,142.6605224609375,0.3021759390830993,1,with_flow
39762,1,2.0951912688858583,39762,Car,28064,935.2070433779627,-10.8890468777299,3.889737694737192,6.20910815548111,22.352789359731997,5.924031907130796,0.0009062217838504694,1.2445776570569367,1.7631398462608003,-11.329061508178713,3.8711565860168218,80.741943359375,134.92376708984375,0.4150268733501434,1,with_flow
40138,1,4.420841383377495,40138,Rickshaw,28231,940.7721651084402,0.7053925852771518,5.77263170787741,-0.7774042224985195,-2.7986552009946704,4.017359730276289,0.0009665964843605934,0.6947066778933055,1.4523210626464904,0.6750131845474243,5.7418868408759725,79.8602294921875,149.8013916015625,0.393195241689682,1,with_flow
40138,1,4.420841383377495,40138,Rickshaw,28232,940.8054891906586,0.6817169371342431,5.796588570171824,-0.6435288336965588,-2.3167038013076118,4.017393786256646,0.0010773295948881458,0.7431042001626809,1.452339696411316,0.6059095859527588,5.750224800890097,81.69189453125,148.141357421875,0.3838193416595459,1,with_flow
40138,1,4.420841383377495,40138,Rickshaw,28233,940.838813272877,0.6625025828366833,5.822158251588439,-0.5096522614958721,-1.8347481413851394,4.017431532316282,0.0012785973761527702,0.7915029342446155,1.4524029223390658,0.6412890553474426,5.813500337613454,85.81298828125,147.0341796875,0.2966817915439605,1,with_flow
40138,1,4.420841383377495,40138,Rickshaw,28234,940.8721373550954,0.6477495648755972,5.849340828571396,-0.37577428876670527,-1.352787439560139,4.01747900242482,0.0016782922980891942,0.8399054116908229,1.4525764580640574,0.6617788195610046,5.862438273103331,85.9747802734375,147.7668701171875,0.3306792259216308,1,with_flow
40138,1,4.420841383377495,40138,Rickshaw,28235,940.9054614373139,0.6374579366420183,5.878136500677168,-0.24189447212227766,-0.8708200996401996,4.017543387417338,0.0022843358836478573,0.8883165294507216,1.4529333431497913,0.6822685837745667,5.911376208593208,86.136572265625,148.499560546875,0.3646766602993011,1,with_flow
40138,1,4.420841383377495,40138,Rickshaw,28236,940.9387855195323,0.6316277702513615,5.908545670296106,-0.10801213468710485,-0.3888436848735775,4.0176312492184225,0.0030559928381478784,0.9367435177891065,1.4535383167597542,0.7027583479881286,5.960314144083085,86.2983642578125,149.2322509765625,0.3986740946769714,1,with_flow
40138,0,4.420841383377495,40138,Rickshaw,28237,940.9721096017507,0.6302591636955622,5.940569013338882,0.025873588080191745,0.09314491708869028,4.017747063730533,0.00391197117738005,0.9851954436366559,1.454434785187272,0.7232481122016907,6.0092520795729625,86.46015625,149.96494140625,0.4326715290546417,1,with_flow
40138,0,4.420841383377495,40138,Rickshaw,28238,941.0054336839692,0.6333522456982409,5.974207526329508,0.15976365752608934,0.5751491670939216,4.017891974916725,0.004736759887869781,1.0336822970394643,1.4556328333852853,0.7437378764152527,6.05819001506284,86.6219482421875,150.6976318359375,0.466668963432312,1,with_flow
40138,0,4.420841383377495,40138,Rickshaw,28239,941.0387577661876,0.6409071768893146,6.0094625365918395,0.29365900294132113,1.057172410588756,4.0180627600824375,0.005401958736013454,1.0822136955049655,1.4570982809385704,0.637580931186676,6.029556395953911,79.7679443359375,146.6182861328125,0.428620845079422,1,with_flow
40138,0,4.420841383377495,40138,Rickshaw,28240,941.072081848406,0.6529241462054844,6.046335663840821,0.4275603700623428,1.5392173322244342,4.018252005550844,0.005824792230059413,1.1307973107490514,1.458751148224498,0.7238947153091431,6.05819001506284,84.4659423828125,142.2911376953125,0.3410778045654297,1,with_flow
40138,0,4.420841383377495,40138,Rickshaw,28241,941.1054059306244,0.6694033630157242,6.08482873438362,0.5614682328895383,2.021285638402338,4.018450971792797,0.0059649050587672935,1.1794377678245094,1.4604924533792127,0.5617027282714844,6.087812125941955,69.399658203125,139.2529296875,0.3275311291217804,1,with_flow
40138,0,4.420841383377495,40138,Rickshaw,28242,941.1387300128429,0.6903450472837951,6.124943672031148,0.6953827446032472,2.50337788057169,4.018649555524051,0.005850714020065708,1.2281362512684328,1.4622156125913803,0.6372671127319336,6.087812125941955,72.7635498046875,140.334716796875,0.3546668291091919,1,with_flow
40138,0,4.420841383377495,40138,Rickshaw,28243,941.1720540950613,0.7157494189182779,6.1666823804518,0.829303767827241,2.9854935641780678,4.018840911142879,0.005576708226808172,1.2768903737772967,1.4638154809896546,0.6504629552364349,6.1115284774834056,70.33697509765625,137.930419921875,0.41205768287181854,1,with_flow
40138,0,4.420841383377495,40138,Rickshaw,28244,941.2053781772797,0.7456166900627761,6.210046628491214,0.963230990499768,3.4676315657991648,4.019021232890967,0.00523539656236828,1.3256945525704331,1.465208556275139,0.6636587977409363,6.135244829024857,67.910400390625,135.526123046875,0.4694485366344452,1,with_flow
40138,0,4.420841383377495,40138,Rickshaw,28245,941.2387022594982,0.7799470608957828,6.255037958664575,1.0971640239179414,3.949790486104589,4.01918984071386,0.004917396147845512,1.3745409859070157,1.4663471973028566,0.8037471771240234,6.220008175721635,68.330322265625,134.3013916015625,0.6583975553512573,1,with_flow
40138,0,4.420841383377495,40138,Rickshaw,28246,941.2720263417166,0.8187407188929505,6.301657635062302,1.2311025111215068,4.4319690400374245,4.01934896831803,0.004658696899415857,1.4234210021810583,1.467225753756078,0.870786726474762,6.301011279855445,72.594482421875,134.453369140625,0.6244603991508484,1,with_flow
40138,0,4.420841383377495,40138,Rickshaw,28247,941.305350423935,0.8619978409318934,6.349906635082058,1.3650461698116123,4.914166211321804,4.019500334310874,0.0044186254056720236,1.4723261954444942,1.4678618214940977,0.9083188772201538,6.31698184394718,65.7047119140625,137.4534912109375,0.7144261002540588,1,with_flow
40138,0,4.420841383377495,40138,Rickshaw,28248,941.3386745061534,0.9097185950578819,6.39978566727698,1.4989947398556716,5.396381063480418,4.019643461590652,0.004131007919319873,1.5212488747517046,1.468280603212892,0.9530943632125854,6.398909574625536,65.001708984375,136.3856201171875,0.574853777885437,1,with_flow
40138,0,4.420841383377495,40138,Rickshaw,28249,941.3719985883719,0.9619031399630094,6.451295200491533,1.6329479077516769,5.878612467906037,4.019775658405971,0.0037364347898327117,1.5701824281783683,1.46852166785612,0.9632436633110046,6.455826973329612,67.0972900390625,134.445068359375,0.6181654334068298,1,with_flow
40138,0,4.420841383377495,40138,Rickshaw,28250,941.4053226705903,1.018551622028257,6.504435506428328,1.7669052382674713,6.360858857762897,4.019892488110933,0.0032100818224686575,1.619121653362503,1.4686280240929945,0.958354651927948,6.508676157160412,66.1434326171875,131.73095703125,0.7384219765663147,1,with_flow
40138,0,4.420841383377495,40138,Rickshaw,28251,941.4386467528087,1.079664170572187,6.559206706959815,1.9008661430224791,6.843118114880925,4.01998960446713,0.0025860120019868993,1.6680627471474672,1.4686403629931188,1.042819261550903,6.577974894275249,64.5433349609375,132.8905029296875,0.5649631023406982,1,with_flow
40138,0,4.420841383377495,40138,Rickshaw,28252,941.4719708350272,1.1452408932483118,6.6156088192100695,2.034829922612233,7.325387721404039,4.020064841064077,0.0019309033127349437,1.7170032028157831,1.468595033823414,1.0658390522003174,6.613739420633705,59.1593017578125,133.90087890625,0.655163049697876,1,with_flow
40138,0,4.420841383377495,40138,Rickshaw,28253,941.5052949172456,1.2152818736030715,6.67364179534988,2.168795841901481,7.807665030845331,4.020118295628629,0.0013229802773130962,1.7659415803162406,1.4685200345053397,1.1959010362625122,6.688448251973875,63.7698974609375,140.3067626953125,0.6744810938835144,1,with_flow
40138,1,4.420841383377495,40138,Rickshaw,28254,941.538618999464,1.2897871712969744,6.733305554490016,2.302763219302255,8.289947589488118,4.020153015271146,0.0008253016300227737,1.814877322152602,1.4684405487271972,1.2878488302230835,6.747880048265188,63.91192626953125,141.3282267252604,0.6405879904826483,1,with_flow
40138,1,4.420841383377495,40138,Rickshaw,28255,941.5719430816824,1.3687568252890563,6.794600009973737,2.4367315007439028,8.77223340267805,4.020173300467377,0.00045857826921187264,1.863810595580399,1.4683740033469919,1.3797966241836548,6.8073118445565015,64.053955078125,142.34969075520834,0.606694887081782,1,with_flow
40138,1,4.420841383377495,40138,Rickshaw,28256,941.6052671639009,1.4521908585194276,6.8575250886516415,2.57070027958039,9.254521006489403,4.020183578671039,0.00021740275743735077,1.9127419925137688,1.4683285710355396,1.471744418144226,6.866743640847814,64.19598388671875,143.37115478515625,0.5728017836809158,1,with_flow
40138,1,4.420841383377495,40138,Rickshaw,28257,941.6385912461193,1.5400892827690824,6.922080740068898,2.704669289998493,9.736809443994575,4.020187789962104,8.11028527530842e-05,1.9616722382889011,1.4683043754524587,1.5636922121047974,6.926175437139127,64.3380126953125,144.39261881510416,0.5389086802800496,1,with_flow
40138,1,4.420841383377495,40138,Rickshaw,28258,941.6719153283377,1.6324521029980406,6.988266936811736,2.838638383474523,10.219098180508283,4.020188984027306,2.0083242992177355e-05,2.0106019581683277,1.4682957514758013,1.6556400060653687,6.985607233430441,64.48004150390625,145.4140828450521,0.5050155768791834,1,with_flow
40138,1,4.420841383377495,40138,Rickshaw,28259,941.7052394105561,1.7292793207142685,7.056083668523153,2.972607495322017,10.701386983159262,4.020189128473385,-1.1414072247362128e-05,2.059531536744162,1.4682945604527085,1.74758780002594,7.045039029721754,64.6220703125,146.435546875,0.4711224734783172,1,with_flow
4353_0,1,4.420841383377495,4353,Rickshaw,2940,97.97280172217825,-2.285932849262559,4.491723684313004,-0.09602689778845745,-0.3456968320384468,10.618259874664561,0.0025429873320490515,-0.22087434924559785,0.015021293673433342,-2.3859095573425293,4.488081537848249,64.92138671875,132.14794921875,0.3744374811649322,1,with_flow
4353_0,1,4.420841383377495,4353,Rickshaw,2941,98.00612580439667,-2.2832370816782497,4.484371589940087,0.25781835452198687,0.9281460762791528,10.61834992648252,0.002861621705210679,-0.2203737694503246,0.01502223499397269,-2.4259896278381348,4.464847368760381,70.3045654296875,127.17236328125,0.4045397043228149,1,with_flow
4353_0,1,4.420841383377495,4353,Rickshaw,2942,98.0394498866151,-2.268749694430963,4.477036178234579,0.611666748979443,2.202000296325995,10.618450596498526,0.003419799627574109,-0.21987307428259317,0.015030056179285484,-2.378840923309326,4.445256710795281,68.057861328125,127.3311767578125,0.5699099898338318,1,with_flow
4353_0,1,4.420841383377495,4353,Rickshaw,2943,98.07277396883353,-2.2424705742402318,4.469717459560437,0.9655188888184482,3.4758679997464133,10.618577849850439,0.0045204170711719265,-0.21937176953275794,0.015063424534055292,-2.194530725479126,4.412891233668114,64.2401123046875,123.179931640625,0.6017486453056335,1,with_flow
4353_0,1,4.420841383377495,4353,Rickshaw,2944,98.10609805105196,-2.2043995778775907,4.462415474631037,1.3193759921834587,4.7497535718604516,10.618751873998809,0.00621599063216677,-0.21886840684282244,0.015162948819649191,-2.194530725479126,4.42312563607694,63.0316162109375,122.9598388671875,0.5094771981239319,1,with_flow
4353_0,1,4.420841383377495,4353,Rickshaw,2945,98.13942213327039,-2.1545365102999665,4.455130340773122,1.6732399457991807,6.02366380487705,10.61899213421623,0.008479617294577673,-0.21835965523712011,0.015401413641376038,-2.106222152709961,4.435874199535132,64.985107421875,123.2171630859375,0.4423008859157562,1,with_flow
4353_0,0,4.420841383377495,4353,Rickshaw,2946,98.17274621548881,-2.092881102986249,4.447862331943709,2.0271132672347543,7.297607762045115,10.61931702492662,0.011243043612302987,-0.21783930542111518,0.015876755742258553,-1.8551573753356927,4.493716579590561,65.50439453125,130.195556640625,0.5880597829818726,1,with_flow
4353_0,0,4.420841383377495,4353,Rickshaw,2947,98.20607029770724,-2.019432993711418,4.440611986033804,2.3809990440605464,8.571596558617967,10.619741462435673,0.014316354124543986,-0.21729768135330008,0.01669451009232681,-1.8551573753356927,4.489605787900192,68.6455078125,129.33251953125,0.6086145043373108,1,with_flow
4353_0,0,4.420841383377495,4353,Rickshaw,2948,98.23939437992567,-1.934191710630523,4.433380218806792,2.734900715593532,9.845642576136715,10.620271183650448,0.017426283493125815,-0.21672191181452027,0.017937225657640887,-1.6840592622756958,4.517937111607759,73.153076171875,133.6563720703125,0.6539381742477417,1,with_flow
4353_0,0,4.420841383377495,4353,Rickshaw,2949,98.2727184621441,-1.8371566657710623,4.42616841481542,3.0888217626313303,11.119758345472789,10.620902892243446,0.02027002214620882,-0.21609692639405687,0.019652254808961267,-1.588898539543152,4.511786890378618,74.3294677734375,131.93310546875,0.726855456829071,1,with_flow
4353_0,0,4.420841383377495,4353,Rickshaw,2950,98.30604254436253,-1.7283271589614342,4.418978478257688,3.442765375888248,12.393955353197693,10.621622143419588,0.0225167888922497,-0.21540689339639973,0.021835960185141445,-1.590239644050598,4.475637043825467,72.5926513671875,130.52685546875,0.4884859621524811,1,with_flow
4353_0,0,4.420841383377495,4353,Rickshaw,2951,98.33936662658095,-1.6077023938545727,4.411812828847178,3.7967340757801193,13.66824267280843,10.622403594892127,0.023897586141631916,-0.21463699648882678,0.024432544710891957,-1.517171859741211,4.479381674888831,74.6004638671875,130.5816650390625,0.5187546014785767,1,with_flow
4353_0,0,4.420841383377495,4353,Rickshaw,2952,98.37269070879938,-1.4752815056626776,4.404674341166245,4.15072941070127,14.942625878524574,10.623214873670399,0.024250885867871236,-0.21377497739953577,0.027345252408895793,-1.5021014213562012,4.448386461658454,72.95654296875,129.138671875,0.670058012008667,1,with_flow
4353_0,0,4.420841383377495,4353,Rickshaw,2953,98.40601479101781,-1.3310635968408921,4.397566237012673,4.504751777176718,16.217106397836186,10.624019871921188,0.023537878650775466,-0.21281247976429254,0.030437357862013403,-1.4598567485809326,4.412354765772737,69.8365478515625,130.3162841796875,0.6152316331863403,1,with_flow
4353_0,0,4.420841383377495,4353,Rickshaw,2954,98.43933887323624,-1.1750477767081133,4.3904919348174785,4.858800373187629,17.491681343475463,10.62478363007721,0.021869899405884446,-0.2117462130298694,0.03354439928957498,-1.4280287623405457,4.361062829027128,66.90777587890625,125.11346435546875,0.5762178599834442,1,with_flow
4353_0,0,4.420841383377495,4353,Rickshaw,2955,98.47266295545467,-1.0072331998061883,4.383454868804086,5.212873321359049,18.766343956892577,10.62547746057301,0.019522132913113974,-0.21057856484154025,0.03649399565538669,-1.3962007761001587,4.309770892281518,63.97900390625,119.91064453125,0.5372040867805481,1,with_flow
4353_0,0,4.420841383377495,4353,Rickshaw,2962,98.70593153098366,-0.8276190972178483,4.37645830011638,5.5669679723152115,20.04108470033476,10.626084744401762,0.016883410059610485,-0.20931742943348397,0.039132811255571553,-0.7737813591957092,4.309770892281518,74.2662353515625,115.753662109375,0.3080877959728241,1,with_flow
4353_0,0,4.420841383377495,4353,Rickshaw,2963,98.73925561320209,-0.6362047946850471,4.369505148882979,5.921081373741475,21.31589294546931,10.626602708862917,0.014179146103563307,-0.2079751420051057,0.04134965882285613,-0.6117985546588898,4.272530369597157,72.3475341796875,117.31805419921875,0.38228072226047516,1,with_flow
4353_0,0,4.420841383377495,4353,Rickshaw,2964,98.77257969542052,-0.43298971716736157,4.362597870855581,6.275210527710607,22.590757899758188,10.627029758462847,0.011411066234224611,-0.20656697796359547,0.04308051999242535,-0.4498157501220703,4.283047907839654,70.4288330078125,118.8824462890625,0.4564736485481262,1,with_flow
4353_0,1,4.420841383377495,4353,Rickshaw,2965,98.80590377763895,-0.21797339068657406,4.35573838762149,6.629352360783432,23.86566849882036,10.627363235481695,0.008580112940849236,-0.20510939789493965,0.044318976190892645,-0.3176739886403084,4.288492950535686,70.07269287109375,120.97332763671875,0.4762377291917801,1,with_flow
4353_0,1,4.420841383377495,4353,Rickshaw,2966,98.83922785985737,0.008844554915659442,4.348928078748839,6.983503721542975,25.140613397554713,10.627601607241015,0.005775376775519262,-0.20361818276288324,0.04511063168169582,-0.1855322271585464,4.293937993231719,69.716552734375,123.064208984375,0.4960018098354339,1,with_flow
4353_0,1,4.420841383377495,4353,Rickshaw,2973,99.07249643538637,0.24746438462574138,4.3421678316627546,7.337661476016072,26.41558131365786,10.627748153742715,0.0032241653163536167,-0.202106846703333,0.04554460539519667,-0.1855322271585464,4.369089268662853,64.0030517578125,143.1964111328125,0.3640298545360565,1,with_flow
4353_0,1,4.420841383377495,4353,Rickshaw,2974,99.1058205176048,0.497886262373196,4.33545813946026,7.691822749860441,27.690561899497588,10.627816491941191,0.0013185862166701248,-0.20058538177085766,0.0457380846003983,0.4220747873187066,4.375643614847572,68.8785400390625,144.384033203125,0.3658439815044403,1,with_flow
4353_0,1,4.420841383377495,4353,Rickshaw,2975,99.13914459982323,0.7601102668734595,4.328799226969642,8.045985393498018,28.965547416592866,10.627836035093708,0.000327170963093147,-0.199059956244403,0.045798240523063805,1.2300737500190735,4.384765520506428,72.12493896484375,146.29949951171875,0.4215105026960373,1,with_flow
4353_0,1,4.420841383377495,4353,Rickshaw,2976,99.17246868204165,1.0341364229048364,4.322191168543192,8.400148331874545,30.240533994748365,10.627838297285338,-0.00019140178477528025,-0.197533578677278,0.04580597204783682,1.3208682537078855,4.393887426165284,75.371337890625,148.2149658203125,0.4771770238876343,1,with_flow
51,1,4.420841383377495,51,Rickshaw,23,0.7664538910238434,-1.202232989221556,3.506557081936056,-3.1801403227430844,-11.448505161875104,6.61932732842307,0.0017942640832444567,0.5678018538457912,0.7555970595954761,-1.0802210569381714,3.4346711206067955,1452.6318359375,1267.3179931640625,0.3349558115005493,1,opposing
51,1,4.420841383377495,51,Rickshaw,24,0.7997779732422714,-1.304532873512982,3.525898102788734,-2.9595564069149476,-10.654403064893812,6.619380990372098,0.00142634668562255,0.5929816655579874,0.7556187796362992,-1.1027567386627195,3.600297067940976,1454.4228515625,1266.6612548828125,0.2825387120246887,1,opposing
51,1,4.420841383377495,51,Rickshaw,25,0.8331020554606994,-1.3994819729901053,3.5460782422552963,-2.7389708617958477,-9.860295102465052,6.619422391811518,0.0007595473475934643,0.6181634232427833,0.7557253428473909,-1.3476628065109253,3.556665765010896,1427.12255859375,1261.3118896484375,0.285446435213089,1,opposing
51,1,4.420841383377495,51,Rickshaw,26,0.8664261376791274,-1.4870802435640655,3.5670976232094715,-2.5183844111943987,-9.066183880299835,6.619431612808618,-0.0005484118026974923,0.6433508931191274,0.7559685163963836,-1.5295404195785522,3.6210759739097913,1413.972900390625,1256.2852783203125,0.3211343288421631,1,opposing
51,1,4.420841383377495,51,Rickshaw,27,0.8997502198975553,-1.5673276771335978,3.588956518954184,-2.297798506976827,-8.272074625116577,6.619385841171512,-0.0025084389474815446,0.6685492413924412,0.7563816566827555,-1.7237505118052168,3.6034250447701046,1425.41943359375,1254.120849609375,0.3280616402626037,1,opposing
51,1,4.420841383377495,51,Rickshaw,28,0.9330743021159833,-1.6402243264718266,3.611655388803832,-2.077215338814634,-7.4779752197326825,6.619264429957166,-0.004979865374272055,0.6937643163551659,0.7569721346313099,-1.885945200920105,3.600297067940976,1418.336669921875,1248.3743896484375,0.3152196705341339,1,opposing
51,0,4.420841383377495,51,Rickshaw,29,0.9663983843344113,-1.7057703276747775,3.6351948880570526,-1.8566376776453484,-6.6838956395232545,6.619053942285174,-0.0076985410146357056,0.7190019726643018,0.757736484159377,-1.8840327461560569,3.6274213388839445,1415.2760009765625,1249.013895670573,0.31341882546742755,1,opposing
51,0,4.420841383377495,51,Rickshaw,30,0.9997224665528393,-1.7639659147496352,3.6595758655998987,-1.6360685704108417,-5.88984685347903,6.618751336329699,-0.010381014220179138,0.7442679990952445,0.758675416615521,-1.8821202913920088,3.654545609826913,1412.21533203125,1249.6534016927083,0.31161798040072125,1,opposing
51,0,4.420841383377495,51,Rickshaw,31,1.0330465487712672,-1.8148114232162993,3.6847993646622834,-1.4155110154656696,-5.095839655676411,6.618362066742407,-0.012815012202391488,0.769568299129959,0.7597947637581921,-1.8802078366279606,3.681669880769882,1409.1546630859375,1250.2929077148438,0.3098171353340149,1,opposing
51,0,4.420841383377495,51,Rickshaw,32,1.0663706309896952,-1.858307284313343,3.7108666291298738,-1.1949677278155804,-4.30188382013609,6.6178972392891735,-0.014868426320230962,0.7949090305043331,0.7611037028940526,-1.8782953818639123,3.708794151712851,1406.093994140625,1250.9324137369792,0.30801629026730853,1,opposing
51,0,4.420841383377495,51,Rickshaw,33,1.0996947132081232,-1.8944540128962257,3.737779113621619,-0.9744409933777171,-3.5079875761597816,6.6173711134200985,-0.016478871496664757,0.8202966946909244,0.7626135271675305,-1.8763829270998642,3.7359184226558195,1403.0333251953125,1251.5719197591145,0.30621544520060223,1,opposing
51,0,4.420841383377495,51,Rickshaw,34,1.1330187954265512,-1.9232521918011831,3.7655384959674594,-0.7539326006685478,-2.7141573624067723,6.61679895275193,-0.017643246297130016,0.8457381944973805,0.7643369618106388,-1.874470472335816,3.763042693598788,1399.97265625,1252.21142578125,0.3044146001338959,1,opposing
51,0,4.420841383377495,51,Rickshaw,35,1.1663428776449791,-1.9447024550617764,3.7941466913269473,-0.5334438383256889,-1.9203978179724799,6.6161952234396875,-0.018394597047286413,0.8712408779890322,0.7662880272929853,-1.979815363883972,3.878751935379476,1375.781494140625,1250.295166015625,0.3313497900962829,1,opposing
51,0,4.420841383377495,51,Rickshaw,36,1.199666959863407,-1.958805471931872,3.8236058672665267,-0.31297553982160187,-1.1267119433577668,6.615572986623173,-0.018751974549973544,0.8968125073942271,0.7684728977033068,-1.884286522865296,3.892199113444807,1378.861328125,1253.3629150390625,0.3040186762809753,1,opposing
51,0,4.420841383377495,51,Rickshaw,37,1.232991042081835,-1.9655619321487638,3.8539184465432714,-0.09252809943184848,-0.3331011579546545,6.614945438756365,-0.01874463246682181,0.922460387719251,0.7708541249904493,-1.964249849319458,3.894528420146625,1365.859619140625,1252.26513671875,0.3448012173175812,1,opposing
51,0,4.420841383377495,51,Rickshaw,38,1.266315124300263,-1.9649725315939977,3.885087065932046,0.12789849598108938,0.4604345855319218,6.6143236912762156,-0.018409777104161466,0.9481898185480353,0.7733511706242382,-1.994709849357605,3.9239784497233208,1366.3551025390625,1250.693115234375,0.3202098309993744,1,opposing
51,0,4.420841383377495,51,Rickshaw,39,1.299639206518691,-1.9570379597320344,3.917114488234509,0.3483046164038901,1.2538966190540044,6.613718460904681,-0.017745141203721372,0.9740029039107602,0.7758543881654252,-1.908583641052246,3.9386759669839626,1371.500244140625,1247.87255859375,0.3365260660648346,1,opposing
51,0,4.420841383377495,51,Rickshaw,40,1.332963288737119,-1.9417588876027576,3.95000348087099,0.5686910011413002,2.0472876041086807,6.613141010187315,-0.016757572569333683,0.9998976856303539,0.778230651024336,-1.9788082838058472,3.925419674981932,1382.087890625,1249.584716796875,0.3288861215114593,1,opposing
51,0,4.420841383377495,51,Rickshaw,41,1.366287370955547,-1.9191359555374576,3.9837566691608606,0.7890587476324076,2.8406114914766674,6.612601599452518,-0.015451550520868926,1.0258675315092738,0.7803359892026325,-1.908583641052246,3.894528420146625,1389.27783203125,1251.122314453125,0.3357570767402649,1,opposing
51,0,4.420841383377495,51,Rickshaw,42,1.399611453173975,-1.8891697615202379,4.018376379145892,1.0094093044658798,3.6338734960771677,6.6121111927073954,-0.0138185214364079,1.0519012104194951,0.7820443338947446,-1.87739646434784,3.9239784497233208,1388.6778564453125,1252.181884765625,0.3710148930549621,1,opposing
51,0,4.420841383377495,51,Rickshaw,43,1.432935535392403,-1.851860849142455,4.053864500995336,1.2297444865788623,4.427080151683905,6.61168062036355,-0.01187485977676694,1.0779840824671536,0.7832809354577199,-1.7881141901016235,3.937370632733241,1399.09033203125,1256.1312255859375,0.292964369058609,1,opposing
51,0,4.420841383377495,51,Rickshaw,44,1.466259617610831,-1.8072096956235015,4.090222406763861,1.4500664573606565,5.220239246498363,6.611319755100329,-0.009682324842881859,1.1041000403912302,0.7840339471882558,-1.6736422777175903,4.010932728466362,1395.7841186523438,1261.3623657226562,0.2913646101951599,1,opposing
51,0,4.420841383377495,51,Rickshaw,45,1.4995836998292589,-1.7552167010605162,4.127450938102464,1.6703776645782378,6.013359592481656,6.61103531118529,-0.007382304278121089,1.1302337450623767,0.7843605018684272,-1.5591703653335571,4.084494824199484,1392.4779052734375,1266.593505859375,0.2897648513317108,1,opposing
51,1,4.420841383377495,51,Rickshaw,46,1.5329077820476869,-1.6958821812670477,4.165550467836741,1.8906806840566068,6.8064504626037845,6.610827738070878,-0.005188340729164141,1.1563726836794945,0.784369128434858,-1.603769063949585,4.164697838978748,1387.717529296875,1265.6650390625,0.2881375849246979,1,opposing
51,1,4.420841383377495,51,Rickshaw,47,1.5662318642661148,-1.6292063674779627,4.204521018272386,2.1109779711203323,7.5995206960331965,6.610689517799218,-0.0032936567963213472,1.1825084832669552,0.7841955272182091,-1.5712986787160237,4.254204952713349,1383.33837890625,1268.9547932942708,0.2875713109970093,1,opposing
51,1,4.420841383377495,51,Rickshaw,48,1.5995559464845428,-1.5551894143462435,4.244362409352708,2.331271639666004,8.392577902797614,6.610608221891118,-0.0018121911665960283,1.2086373702048838,0.7839750408202136,-1.5388282934824626,4.3437120664479485,1378.959228515625,1272.2445475260417,0.2870050370693207,1,opposing
51,1,4.420841383377495,51,Rickshaw,49,1.6328800287029708,-1.4738314135611383,4.285074405985603,2.5515633397345514,9.185628023044385,6.610568738584356,-0.0007949558807454274,1.234759636998227,0.7838109590888002,-1.5063579082489014,4.433219180182549,1374.580078125,1275.5343017578125,0.2864387631416321,1,opposing
51,1,4.420841383377495,51,Rickshaw,50,1.6662041109213988,-1.3851324104476923,4.32665682977256,2.771854199897591,9.978675119631328,6.610555239540858,-0.0002301828447780089,1.2608780371505453,0.7837423842133685,-1.4616256952285769,4.339800676184302,1394.25732421875,1275.70556640625,0.2965472042560577,1,opposing
51,1,4.420841383377495,51,Rickshaw,51,1.6995281931398267,-1.2890924213352362,4.369109600605042,2.9921448401667794,10.771721424600406,6.610553397320267,0.00011961892420231379,1.2869952828971167,0.7837323853174789,-1.5225931008656821,4.2763874744190105,1410.03125,1280.3380126953125,0.2861092388629913,1,opposing
5462_1,1,4.420841383377495,5462,Rickshaw,3841,127.99779980098185,-10.284979610447955,1.3074607650340562,1.8694192805224636,6.729909409880869,4.390814491969995,0.0010222195223263952,0.07474720116830678,1.0000130443104296,-10.35937213897705,1.2913617764714398,64.4647216796875,109.895263671875,0.3164107203483581,1,with_flow
5462_1,1,4.420841383377495,5462,Rickshaw,3842,128.03112388320028,-10.220244934256968,1.3105069031158285,2.0157397600524978,7.256663136188992,4.39085198628884,0.0012280641373567944,0.10807188570126627,1.0000248372040568,-10.262766202290852,1.3027483548583878,63.545613606770836,108.51420084635417,0.30706780155499774,1,with_flow
5462_1,1,4.420841383377495,5462,Rickshaw,3843,128.0644479654187,-10.150634240657029,1.3146635652073109,2.1620615809873556,7.78342169155448,4.390896340190561,0.0015665901268229177,0.14139725911074252,1.0000582788474943,-10.166160265604654,1.3141349332453358,62.626505533854164,107.13313802083333,0.29772488276163733,1,with_flow
5462_1,1,4.420841383377495,5462,Rickshaw,3844,128.09777204763714,-10.076147479567153,1.3199307907944213,2.3083851154429307,8.31018641559455,4.390956396645218,0.0021820835704805426,0.1747244531461545,1.000138442389297,-10.069554328918455,1.3255215116322838,61.7073974609375,105.7520751953125,0.288381963968277,1,with_flow
5462_1,1,4.420841383377495,5462,Rickshaw,3845,128.13109612985556,-9.996784583398608,1.3263086712857903,2.4547110463341335,8.836959766802881,4.391041772055181,0.00308185069263219,0.20805545478395418,1.0002908627752904,-9.971319198608398,1.323037509161693,61.8673095703125,103.05908203125,0.28782919049263,1,with_flow
5462_1,1,4.420841383377495,5462,Rickshaw,3846,128.164420212074,-9.912545456473561,1.3337973780858234,2.6010403749545157,9.363745349836258,4.3911617963369505,0.004246914352947855,0.24139306611141287,1.0005390731594366,-9.897000312805176,1.3473144554615404,62.1810302734375,106.3956298828125,0.3171207308769226,1,with_flow
5462_1,0,4.420841383377495,5462,Rickshaw,3847,128.19774429429242,-9.82342996473574,1.3423971890154696,2.7473743977963623,9.890547832066904,4.391324821101326,0.005647044968266023,0.2747408697352317,1.00090595717601,-9.779707527160644,1.3582252970519377,62.51669921875,107.8283935546875,0.3301761269569397,1,with_flow
5462_1,0,4.420841383377495,5462,Rickshaw,3848,128.23106837651085,-9.729437926461866,1.35210851295942,2.8937146735925077,10.417372824933027,4.391538161518578,0.007236214642872925,0.30810310828541976,1.0014072137772705,-9.662414741516113,1.3691361386423353,62.8523681640625,109.2611572265625,0.34323152303695675,1,with_flow
5462_1,0,4.420841383377495,5462,Rickshaw,3849,128.26439245872928,-9.630569104242804,1.3629319070813029,3.0400629743861765,10.944226707790236,4.391807101524744,0.008936919903037454,0.3414843820576391,1.0020484206233675,-9.545121955871583,1.3800469802327326,63.188037109375,110.6939208984375,0.35628691911697385,1,with_flow
5462_1,0,4.420841383377495,5462,Rickshaw,3850,128.2977165409477,-9.526823199217848,1.3748680829458246,3.186421198822729,11.471116315761826,4.392133790825834,0.010642022000941527,0.37488929680209476,1.0028242580265851,-9.427829170227051,1.3909578218231302,63.5237060546875,112.1266845703125,0.3693423151969909,1,with_flow
5462_1,0,4.420841383377495,5462,Rickshaw,3851,128.33104062316613,-9.418199848768202,1.3879179006060542,3.332791252531573,11.998048509113662,4.392516372757004,0.012221674699016145,0.4083220976391674,1.003718452447521,-9.31053638458252,1.4018686634135276,63.859375,113.5594482421875,0.382397711277008,1,with_flow
5462_1,0,4.420841383377495,5462,Rickshaw,3852,128.36436470538456,-9.304698628638139,1.4020823505931461,3.479174903291501,12.525029651849405,4.392948343010868,0.01353299644857974,0.44178631308753735,1.0047044400029623,-9.216423273086548,1.4127110272897663,64.326171875,113.55960083007812,0.3863659501075744,1,with_flow
5462_1,0,4.420841383377495,5462,Rickshaw,3853,128.397688787603,-9.186319060185816,1.4173625245457862,3.6255736201967474,13.052065032708292,4.393418322129632,0.01444071883847492,0.4752844332690871,1.0057467579245438,-9.122310161590576,1.4235533911660052,64.79296875,113.55975341796875,0.39033418893814087,1,with_flow
5462_1,0,4.420841383377495,5462,Rickshaw,3854,128.43101286982142,-9.063060622945326,1.4337595760274935,3.7719884212773707,13.579158316598535,4.393910790414601,0.0148378356813456,0.5088176469898801,1.006803186759036,-9.028197050094604,1.4343957550422441,65.259765625,113.55990600585938,0.3943024277687073,1,with_flow
5462_1,0,4.420841383377495,5462,Rickshaw,3855,128.46433695203984,-8.934922771754934,1.4512746739078795,3.9184197540281085,14.10631111450119,4.394407236642009,0.014655277098493333,0.5423856624189922,1.0078276218593218,-8.934083938598633,1.4452381189184829,65.7265625,113.56005859375,0.3982706665992737,1,with_flow
5462_1,0,4.420841383377495,5462,Rickshaw,3856,128.49766103425827,-8.801904957186007,1.4699089514962929,4.06486741806534,14.633522705035224,4.394887537732529,0.01387227301265785,0.5759866354958206,1.008773667522603,-8.86896800994873,1.4364105255077848,65.3704833984375,113.5101318359375,0.5705208778381348,1,with_flow
5462_1,0,4.420841383377495,5462,Rickshaw,3857,128.5309851164767,-8.664006647727831,1.4896634555369712,4.211330539514578,15.160789942252482,4.39533179817487,0.012530734800548324,0.6096172478313513,1.00960107568042,-8.721800804138184,1.4712589406851142,64.990966796875,111.343017578125,0.2824707925319671,1,with_flow
5462_1,0,4.420841383377495,5462,Rickshaw,3858,128.56430919869513,-8.521227351632657,1.5105391027788149,4.357807620398415,15.688107433434293,4.395722688206031,0.010711746119940723,0.6432731133690606,1.0102866834291548,-8.582744598388672,1.491730761360644,65.693603515625,111.5013427734375,0.6694216132164001,1,with_flow
5462_1,0,4.420841383377495,5462,Rickshaw,3859,128.59763328091356,-8.373566636161414,1.5325366536969454,4.50429663289791,16.215467878432477,4.3960457163916775,0.00848894014476864,0.6769493136276261,1.010820907247858,-8.331972122192383,1.5591880511361902,65.2685546875,113.88134765625,0.3477799892425537,1,with_flow
5462_1,0,4.420841383377495,5462,Rickshaw,3860,128.63095736313198,-8.221024143712551,1.5556567015070288,4.650795107289838,16.742862386243416,4.396288460484694,0.005885922310483432,0.7106407716021683,1.0112013872513588,-8.263026237487793,1.5477040191456728,66.677978515625,115.229248046875,0.5163599252700806,1,with_flow
5462_1,0,4.420841383377495,5462,Rickshaw,3861,128.6642814453504,-8.063599605939977,1.5798996675766823,4.797300152910557,17.270280550478006,4.396438002309689,0.0029215705576267734,0.7443421979356923,1.0114171533388414,-8.159518241882324,1.5788961501551066,66.739013671875,116.440673828125,0.5437201261520386,1,with_flow
5462_1,0,4.420841383377495,5462,Rickshaw,3862,128.69760552756884,-7.901292857827206,1.6052657905870042,4.943808468798586,17.797710487674912,4.396483177799633,-0.00030547209212009144,0.778047923930985,1.0114578999940118,-8.086583137512207,1.5840004009109871,70.035400390625,116.347900390625,0.5409814119338989,1,with_flow
5462_1,0,4.420841383377495,5462,Rickshaw,3863,128.73092960978727,-7.734103849820269,1.6317551150840002,5.090316452857613,18.32513923028741,4.396417643155463,-0.0036010072326286315,0.8117519852200215,1.0113169053621975,-7.926572799682617,1.6121128088173318,69.5225830078125,117.415771484375,0.4735274016857147,1,with_flow
5462_1,0,4.420841383377495,5462,Rickshaw,3864,128.7642536920057,-7.562032654532501,1.6593674849332383,5.236820420584704,18.852553514104933,4.396243177277454,-0.0066984092640133466,0.8454483666239303,1.0109988467784898,-7.829671382904053,1.6214454697208005,70.4783935546875,114.4307861328125,0.4405606687068939,1,with_flow
5462_1,0,4.420841383377495,5462,Rickshaw,3865,128.79757777422412,-7.385079464671842,1.6881025486670294,5.383316902090016,19.379940847524058,4.395971206473369,-0.009264445360627137,0.8791314413870011,1.0105232568693463,-7.714277267456055,1.6523672379416912,70.007568359375,116.017822265625,0.3028866052627563,1,with_flow
5462_1,0,4.420841383377495,5462,Rickshaw,3866,128.83090185644255,-7.203244580058435,1.7179597820281063,5.5298030085757155,19.907290830872576,4.395625718999643,-0.010873975493608282,0.9127965912556638,1.0099319976473224,-7.618017196655273,1.6680436671886725,70.254150390625,115.427001953125,0.3099673390388489,1,with_flow
5462_1,0,4.420841383377495,5462,Rickshaw,3878,129.2307908430637,-7.016528380699659,1.748938534546772,5.67627690376767,20.43459685356361,4.395246475966589,-0.01111020988195509,0.946440996875702,1.009291817729913,-6.549921989440918,1.80867755509924,70.2796630859375,116.84326171875,0.3657656908035278,1,with_flow
5462_1,0,4.420841383377495,5462,Rickshaw,3879,129.26411492528212,-6.824931282694856,1.7810381036744785,5.822738328735861,20.9618579834491,4.394885243904502,-0.010014775798364978,0.9800644646280384,1.0086884085006915,-6.403250694274902,1.836293233472828,68.6092529296875,118.623046875,0.3878501653671264,1,with_flow
5462_1,0,4.420841383377495,5462,Rickshaw,3880,129.29743900750054,-6.628453683780555,1.8142578248027916,5.969188558339255,21.48907881002132,4.394579009542381,-0.00810234043069566,1.013669312018998,1.0081811172402242,-6.307399749755859,1.848776046630995,67.8756103515625,120.71240234375,0.3616422116756439,1,with_flow
5462_1,1,4.420841383377495,5462,Rickshaw,3881,129.33076308971897,-6.427095922441481,1.8485971368505936,6.11562976514532,22.016267154523153,4.394345237787154,-0.005896035102010587,1.0472592451030134,1.0077952925532077,-6.188156843185425,1.8751751811578417,67.45310465494792,121.5682373046875,0.36437710126241046,1,with_flow
5462_1,1,4.420841383377495,5462,Rickshaw,3882,129.3640871719374,-6.220858258107574,1.8840556114812756,6.262064436051218,22.543431969784386,4.394186049625377,-0.0037952133987185404,1.0808383937655832,1.0075325689870338,-6.06891393661499,1.9015743156846885,67.03059895833333,122.424072265625,0.36711199084917706,1,with_flow
5462_1,1,4.420841383377495,5462,Rickshaw,3883,129.39741125415583,-6.009740868428683,1.9206329554766484,6.4084949296998595,23.070581746919494,4.394092293780483,-0.002076348333642721,1.1144106425699456,1.0073775051627467,-5.949671030044556,1.927973450211535,66.60809326171875,123.2799072265625,0.3698468804359436,1,with_flow
5462_1,1,4.420841383377495,5462,Rickshaw,3884,129.43073533637425,-5.793743859055906,1.9583289941318116,6.554923168816691,23.597723407740087,4.394047664820208,-0.0008888695246201633,1.1479791573726308,1.0073034453474792,-5.830428123474121,1.9543725847383817,66.18558756510417,124.1357421875,0.37258177002271015,1,with_flow
5462_1,1,4.420841383377495,5462,Rickshaw,3885,129.46405941859268,-5.5728672813462214,1.9971436422635456,6.701350473627426,24.124861705058734,4.394033052258243,-0.0002482315203701118,1.1815461193333956,1.0072791049742116,-5.7111852169036865,1.9807717192652285,65.76308186848958,124.9915771484375,0.37531665960947674,1,with_flow
5462_1,1,4.420841383377495,5462,Rickshaw,3886,129.4973835008111,-5.347111153160724,2.0370768701453876,6.84777754405444,24.651999158595984,4.39403112064502,0.00013230255285634485,1.2151126904422984,1.0072758799926855,-5.591942310333252,2.007170853792075,65.340576171875,125.847412109375,0.3780515491962433,1,with_flow
547_1,1,2.0951912688858583,547,Car,608,20.26104198880421,-11.936757417230456,0.3637676983530075,2.7570437546256277,9.92535751665226,4.837481222211246,0.0018942098887606562,-0.1554099639972569,-0.13923507401279048,-11.762937545776367,0.3508039626888132,114.09326171875,123.51629638671876,0.4113911986351013,1,with_flow
547_1,1,2.0951912688858583,547,Car,616,20.527634646551633,-11.842195459687483,0.35851149398888504,2.918248942124257,10.505696191647326,4.837508929819934,-0.00023129185216344675,-0.16004984084608728,-0.1392334164640062,-11.933300018310549,0.3519389009694591,123.8790283203125,132.22808837890625,0.497009813785553,1,with_flow
547_1,1,2.0951912688858583,547,Car,617,20.56095872877006,-11.742261481971731,0.35310067328352024,3.0794540495724383,11.086034578460778,4.83746580703385,-0.0031721930649016633,-0.1646894229041096,-0.1392142313217619,-11.825390815734863,0.3469477981050044,125.0654296875,133.73687744140625,0.3720235824584961,1,with_flow
547_1,1,2.0951912688858583,547,Car,618,20.59428281098849,-11.636955536989582,0.3475352594853775,3.2406557601301107,11.666360736468398,4.837297508974919,-0.007487154675135081,-0.1693277878925959,-0.13915653554863147,-11.700484275817873,0.3496690244081673,127.0167236328125,135.80242919921875,0.326283186674118,1,with_flow
547_1,1,2.0951912688858583,547,Car,619,20.627606893206917,-11.526277815055266,0.3418153189300711,3.4018492391402457,12.246657260904884,4.836966801917898,-0.012720358220279723,-0.1739632542733421,-0.13903621340062172,-11.56677932739258,0.34422657180184163,126.9283447265625,136.62691650390624,0.3286381304264068,1,with_flow
547_1,1,2.0951912688858583,547,Car,620,20.660930975425345,-11.410228685604986,0.3359409874196515,3.56302864471726,12.826903120982136,4.836449720448558,-0.018541822087123072,-0.17859333779194075,-0.13882966604468627,-11.433074378967286,0.338784119195516,126.8399658203125,137.45140380859374,0.3309930741786956,1,with_flow
547_1,0,2.0951912688858583,547,Car,621,20.694255057643772,-11.288808724242315,0.32991249636348297,3.7241874936207187,13.407074977034588,4.835731023510476,-0.024745573098138417,-0.18321479341970817,-0.1385148714336396,-11.299369430541994,0.3333416665891903,126.7515869140625,138.27589111328126,0.33334801793098445,1,with_flow
547_1,0,2.0951912688858583,547,Car,622,20.7275791398622,-11.162018730007652,0.32373019720774715,3.8853188868439035,13.987147992638052,4.834800473423629,-0.031220315379426537,-0.1878236722769879,-0.13807166371690827,-11.1656644821167,0.32789921398286465,126.6632080078125,139.10037841796876,0.33570296168327324,1,with_flow
547_1,0,2.0951912688858583,547,Car,623,20.76090322208063,-11.029859736986708,0.31739458379442054,4.046415630064203,14.567096268231131,4.833650246797298,-0.03791546663406107,-0.1924153895298036,-0.13748211238317598,-11.031959533691406,0.322456761376539,126.5748291015625,139.92486572265625,0.3380579054355621,1,with_flow
547_1,0,2.0951912688858583,547,Car,624,20.794227304299056,-10.892333023133192,0.3109063122287118,4.207470286671998,15.146893032019193,4.832273477168702,-0.044810987479081146,-0.19698480657977427,-0.13673100090504492,-10.891068458557129,0.32001307382963357,128.09890747070312,139.9145965576172,0.3674710318446159,1,with_flow
547_1,0,2.0951912688858583,547,Car,625,20.827551386517484,-10.749440117938155,0.30426621770549994,4.3684751989852,15.72651071634672,4.830663676735214,-0.05190236705483176,-0.20152633355207214,-0.13580672794264587,-10.750177383422852,0.3175693862827281,129.62298583984375,139.90432739257812,0.3968841582536697,1,with_flow
547_1,0,2.0951912688858583,547,Car,626,20.860875468735912,-10.601182809686271,0.29747532716834385,4.529422492220376,16.305920971993352,4.828814279674569,-0.05918561749656999,-0.20603408501452933,-0.13470360081514032,-10.609286308288574,0.31512569873582263,131.14706420898438,139.89405822753906,0.4262972846627235,1,with_flow
547_1,0,2.0951912688858583,547,Car,627,20.89419955095434,-10.44756315270809,0.29053486537991347,4.690304075781306,16.885094672812702,4.826719063968006,-0.0666271299799781,-0.21050212184488334,-0.13342455056304178,-10.468395233154297,0.3126820111889172,132.671142578125,139.8837890625,0.4557104110717773,1,with_flow
547_1,0,2.0951912688858583,547,Car,628,20.92752363317277,-10.288583474145911,0.28344625140679847,4.85111167744225,17.464002038792103,4.824373703759708,-0.07413036621253914,-0.21492478520234576,-0.13198394455772483,-10.326345682144165,0.29969501755500283,134.39151000976562,140.02040100097656,0.42973036319017405,1,with_flow
547_1,0,2.0951912688858583,547,Car,629,20.960847715391196,-10.124246378511623,0.2762110824585096,5.011836947754729,18.042613011917023,4.821778411130908,-0.08150500594372674,-0.21929711636926863,-0.13040935890531713,-10.184296131134033,0.2867080239210885,136.11187744140625,140.15701293945312,0.40375031530857086,1,with_flow
547_1,0,2.0951912688858583,547,Car,630,20.994171797609624,-9.954554747118765,0.26883110355441925,5.172471668599811,18.62089800695932,4.818941544721143,-0.08843611009068121,-0.22361526147977248,-0.12873889884618234,-10.042246580123901,0.27372103028717415,137.83224487304688,140.2936248779297,0.3777702674269676,1,with_flow
547_1,0,2.0951912688858583,547,Car,631,21.027495879828052,-9.779511728365616,0.2613081655525116,5.333008099791603,19.198829159249772,4.8158843067234285,-0.0944508590234977,-0.22787676011972668,-0.12701747700221439,-9.90019702911377,0.2607340366532598,139.5526123046875,140.43023681640625,0.3517902195453644,1,with_flow
547_1,0,2.0951912688858583,547,Car,632,21.06081996204648,-9.599120713651194,0.25364417560990343,5.493439501008013,19.77638220362885,4.812646568337743,-0.09886576832364453,-0.2320807114669282,-0.12529318530810918,-9.794068336486816,0.2582143760983535,139.47607421875,140.659912109375,0.5102974772453308,1,with_flow
547_1,0,2.0951912688858583,547,Car,633,21.094144044264908,-9.413385292384978,0.2458410440415221,5.653760877154068,20.353539157754643,4.809295084739018,-0.1006714004649393,-0.23622783047749432,-0.12361488820249028,-9.662894248962402,0.2482225728452576,140.171875,142.57513427734375,0.551979124546051,1,with_flow
547_1,0,2.0951912688858583,547,Car,634,21.127468126483336,-9.222309176526224,0.2379006298558199,5.813970093025345,20.93029233489124,4.805937004285467,-0.09847864163661667,-0.24032049390900811,-0.12203361637973459,-9.51512622833252,0.2482225728452576,140.443603515625,144.50653076171875,0.4450508654117584,1,with_flow
547_1,0,2.0951912688858583,547,Car,641,21.360736702012332,-9.025896080515725,0.22982468411196386,5.974069424969199,21.506649929889115,4.802731664037703,-0.09098127216457774,-0.24436281777721416,-0.12060303373124126,-8.59781551361084,0.1885555987739713,144.0115966796875,154.381103515625,0.699103593826294,1,with_flow
547_1,0,2.0951912688858583,547,Car,642,21.39406078423076,-8.824149544956729,0.22161479026804115,6.134067238354609,22.082642058076594,4.799873269497568,-0.07860466919053964,-0.2483607499259169,-0.11937706298095252,-8.443822860717773,0.1734841151365262,144.11376953125,155.18988037109375,0.5439682006835938,1,with_flow
547_1,0,2.0951912688858583,547,Car,643,21.427384866449188,-8.617072732020969,0.2132723067649774,6.293977513892246,22.658319050012086,4.797492807119987,-0.06347653334949795,-0.2523217230962028,-0.11838774829145415,-8.329069137573242,0.1822017184363997,146.41162109375,154.78131103515625,0.729551374912262,1,with_flow
547_1,0,2.0951912688858583,547,Car,644,21.460708948667616,-8.40466828046977,0.20479833197710828,6.453817246864477,23.23374208871212,4.795642675065009,-0.04770111466015621,-0.2562537528076324,-0.11763857180444037,-8.181674003601074,0.1822017184363997,147.384765625,153.42938232421875,0.5136393904685974,1,with_flow
547_1,1,2.0951912688858583,547,Car,645,21.494033030886044,-8.186938245805788,0.19619369951843002,6.613604105317989,23.80897477914476,4.7943136153862955,-0.03291474475641716,-0.26016459728828545,-0.11711198636485254,-8.017383575439453,0.1819338392955205,150.4493408203125,154.20770263671875,0.7200077772140503,1,with_flow
547_1,1,2.0951912688858583,547,Car,646,21.527357113104472,-7.963884109255324,0.1874589971706381,6.773354624304979,24.384076647497924,4.793448967744086,-0.02034866619566825,-0.2640611710662266,-0.11677580948475985,-7.878401279449463,0.1794985340594803,151.898681640625,153.5068359375,0.7718138098716736,1,with_flow
547_1,1,2.0951912688858583,547,Car,647,21.5606811953229,-7.73550683956478,0.17859460213380524,6.933082833016828,24.95909819886058,4.792957414135616,-0.010794243980687335,-0.2679491456762364,-0.11658841251170715,-7.732106685638428,0.1809166968754993,153.760009765625,153.6910400390625,0.856328547000885,1,with_flow
547_1,1,2.0951912688858583,547,Car,648,21.594005277541328,-7.501806992832757,0.16960072684153615,7.092799367595974,25.534077723345508,4.79272955119629,-0.004523993257624177,-0.27183271185662855,-0.11650344572115223,-7.598690509796143,0.1863176548254994,153.49169921875,154.81024169921875,0.7975588440895081,1,with_flow
547_1,1,2.0951912688858583,547,Car,649,21.627329359759756,-7.2627848323616435,0.16047746981562405,7.2525111637653525,26.10904018955527,4.792655898289071,-0.001250695939295658,-0.27571452603642804,-0.11647650529426619,-7.425835132598877,0.1822017184363997,154.421142578125,155.00762939453125,0.6926425695419312,1,with_flow
547_1,1,2.0951912688858583,547,Car,650,21.660653441978184,-7.01844044838146,0.15122486419516792,7.412221780439864,26.68399840958351,4.792646194607667,0.0006683134244838129,-0.2795959108506633,-0.11647299133077944,-7.294702053070068,0.183810678614019,154.1944580078125,156.091796875,0.6457222700119019,1,with_flow
6269,1,4.420841383377495,6269,Rickshaw,4260,141.96059025050317,0.5127836646578809,6.091055198669591,-1.0412289910454593,-3.7484243677636537,5.504052583140849,0.001338536768955123,0.4971825743189785,5.120592534644646,0.4698771834373474,6.065539483306779,100.387451171875,137.034912109375,0.7564300894737244,1,with_flow
6269,1,4.420841383377495,6269,Rickshaw,4261,141.9939143327216,0.481141782628608,6.110466554658321,-0.8578107189570054,-3.08811858824522,5.504099259078539,0.001462796956219074,0.6678223768290072,5.1206406284788795,0.507807195186615,6.130260502970456,104.338623046875,141.1129150390625,0.7200140357017517,1,with_flow
6269,1,4.420841383377495,6269,Rickshaw,4262,142.02723841494003,0.45561217270115434,6.135564356598894,-0.6743908319686391,-2.427806995087101,5.504150075872925,0.001617005924475499,0.8384642204025955,5.120719468283529,0.5841667652130127,6.170804986661265,104.3209228515625,142.9129638671875,0.8072324395179749,1,with_flow
6269,1,4.420841383377495,6269,Rickshaw,4263,142.06056249715846,0.4361948915217599,6.166348693820373,-0.4909691486298252,-1.7674889350673708,5.504207029555289,0.0017612048276716052,1.0091094880721847,5.120847599710161,0.4858646392822265,6.168592411399644,101.917724609375,138.702392578125,0.7811000347137451,1,with_flow
6269,1,4.420841383377495,6269,Rickshaw,4264,142.09388657937689,0.4228900020676811,6.2028197085698755,-0.30754549709410867,-1.1071637895387911,5.504267456941887,0.0017913022721908634,1.1797598722431641,5.121025990924158,0.3844281136989593,6.226740280117719,100.1732177734375,133.135498046875,0.6697053909301758,1,with_flow
6269,1,4.420841383377495,6269,Rickshaw,4265,142.1272106615953,0.415697570960168,6.244977598446022,-0.12411984320177671,-0.4468314355263962,5.504326416563682,0.0016886350400650218,1.3504169649881894,5.121248262486658,0.3887635767459869,6.257951215888036,98.9539794921875,134.609375,0.5261539816856384,1,with_flow
6269,0,4.420841383377495,6269,Rickshaw,4266,142.16053474381374,0.41461766331535677,6.292822608539382,0.05930769473742514,0.21350770105473052,5.504380001367711,0.0014889633449452749,1.521081956167519,5.121496075852418,0.3898383975028991,6.285882317514924,96.892333984375,134.873291015625,0.6085243225097656,1,with_flow
6269,0,4.420841383377495,6269,Rickshaw,4267,142.19385882603217,0.41965033840277327,6.3463550115814344,0.24273689159016854,0.8738528097246068,5.504425653237536,0.0012302509030447458,1.691755273047694,5.121743665214968,0.3959752321243286,6.326735483129659,98.8487548828125,134.971923828125,0.2948736548423767,1,with_flow
6269,0,4.420841383377495,6269,Rickshaw,4268,142.2271829082506,0.43079564679147464,6.405575080427143,0.4261674568729097,1.534202844742475,5.504461995332195,0.0009479645839076988,1.862436516814109,5.12196897513091,0.400390625,6.394354564810162,102.8800048828125,137.6470947265625,0.7524006366729736,1,with_flow
6269,1,4.420841383377495,6269,Rickshaw,4269,142.26050699046903,0.44805362881920713,6.47048306423881,0.6095990735536523,2.1945566647931485,5.504488833337005,0.0006775956364017816,2.0331247234691396,5.12216037142922,0.4434167146682739,6.458253142290317,107.2882080078125,137.53369140625,0.6597698330879211,1,with_flow
6269,1,4.420841383377495,6269,Rickshaw,4270,142.29383107268745,0.4714243143884365,6.541079175246024,0.793031439085942,2.8549131807093913,5.504507155837592,0.0004435852023377971,2.2038186858260667,5.122314494451142,0.4638394713401794,6.548352073782516,111.595458984375,138.0572509765625,0.8398411273956299,1,with_flow
6269,1,4.420841383377495,6269,Rickshaw,4271,142.32715515490588,0.5009077239781018,6.617363584896075,0.9764642927991862,3.5152714540770704,5.504518397476512,0.00025693038644837584,2.3745171963463854,5.122433685601074,0.4995220899581909,6.630315994755401,112.146240234375,138.3021240234375,0.883886992931366,1,with_flow
6269,1,4.420841383377495,6269,Rickshaw,4272,142.3604792371243,0.5365038702331013,6.699336425491895,1.1598974268246178,4.175630736568625,5.504524279776237,0.0001226297541272351,2.545219094570815,5.122517071215856,0.5437671542167664,6.684009618791888,110.24072265625,137.8265380859375,0.9083768725395204,1,with_flow
6269,1,4.420841383377495,6269,Rickshaw,4273,142.39380331934274,0.5782127598518167,6.786997789002359,1.3433306924084678,4.835990492670485,5.50452657052453,3.947730179663774e-05,2.7159230920028175,5.122559059136009,0.5665972232818604,6.724402954782015,107.0921630859375,137.4534912109375,0.8997954726219177,1,with_flow
6269,1,4.420841383377495,6269,Rickshaw,4274,142.42712740156117,0.6260343955244702,6.88034772245584,1.526763996924321,5.496350388927556,5.5045269108659385,-1.9051148342441593e-05,2.886627845274103,5.12256602170357,0.6691725254058838,6.94491325780406,126.822265625,140.575927734375,0.9215111136436462,1,with_flow
6774,1,4.420841383377495,6774,Rickshaw,4694,156.42324193330091,-10.138334154811808,1.3578673203372058,2.0953995286985108,7.543438303314639,5.579066459346173,0.001314568907233138,-0.006347703391836286,2.4261833341725856,-10.220276832580566,1.3351821914307762,44.624755859375,102.52392578125,0.4140264391899109,1,with_flow
6774,1,4.420841383377495,6774,Rickshaw,4695,156.45656601551934,-10.06540911880408,1.359002924530769,2.2813175800730705,8.212743288263054,5.579113940782759,0.0015351081686303984,0.07450300706619373,2.426208440239212,-10.087347984313965,1.3474182364532057,43.6812744140625,105.15753173828124,0.446831077337265,1,with_flow
6774,1,4.420841383377495,6774,Rickshaw,4696,156.48989009773777,-9.986288507023687,1.3628328225317252,2.467237313190962,8.882054327487463,5.579168771487824,0.0018869210478710044,0.15535497220149902,2.4262641529421884,-10.002232551574709,1.364545470742644,43.6162109375,103.76055908203124,0.4039169549942016,1,with_flow
6774,1,4.420841383377495,6774,Rickshaw,4697,156.5232141799562,-9.900972257770029,1.369357079539353,2.6531591162484642,9.551372818494471,5.579239700607037,0.0025068797145733172,0.2362097932065166,2.4263858895103905,-9.86255168914795,1.3823344197310756,43.255615234375,103.82061767578124,0.516892671585083,1,with_flow
6774,1,4.420841383377495,6774,Rickshaw,4698,156.55653826217463,-9.80946029141665,1.3785758339816931,2.8390836791835765,10.220701245060877,5.579335850419264,0.003367796274229041,0.3170702587753197,2.426608178244118,-9.670230865478516,1.4092140513791622,43.41796875,106.04931640625,0.4311289489269256,1,with_flow
6774,1,4.420841383377495,6774,Rickshaw,4699,156.58986234439305,-9.711752500518303,1.390489335134075,3.0250119697159805,10.89004309097753,5.579464158046911,0.004343743615038303,0.3979401828146818,2.4269564610554895,-9.520273208618164,1.4447765152598286,42.64697265625,108.2791748046875,0.3721185028553009,1,with_flow
6774,0,4.420841383377495,6774,Rickshaw,4700,156.62318642661148,-9.607848742507317,1.4050979703171949,3.210945093366676,11.559402336120034,5.579625352957991,0.005217094248722932,0.4788239231106386,2.4274357104778677,-9.461377143859863,1.4447458244708404,43.72900390625,107.3153076171875,0.3356063961982727,1,with_flow
6774,0,4.420841383377495,6774,Rickshaw,4701,156.6565105088299,-9.49774883909107,1.4224022692681835,3.396884042199595,12.228782551918542,5.579811867802283,0.005760945379735365,0.5597254947891026,2.428019902877022,-9.409942626953123,1.448508018471256,43.8931884765625,106.456298828125,0.3902820348739624,1,with_flow
6774,0,4.420841383377495,6774,Rickshaw,4702,156.68983459104834,-9.38145258449496,1.442402875882229,3.582829435557064,12.89818596800543,5.580009309392971,0.0058150689081394626,0.6406475910400182,2.4286572432123408,-9.39077377319336,1.4346403943371264,44.1768798828125,104.1470947265625,0.439706951379776,1,with_flow
6774,0,4.420841383377495,6774,Rickshaw,4703,156.72315867326677,-9.25895976117809,1.4651004916335986,3.768781338701638,13.567612819325896,5.580199431471084,0.005325980603940623,0.7215908915207191,2.4292812373283525,-9.346041679382324,1.4448400256786598,44.465087890625,103.1014404296875,0.4349170923233032,1,with_flow
6774,1,4.420841383377495,6774,Rickshaw,4704,156.7564827554852,-9.130270159695495,1.4904958035124851,3.9547392021670573,14.237061127801407,5.58036427622405,0.00435412352392699,0.8025538636640792,2.4298281090678913,-9.246661186218262,1.4585504703963523,44.62548828125,102.8944091796875,0.4510270953178406,1,with_flow
6774,1,4.420841383377495,6774,Rickshaw,4705,156.78980683770362,-8.995383598312282,1.5185894140733653,4.140701933337557,14.906526960015206,5.580489625811685,0.0030515991699932975,0.8835330448569354,2.430247103582934,-9.253594398498535,1.4528606110020332,46.11181640625,99.2552490234375,0.3839667737483978,1,with_flow
6774,1,4.420841383377495,6774,Rickshaw,4706,156.82313091992205,-8.854299938593574,1.5493817859088561,4.3266680611451065,15.576005020122384,5.580567659707327,0.0016968824824328105,0.9645236243794236,2.430510518452072,-9.246661186218262,1.4585504703963523,44.896728515625,110.4375,0.474691092967987,1,with_flow
6774,1,4.420841383377495,6774,Rickshaw,4707,156.85645500214048,-8.707019093520513,1.5828732127248593,4.5126360384235085,16.245489738324633,5.580602719914404,0.0006766854757461888,1.045520508457599,2.4306322431897773,-8.60456657409668,1.609075130321122,44.819580078125,112.025634765625,0.4501863121986389,1,with_flow
6774,1,4.420841383377495,6774,Rickshaw,4708,156.8897790843589,-8.553541022353041,1.6190638354687572,4.698604713194294,16.91497696749946,5.580612759552187,0.00016865415578546741,1.1265198726028294,2.4306696097646716,-8.346473693847656,1.6568768324855006,44.0731201171875,117.80419921875,0.464767187833786,1,with_flow
6774,1,4.420841383377495,6774,Rickshaw,4709,156.92310316657733,-8.393865712414154,1.657953700471016,4.884573541635787,17.584464749888834,5.580613960404312,-9.658302607817859e-05,1.2075198253804929,2.430674365325617,-8.241658210754395,1.7020531416658575,44.5499267578125,115.93603515625,0.3198456168174743,1,with_flow
7859_1,1,3.2899903263491073,7859,CNG,5513,183.71566527019343,-0.6519234020004566,3.4009905349842664,3.004452589112327,10.816029320804377,-4.291393196185709,-0.0005900399424803027,4.134534045041658,-0.8895614197366856,-0.428209125995636,3.855420194419101,1533.2767333984375,1305.99169921875,0.2991554737091064,1,with_flow
7859_1,1,3.2899903263491073,7859,CNG,5514,183.74898935241185,-0.5541855680848111,3.538276154057157,2.8614451959821414,10.30120270553571,-4.291435738714895,-0.0019632204238558882,4.104889280780841,-0.8896674134714195,-0.0850421264767646,4.002830005366679,1533.281494140625,1314.9373779296875,0.4317570626735687,1,with_flow
7859_1,1,3.2899903263491073,7859,CNG,5515,183.78231343463028,-0.461213353751303,3.6745737450929954,2.7184357845842175,9.786368824503183,-4.291524041223344,-0.0044839291656402595,4.075232382760663,-0.8904127043927463,-0.1226987987756729,3.8289792813904815,1558.62646484375,1313.11328125,0.3421006798744201,1,with_flow
7859_1,1,3.2899903263491073,7859,CNG,5516,183.8156375168487,-0.3730068642058711,3.8098824000725062,2.5754216515371553,9.271517945533759,-4.29173458436325,-0.0097015023684317,4.04552835393412,-0.8926524772808122,-0.3163178265094757,3.8019460775285183,1557.4359537760417,1307.6195068359375,0.37445529301961256,1,with_flow
7859_1,1,3.2899903263491073,7859,CNG,5517,183.84896159906714,-0.2895663429599577,3.9441995412322055,2.4323970496570317,8.756629378765314,-4.2921706285484795,-0.018091466959114795,4.015711344343227,-0.897357759931011,-0.5099368542432785,3.774912873666555,1556.2454427083333,1302.125732421875,0.40680990616480506,1,with_flow
7859_1,1,3.2899903263491073,7859,CNG,5518,183.88228568128557,-0.21089228439483054,4.077519853342947,2.289352642509209,8.241669513033152,-4.292940347428045,-0.029445948677915244,3.98568293839468,-0.9054945520750595,-0.7035558819770813,3.747879669804592,1555.054931640625,1296.6319580078125,0.4391645193099975,1,with_flow
7859_1,0,3.2899903263491073,7859,CNG,5519,183.915609763504,-0.13698555169635818,4.20983422063361,2.146275736382804,7.726592650978094,-4.294133146977964,-0.04284657863181449,3.9553140636662407,-0.9179194285230317,-0.9251666069030762,3.684754925975108,1523.646484375,1289.6153564453125,0.4579617381095886,1,with_flow
7859_1,0,3.2899903263491073,7859,CNG,5520,183.94893384572242,-0.06784747396395241,4.341128785386953,2.003151297943779,7.211344672597604,-4.295795993246255,-0.0567228164235364,3.9244504003273626,-0.9352718956753794,-0.7911530137062073,3.9859355243440175,1518.2125244140625,1293.691162109375,0.6025425791740417,1,with_flow
7859_1,0,3.2899903263491073,7859,CNG,5521,183.98225792794085,-0.0034798963320800125,4.471384247075953,1.8599637383258862,6.695869457973191,-4.297913618574282,-0.06921195862958635,3.8929212989521056,-0.9578911170447739,-0.6681908369064331,4.182093662022686,1511.642333984375,1298.8992919921875,0.5534256100654602,1,with_flow
7859_1,0,3.2899903263491073,7859,CNG,5522,184.01558201015928,0.05611483676127549,4.60057547836251,1.7166990236781245,6.180116485241249,-4.300408843245997,-0.07868853850909678,3.8605490357113714,-0.9858752245554783,0.1795016825199127,4.05325089139592,1595.2894287109375,1317.4295654296875,0.4833343029022217,1,with_flow
7859_1,0,3.2899903263491073,7859,CNG,5523,184.0489060923777,0.11093396623680712,4.728671413493469,1.573346566067535,5.664047637843126,-4.303158065228132,-0.08445930062814645,3.827156144818856,-1.0191002399556766,0.2974088191986084,3.882809506048476,1630.6361083984375,1316.83447265625,0.3204639852046966,1,with_flow
7859_1,0,3.2899903263491073,7859,CNG,5524,184.08223017459613,0.1609744505501135,4.855635199730826,1.429899993868771,5.147639977927576,-4.306037900602483,-0.0867612257157849,3.7925747652632125,-1.057083685472163,0.3851102590560913,4.3150028734886785,1595.8596801757812,1320.785400390625,0.5514943450689316,1,with_flow
7859_1,0,3.2899903263491073,7859,CNG,5525,184.11555425681456,0.2062331016564926,4.981424747158272,1.2863567995374643,4.630884478334871,-4.308940541666381,-0.08611648473533871,3.756661154340885,-1.098860899517046,0.4728116989135742,4.747196240928881,1561.083251953125,1324.736328125,0.7825247049331665,1,with_flow
7859_1,0,3.2899903263491073,7859,CNG,5526,184.148878339033,0.24670670440902087,5.105993785264624,1.1427177572920364,4.113783926251331,-4.311777406237848,-0.08309692947264294,3.7193100915987545,-1.1431175454214824,0.2821142971515655,5.153803070136805,1516.16455078125,1320.5975341796875,0.8052403330802917,1,with_flow
7859_1,0,3.2899903263491073,7859,CNG,5527,184.18220242125142,0.28239211481306115,5.229293304313995,0.9989862561713405,3.596350522216826,-4.314478799486071,-0.07809960353450268,3.6804632532338593,-1.1883851076534526,0.4059257209300995,5.452123216010657,1503.72607421875,1328.0435791015625,0.8259372711181641,1,with_flow
7859_1,0,3.2899903263491073,7859,CNG,5528,184.21552650346985,0.3132863387814989,5.3512731697316624,0.8551678645408627,3.078604312347106,-4.316982601456669,-0.07137802505048962,3.640111339862459,-1.2332144639676805,0.4381066858768463,5.705965489907889,1487.8526611328125,1332.625732421875,0.8449198603630066,1,with_flow
7859_1,0,3.2899903263491073,7859,CNG,5529,184.24885058568827,0.3393866007428435,5.471883720484337,0.7112700761507291,2.560572274142625,-4.319236013836814,-0.06323117001227233,3.598291293749096,-1.2762960142001383,0.4609924256801605,5.8538652890588505,1484.5743408203125,1336.19677734375,0.8503701090812683,1,with_flow
7859_1,0,3.2899903263491073,7859,CNG,5530,184.2821746679067,0.36069040219809534,5.591077215856153,0.5673019672836483,2.0422870822211343,-4.3211968428731815,-0.054003816296300716,3.5550802054164556,-1.3165383755017075,0.6180968880653381,5.865906722546482,1496.00146484375,1338.9674072265625,0.7575457096099854,1,with_flow
7859_1,0,3.2899903263491073,7859,CNG,5531,184.31549875012513,0.3771955684886246,5.708809045968148,0.42327382984538,1.523785787443368,-4.322835269065548,-0.044192554453094286,3.510587586493928,-1.353082818218713,0.6806524395942688,5.865906722546482,1451.519287109375,1344.9666748046875,0.8442041277885437,1,with_flow
7859_1,0,3.2899903263491073,7859,CNG,5532,184.34882283234356,0.38890028101734986,5.825038691067013,0.27919662575035487,1.0051078527012776,-4.324142195509256,-0.03447463259144044,3.4649484191013213,-1.385247292896434,0.6315373182296753,6.496309011022016,1430.084228515625,1344.779296875,0.8360256552696228,1,with_flow
7859_1,0,3.2899903263491073,7859,CNG,5533,184.382146914562,0.39580308700010414,5.939730482139633,0.13508121150657937,0.48629236142368576,-4.325132940047403,-0.02552439214373514,3.418317941164747,-1.4125195387549816,0.5628875494003296,6.473802905506445,1439.8123779296875,1341.5548095703125,0.8269413709640503,1,with_flow
7859_1,0,3.2899903263491073,7859,CNG,5534,184.4154709967804,0.39790288286342534,6.0528541466728445,-0.009062425068434798,-0.03262473024636527,-4.3258433493940025,-0.017861419011618584,3.3708627334942136,-1.434751380561682,0.4767628610134125,6.471771281717472,1442.60693359375,1340.0606689453125,0.827903151512146,1,with_flow
7859_1,0,3.2899903263491073,7859,CNG,5535,184.44879507899884,0.3951988750329749,6.164384977383969,-0.15322574509716347,-0.5516126823497886,-4.3263233708387645,-0.011804518233696309,3.322748290694938,-1.4521425773948167,0.4143946170806885,6.427403399851676,1460.4814453125,1336.9000244140625,0.6962542533874512,1,with_flow
7859_1,0,3.2899903263491073,7859,CNG,5536,184.48211916121727,0.3876905251325491,6.274303617660471,-0.2974020107877404,-1.0706472388358657,-4.32663009886634,-0.0074145082083540955,3.2741287640462096,-1.4651595438193326,0.014871209859848,6.427403399851676,1512.88818359375,1323.4091796875,0.361759603023529,1,with_flow
7859_1,0,3.2899903263491073,7859,CNG,5537,184.5154432434357,0.37537748733836057,6.382595552424538,-0.4415863890259155,-1.589711000493296,-4.326817534201053,-0.004304691265907641,3.2251396050345806,-1.4744438318085447,0.255439281463623,6.368804216872412,1503.361572265625,1333.1002197265625,0.6344796419143677,1,with_flow
7859_1,0,3.2899903263491073,7859,CNG,5538,184.54876732565413,0.3582595507392999,6.489250402891157,-0.5857754848570004,-2.108791745485201,-4.32691699863768,-0.001962486725565066,3.175893089171883,-1.4807299087076768,0.4047015607357025,6.358359414025783,1545.8570556640625,1332.0489501953125,0.6363523602485657,1,with_flow
7859_1,1,3.2899903263491073,7859,CNG,5539,184.58209140787255,0.3363366031325511,6.594261120299743,-0.7299667059982446,-2.627880141593681,-4.326948330339044,-0.00023727456060864676,3.126476820600101,-1.4847486879194425,0.3719490170478821,6.37766374289593,1574.9923095703125,1331.4290771484375,0.4796819686889648,1,with_flow
7859_1,1,3.2899903263491073,7859,CNG,5540,184.61541549009098,0.309608607749146,6.697623181360515,-0.8741581268730045,-3.1469692567428162,-4.326932812551612,0.0007981209684976915,3.076955218936304,-1.487149778690291,0.3599888384342193,6.490993295407906,1568.375732421875,1334.0858154296875,0.6967838406562805,1,with_flow
7859_1,1,3.2899903263491073,7859,CNG,5541,184.6487395723094,0.27807557954428136,6.79933387161394,-1.0183485874748073,-3.6660549149093065,-4.326895137041495,0.0010694424222146392,3.0273731512941633,-1.4884529639232449,0.1490897387266159,6.638692273904909,1553.0435791015625,1329.3182373046875,0.777746856212616,1,with_flow
7859_1,1,3.2899903263491073,7859,CNG,5542,184.68206365452784,0.24173755783424594,6.899391707975052,-1.1625377958314778,-4.18513606499332,-4.3268615361772005,0.0007244817553575415,2.9777603766684764,-1.489048216554696,-0.0923033282160759,6.883298926560965,1535.8472900390625,1323.3560791015625,0.6330301761627197,1,with_flow
7859_1,1,3.2899903263491073,7859,CNG,5543,184.71538773674627,0.2005945784510154,6.997796002542594,-1.3067261899712797,-4.704214283896607,-4.326846851662332,0.00025255391499433635,2.9281353844823377,-1.489232199158541,0.1760487258434295,6.794109010113711,1558.587158203125,1333.571044921875,0.5572998523712158,1,with_flow
7859_1,1,3.2899903263491073,7859,CNG,5544,184.7487118189647,0.15464665845523712,7.094546527080722,-1.4509143365240242,-5.223291611486488,-4.326844703922345,-0.00012365374166734,2.878507509761674,-1.489255344525082,0.3054141104221344,6.87991406960204,1547.497314453125,1338.6041259765625,0.7370060682296753,1,with_flow
8046_2,1,4.420841383377495,8046,Rickshaw,5720,190.61375028940802,-0.35830677893670176,2.072276618005655,4.368258459613301,15.725730454607884,7.288716888845024,0.001807416784586735,0.3121987378204192,1.3041661454043683,-0.3761195242404938,2.07028317938324,103.9188232421875,147.685546875,0.3172022998332977,1,with_flow
8046_2,1,4.420841383377495,8046,Rickshaw,5721,190.64707437162645,-0.2086915238319381,2.0834044910809526,4.61114926785004,16.600137364260146,7.288777285999291,0.0018174184844639552,0.3556590618104306,1.3041773970362018,-0.1908971220254898,2.084131289142868,104.5928955078125,147.8577880859375,0.4728964567184448,1,with_flow
8046_2,1,4.420841383377495,8046,Rickshaw,5722,190.68039845384487,-0.050982121926195896,2.0959806461512556,4.8540420908063355,17.474551526902808,7.288838016451027,0.0018397786905664404,0.3991197944714952,1.3041910632208544,-0.030601233243942316,2.0967352688263468,104.06103515625,147.80084228515625,0.41413091123104095,1,with_flow
8046_2,1,4.420841383377495,8046,Rickshaw,5723,190.7137225360633,0.11482149429833402,2.110005098587821,5.096936955822255,18.348973040960118,7.288899903871988,0.0018733383705721175,0.44258105269331016,1.3042092503049627,0.1296946555376052,2.109339248509825,103.5291748046875,147.743896484375,0.3553653657436371,1,with_flow
8046_2,1,4.420841383377495,8046,Rickshaw,5724,190.74704661828173,0.2887193935585324,2.1254778687458287,5.3398339024828205,19.223402048938155,7.288962871014795,0.0018933103302988252,0.48604301677338857,1.3042337325570685,0.3040477037429809,2.124339415978639,104.53369140625,151.54150390625,0.5777061581611633,1,with_flow
8046_2,1,4.420841383377495,8046,Rickshaw,5725,190.78037070050016,0.47071164570253865,2.142398984005399,5.582732954951872,20.09783863782674,7.2890260895302115,0.001878019416429056,0.5295059299096148,1.3042666128505613,0.4824270009994507,2.1445176340196284,105.0399169921875,154.4345703125,0.7611813545227051,1,with_flow
8046_2,0,4.420841383377495,8046,Rickshaw,5726,190.81369478271858,0.660798320792274,2.1607684811184655,5.825634098026467,20.972282752895282,7.289088037561677,0.0018067716639063296,0.5729701134496359,1.3043103284632296,0.6855217218399048,2.1660426987080066,104.5992431640625,156.92236328125,0.8239234089851379,1,with_flow
8046_2,0,4.420841383377495,8046,Rickshaw,5727,190.847018864937,0.8589794874201924,2.180586408743275,6.068537254981424,21.846734117933124,7.289146507545167,0.001660246275245261,0.6164359530640975,1.3043659568062342,0.824672281742096,2.177450802041373,107.119873046875,154.59375,0.8098903894424438,1,with_flow
8046_2,0,4.420841383377495,8046,Rickshaw,5728,190.88034294715544,1.0652552102396478,2.201852828520544,6.311442262471191,22.72119214489629,7.289198689928435,0.001438925706885555,0.6599038295276372,1.304432409928748,1.0973832607269287,2.2228348506084648,108.484375,158.8941650390625,0.8594081401824951,1,with_flow
8046_2,1,4.420841383377495,8046,Rickshaw,5729,190.91366702937387,1.2796255470169742,2.224567814104832,6.55434887457726,23.595655948478136,7.289242409302292,0.0011441074692235887,0.7033740768309146,1.3045071210205699,1.2548370361328125,2.235269410040592,109.496337890625,158.7027587890625,0.7203502058982849,1,with_flow
8046_2,1,4.420841383377495,8046,Rickshaw,5730,190.9469911115923,1.5020905460336746,2.248731447270766,6.797256764388031,24.470124351796912,7.289274942591177,0.0007873382569238224,0.7468467914637857,1.3045776568049527,1.4021579027175903,2.2303141781445386,110.6710205078125,155.8067626953125,0.6345866322517395,1,with_flow
8046_2,1,4.420841383377495,8046,Rickshaw,5731,190.98031519381072,1.7326502432657442,2.2743438046283404,7.040165527515594,25.344595899056138,7.289294883951907,0.0004422135484163322,0.7903215386701548,1.3046266913080766,1.7024208307266235,2.235269410040592,110.6744384765625,160.4417724609375,0.6694912314414978,1,with_flow
8046_2,1,4.420841383377495,8046,Rickshaw,5732,191.01363927602915,1.9713046610802254,2.3014049399625907,7.283074772145529,26.219069179723906,7.289304415312468,0.0001886356099278879,0.8337974449509334,1.3046479024678432,1.9719189405441284,2.308430219272609,114.974365234375,164.563232421875,0.573419988155365,1,with_flow
8046_2,1,4.420841383377495,8046,Rickshaw,5733,191.04696335824758,2.218053810433366,2.3299148781007983,7.525984214734415,27.093543173043894,7.289307456169056,5.150688443547208e-05,0.877273750290168,1.3046530513981616,2.255695581436157,2.343931478978704,119.0894775390625,169.2291259765625,0.4764602184295654,1,with_flow
8046_2,1,4.420841383377495,8046,Rickshaw,5734,191.080287440466,2.472897695068341,2.3598736258467463,7.76889370551604,27.96801733985774,7.289307848151772,-2.7981392406672967e-05,0.9207501288286607,1.3046535710294656,2.5225813388824463,2.364692289800254,117.169189453125,171.8798828125,0.4731141924858093,1,with_flow
872_1,1,4.420841383377495,872,Rickshaw,658,21.927246099725608,-15.284475360957238,4.017451045653877,-5.59372455439399,-20.137408395818365,17.435862521463473,0.004482257404902157,-0.7289308333038589,2.9112645314755516,-15.157788276672363,3.9861757285537864,51.333740234375,108.21832275390624,0.3975406885147095,1,opposing
872_1,1,4.420841383377495,872,Rickshaw,659,21.960570181944036,-15.46119985673922,3.994776571066798,-5.0126880259046676,-18.045676893256804,17.43600655745361,0.00416230115725489,-0.6319151532603731,2.911295631750622,-15.433173656463623,4.052497636540176,53.71051025390625,99.6109619140625,0.3427255004644394,1,opposing
872_1,1,4.420841383377495,872,Rickshaw,660,21.993894264162464,-15.618561764888106,3.975335077556102,-4.431646840053226,-15.953928624191613,17.436139931195438,0.00365644905770864,-0.5348979233620216,2.911361181632392,-15.708559036254885,3.9947088323129223,56.0872802734375,91.00360107421876,0.2879103124141693,1,opposing
872_1,1,4.420841383377495,872,Rickshaw,661,22.02721834638089,-15.756560938474111,3.9591266384333523,-3.8506015626588592,-13.862165625571894,17.436250253071663,0.00282547075548025,-0.4378778053774317,2.9114684412315373,-15.818810780843101,3.977642624794651,55.429545084635414,87.61400349934897,0.3008209566275279,1,opposing
872_1,1,4.420841383377495,872,Rickshaw,662,22.06054242859932,-15.875197255836031,3.946151371944024,-3.269553126525301,-11.770391255491084,17.43632824363496,0.001762537348027121,-0.34085353058433693,2.911608092620285,-15.929062525431316,3.96057641727638,54.771809895833336,84.22440592447917,0.3137316008408864,1,opposing
872_1,1,4.420841383377495,872,Rickshaw,663,22.093866510817747,-15.974470630935228,3.936409431215184,-2.6885027196662366,-9.678609790798452,17.43636772295066,0.0005547048218303229,-0.24382433902424705,2.9117591862527394,-16.03931427001953,3.9435102097581094,54.11407470703125,80.83480834960938,0.326642245054245,1,opposing
872_1,0,4.420841383377495,872,Rickshaw,664,22.127190593036175,-16.054381020255143,3.9299009812360874,-2.107451691175514,-7.586826088231851,17.43636521369314,-0.0007091285541185202,-0.14679032882132326,2.911891787915513,-16.14956601460775,3.926444002239838,53.456339518229164,77.44521077473959,0.3395528892676036,1,opposing
872_1,0,4.420841383377495,872,Rickshaw,665,22.160514675254603,-16.114928426614757,3.9266261660549544,-1.5264014550514782,-5.495045238185321,17.436320460834178,-0.0019107168123531583,-0.0497526824366632,2.9119717177167943,-16.259817759195965,3.909377794721567,52.798604329427086,74.0556131998698,0.3524635334809621,1,opposing
872_1,0,4.420841383377495,872,Rickshaw,666,22.19383875747303,-16.15611289931887,3.9265850714545447,-0.9453533614308649,-3.4032721011511136,17.436237867924838,-0.002908276405324505,0.04728629985885513,2.9119673812167797,-16.088632106781006,3.892311587203296,52.140869140625,70.666015625,0.3653741776943207,1,opposing
872_1,0,4.420841383377495,872,Rickshaw,667,22.22716283969146,-16.17793452917356,3.929777690692495,-0.3643085231860277,-1.3115106834696997,17.43612662955009,-0.003627361847643599,0.14432342901365725,2.9118586927893855,-16.324594497680664,3.889357643114036,49.77520751953125,71.28839111328125,0.34827642142772675,1,opposing
872_1,0,4.420841383377495,872,Rickshaw,668,22.260486921909887,-16.180393438904286,3.93620390313123,0.21673225593834833,0.780236121378054,17.435996110915944,-0.003992270067918112,0.24135517577042692,2.9116465694382145,-16.27911949157715,3.886403699024777,47.4095458984375,71.9107666015625,0.3311786651611328,1,opposing
872_1,0,4.420841383377495,872,Rickshaw,669,22.293811004128315,-16.163489772119483,3.945863475708836,0.7977685545849396,2.8719667965057827,17.435860552078125,-0.0038746109648937024,0.3383784690487286,2.911358429581025,-16.088632106781006,3.9390277579351967,50.517578125,74.47653198242188,0.36425381898880005,1,opposing
872_1,1,4.420841383377495,872,Rickshaw,670,22.327135086346743,-16.127223677647258,3.9587560936159223,1.3788005018446798,4.963681806640848,17.435737875207227,-0.003270013732464769,0.43539162446397556,2.9110482688271913,-15.898144721984863,3.991651816845617,53.6256103515625,77.04229736328125,0.3973289728164673,1,opposing
872_1,1,4.420841383377495,872,Rickshaw,671,22.36045916856517,-16.071595290329803,3.9748814180176697,1.9598287890966306,7.055383640747871,17.435642611665173,-0.0023667448608060797,0.5323949107823147,2.910774854297076,-15.90214729309082,4.024025809336201,57.467041015625,76.40863037109375,0.4791123867034912,1,opposing
872_1,1,4.420841383377495,872,Rickshaw,672,22.3937832507836,-15.996604715476797,3.9942391490566673,2.5408544456103908,9.147076004197407,17.435580136006564,-0.0014244571289567512,0.6293902929761512,2.9105782011288373,-15.870647430419922,4.043598017347228,57.233154296875,75.7672119140625,0.4620871543884277,1,opposing
872_1,1,4.420841383377495,872,Rickshaw,673,22.427107333002027,-15.902252022736528,4.016829069271995,3.1218785372076714,11.238762733947617,17.43554767421221,-0.0006546853706394067,0.7263805832737338,2.9104682559773076,-15.82139015197754,4.035186612323618,56.5965576171875,75.26226806640625,0.2930813431739807,1,opposing
872_1,1,4.420841383377495,872,Rickshaw,674,22.460431415220455,-15.788537248978129,4.042651054722984,3.7029019323095835,13.330446956314502,17.435536502428327,-0.00019018090312823108,0.8233684216713595,2.910426395385051,-15.870647430419922,4.046322578834396,56.3712158203125,75.502685546875,0.3237814903259277,1,opposing
872_1,1,4.420841383377495,872,Rickshaw,683,22.760348155186307,-15.655460407730876,4.071705055879619,4.283925146663735,15.422130527989447,17.435534999004105,9.995040795729437e-05,0.9203555592875986,2.910420358739456,-15.84601879119873,4.015725813650652,50.30810546875,73.52447509765625,0.3005885779857635,1,opposing
8806,1,2.0951912688858583,8806,Car,6106,203.47684602572122,-15.525670127083684,1.2280656565880372,4.400346714277364,15.841248171398512,-7.172610032649025,-0.0005354109158020037,0.4761709276113914,-1.9254619894019351,-15.242026805877687,1.1869167638630251,45.785888671875,91.0887451171875,0.506895124912262,1,with_flow
8806,1,2.0951912688858583,8806,Car,6107,203.51017010793964,-15.383015195447133,1.242864505815571,4.161324899397256,14.980769637830122,-7.1726903245587135,-0.004283441058033213,0.4120064798929295,-1.9254692217994778,-15.265649795532228,1.2143073173162322,45.1749267578125,94.78335571289062,0.4659516215324402,1,with_flow
8806,1,2.0951912688858583,8806,Car,6108,203.54349419015807,-15.248325508054231,1.2555251372341207,3.922298694130599,14.120275298870157,-7.172895516133017,-0.010125442377431217,0.3478425539727595,-1.9254202582815512,-15.265649795532228,1.241697870769439,44.56396484375,98.47796630859376,0.4250081181526184,1,with_flow
8806,1,2.0951912688858583,8806,Car,6109,203.5768182723765,-15.121601305859192,1.26604761176679,3.6832616402419465,13.259741904871008,-7.17336516670728,-0.020129702078886348,0.28368215308115274,-1.9252449615317357,-15.218403816223146,1.268911907835113,49.956298828125,109.07269287109376,0.4505231777826945,1,with_flow
8806,1,2.0951912688858583,8806,Car,6110,203.61014235459493,-15.002843123266292,1.2744321314452178,3.4442025946597985,12.399129340775275,-7.174237123827235,-0.03396863279576213,0.2195307914822594,-1.9248644592079773,-15.171157836914062,1.296125944900787,55.3486328125,119.66741943359375,0.47603823741277057,1,with_flow
8806,1,2.0951912688858583,8806,Car,6111,203.64346643681336,-14.892051939566587,1.28067912599639,3.2051061117478876,11.538382002292396,-7.1756291137315475,-0.05081229771428474,0.1553966089799066,-1.924201962785619,-15.12391185760498,1.3233399819664609,60.740966796875,130.26214599609375,0.5015532970428467,1,with_flow
8806,0,2.0951912688858583,8806,Car,6112,203.67679051903178,-14.789229308277545,1.2847893369884325,2.965953369607871,10.677432130588334,-7.1776236702007115,-0.06937879331359037,0.09129010232224408,-1.923194950647345,-15.12391185760498,1.2933055855751583,71.9658203125,130.9224853515625,0.3125783801078796,1,with_flow
8806,0,2.0951912688858583,8806,Car,6113,203.7101146012502,-14.694377447464888,1.2867638863478745,2.7267235844637594,9.816204904069535,-7.180253082956742,-0.08786982258928303,0.027223479003099467,-1.9218025606564875,-15.105543613433838,1.3109247595054299,67.16644287109375,130.57156372070312,0.3708921819925308,1,with_flow
8806,0,2.0951912688858583,8806,Car,6114,203.74343868346864,-14.607499273722762,1.2866043231531752,2.487396003874684,8.954625613948863,-7.183480032585679,-0.10411539362091181,-0.03678988968280135,-1.919994810019687,-14.763864517211914,1.3285439334357014,62.3670654296875,130.22064208984375,0.429205983877182,1,with_flow
8806,0,2.0951912688858583,8806,Car,6115,203.77676276568707,-14.528598359833817,1.2843126562790446,2.2479524211491273,8.092628716136858,-7.187192182831197,-0.11637848328483104,-0.10073586757069089,-1.9177575787279744,-14.65218734741211,1.3107034487582463,62.0152587890625,126.8436279296875,0.428193062543869,1,with_flow
8806,0,2.0951912688858583,8806,Car,6116,203.8100868479055,-14.45767881391067,1.2798913692244434,2.0083791362719436,7.2301648905789975,-7.191236444876559,-0.12366103598623591,-0.16460023821311995,-1.9151002887264301,-14.540510177612305,1.2928629640807914,61.6634521484375,123.46661376953124,0.427180141210556,1,with_flow
8806,0,2.0951912688858583,8806,Car,6117,203.84341093012392,-14.394745110479482,1.2733434103682653,1.7686680016044845,6.367204805776145,-7.1954339638920395,-0.12543317116722852,-0.22836941350346712,-1.912049667069911,-14.21170425415039,1.2677440612229218,54.6041259765625,111.88616943359376,0.4437505900859833,1,with_flow
8806,0,2.0951912688858583,8806,Car,6118,203.87673501234235,-14.33980189308097,1.2646721641361822,1.528817078524641,5.503741482688708,-7.199596335494348,-0.12195570178091612,-0.29203085531606265,-1.9086402781871805,-14.222378730773926,1.2210025218041691,53.560546875,114.8126220703125,0.4749472141265869,1,with_flow
8806,0,2.0951912688858583,8806,Car,6119,203.91005909456078,-14.292853769148236,1.253881413814905,1.2888303166664894,4.639789139999362,-7.203562087558346,-0.11400194347499928,-0.35557313283801095,-1.9049009608423397,-14.24500846862793,1.3245967076843344,69.7354736328125,125.108642578125,0.4992604553699493,1,with_flow
8806,0,2.0951912688858583,8806,Car,6120,203.9433831767792,-14.253905130051821,1.2409753107768031,1.048716596996607,3.775379749187785,-7.207194355769191,-0.10212610295871033,-0.41898551086030567,-1.900848738870952,-14.21170425415039,1.2647682965149023,59.59619140625,115.86578369140624,0.4812707602977752,1,with_flow
8806,0,2.0951912688858583,8806,Car,6121,203.97670725899764,-14.222959997888129,1.225958350604776,0.8084891339200757,2.910560882112273,-7.210368604861634,-0.08677621975068683,-0.48225823339708007,-1.896528995626937,-13.940477848052979,1.2318900348468675,64.49462890625,122.0269775390625,0.49612073600292206,1,with_flow
8806,0,2.0951912688858583,8806,Car,6122,204.01003134121606,-14.200021887428548,1.2088353243639707,0.5681650684080299,2.045394246268908,-7.212977831532344,-0.06895937794807512,-0.5453834237444921,-1.89200564293815,-13.960382461547852,1.1990117731788328,69.39306640625,128.18817138671875,0.5109707117080688,1,with_flow
8806,0,2.0951912688858583,8806,Car,6123,204.0433554234345,-14.185093690947289,1.1896112488589161,0.32776433875121747,1.1799516195043829,-7.21496462082258,-0.05026752225174953,-0.608355432934621,-1.8873466576825964,-13.817254066467283,1.1837096651154648,70.1434326171875,132.2359619140625,0.3821249902248382,1,with_flow
8806,0,2.0951912688858583,8806,Car,6124,204.07667950565292,-14.178177614512594,1.168291291983733,0.08730787991647437,0.31430836769930776,-7.216328069621212,-0.032338073253627246,-0.6711708173482918,-1.8826157826066197,-14.391118049621582,1.1176668126844425,89.64306640625,124.0443115234375,0.4813149869441986,1,with_flow
8806,0,2.0951912688858583,8806,Car,6125,204.11000358787135,-14.179275177767785,1.144880702110422,-0.15318435221473825,-0.5514636679730577,-7.217119894046359,-0.015792321481643588,-0.7338281431622705,-1.8778676962678684,-14.014537811279297,1.204343188994247,90.0350341796875,132.49740600585938,0.38648056983947754,1,with_flow
8806,0,2.0951912688858583,8806,Car,6126,204.14332767008977,-14.188387263286796,1.1193847488282571,-0.39369399778235614,-1.4172983920164821,-7.21738059886016,-0.0009871939074824103,-0.7963274723351284,-1.873141016271139,-13.637957572937012,1.1720750176344796,90.427001953125,140.95050048828125,0.2916461527347564,1,with_flow
8806,0,2.0951912688858583,8806,Car,6127,204.1766517523082,-14.205514167066696,1.0918086750942042,-0.6342044064972168,-2.2831358633899805,-7.217185688708236,0.010189593461242843,-0.8586704919820619,-1.8685002320662174,-13.986546993255615,1.1720750176344796,90.92205810546875,130.17745971679688,0.28694918751716614,1,with_flow
8806,0,2.0951912688858583,8806,Car,6128,204.20997583452663,-14.230655688483031,1.0621576251178648,-0.8747029414527112,-3.1489305892297605,-7.21670148115961,0.0156788431318831,-0.9208616493360273,-1.8640476289582177,-14.33513641357422,1.0531304699649076,91.4171142578125,119.4044189453125,0.2822522222995758,1,with_flow
8806,0,2.0951912688858583,8806,Car,6129,204.24329991674506,-14.263811309934365,1.0304365300284941,-1.1151834733657089,-4.014660504116552,-7.2161407225930025,0.015077190317698273,-0.982909510980272,-1.8599248235563093,-14.621305465698242,0.963580424606405,93.28271484375,110.606689453125,0.5056369304656982,1,with_flow
8806,0,2.0951912688858583,8806,Car,6130,204.2766239989635,-14.30498042690945,0.9966499550689387,-1.3556468055545925,-4.8803284999965335,-7.215696614100071,0.00968358067910556,-1.044827454131318,-1.856270984739194,-14.678768157958984,0.901963077505432,89.121337890625,108.12347412109376,0.6589487791061401,1,with_flow
8806,0,2.0951912688858583,8806,Car,6131,204.30994808118191,-14.354162557925745,0.9608019485207311,-1.5960991415856813,-5.745956909708453,-7.215495329715564,0.0018385685353298742,-1.1066329037798641,-1.8531852588481394,-15.03437614440918,0.7925890887048377,86.44482421875,97.3572998046875,0.3699701726436615,1,with_flow
8806,0,2.0951912688858583,8806,Car,6132,204.34327216340034,-14.411357483299694,0.9228959337222566,-1.836549501730579,-6.611578206230085,-7.215574076882,-0.0054300441633177935,-1.1683455770375972,-1.8507005999649566,-14.52898406982422,0.9140595060484762,88.817626953125,107.70086669921876,0.526641845703125,1,with_flow
8806,0,2.0951912688858583,8806,Car,6133,204.37659624561877,-14.476565282749833,0.8829346752077549,-2.077006191212852,-7.477222288366268,-7.21585723219186,-0.009934704278462669,-1.229984817072281,-1.8487662400809328,-14.26436710357666,0.9245805923590644,88.6041259765625,113.84100341796876,0.4719240665435791,1,with_flow
8806,0,2.0951912688858583,8806,Car,6134,204.4099203278372,-14.549786260240769,0.8409203275885866,-2.3174741847584057,-8.34290706513026,-7.216236206686382,-0.01145848521338116,-1.2915677957957816,-1.8473139509776941,-14.754039764404297,0.7516819924551177,89.719970703125,98.99273681640624,0.6841865181922913,1,with_flow
8806,1,2.0951912688858583,8806,Car,6135,204.44324441005563,-14.631020828826829,0.7968545087315352,-2.557955172192691,-9.208638619893687,-7.216620919198559,-0.010193327703910852,-1.3531096068057877,-1.846282892246494,-14.188918113708496,0.8625266554794795,91.723388671875,109.04974365234376,0.6808301210403442,1,with_flow
8806,1,2.0951912688858583,8806,Car,6136,204.47656849227405,-14.720269406023611,0.7507383723614222,-2.7984476789642367,-10.074411644271253,-7.216915573267351,-0.0070423780056824955,-1.4146228461224817,-1.8455853035054917,-14.408031463623049,0.7846687363050384,90.4273681640625,104.37298583984376,0.5672915577888489,1,with_flow
8806,1,2.0951912688858583,8806,Car,6137,204.50989257449248,-14.817532316445792,0.7025726990718913,-3.038947985220527,-10.940212746793897,-7.217090280765908,-0.003858929847826448,-1.4761174471968674,-1.845155787720981,-14.86843490600586,0.6435803408719984,88.5875244140625,90.30474853515624,0.6106414794921875,1,with_flow
8806,1,2.0951912688858583,8806,Car,6138,204.5432166567109,-14.92280975714268,0.6523579700977585,-3.279452479286283,-11.806028925430619,-7.217172763858399,-0.0015998834031344118,-1.537601532046534,-1.844944304012904,-14.855911254882812,0.6279911941000589,89.0693359375,87.7562255859375,0.4695789515972137,1,with_flow
8806,1,2.0951912688858583,8806,Car,6139,204.57654073892934,-15.036101822694118,0.6000944273189605,-3.519958647822121,-12.671851132159636,-7.21719691005804,-0.0004044004777285454,-1.5990812006931416,-1.8448763965253545,-15.164265632629396,0.6645549227960388,71.4539794921875,77.0433349609375,0.3940025866031647,1,with_flow
8806,1,2.0951912688858583,8806,Car,6140,204.60986482114777,-15.157408543591698,0.5457821543092901,-3.760465181178756,-13.537674652243522,-7.217199716407937,0.00023597273951736497,-1.660559795773326,-1.8448676884900375,-15.2373046875,0.6265338251316326,73.3707275390625,72.30902099609375,0.5717194080352783,1,with_flow
8816,1,4.420841383377495,8816,Rickshaw,6116,203.8100868479055,-13.183620346339497,2.174877658843039,9.255454069927831,33.319634651740195,-10.74117360653605,-0.002022155199313147,1.6693508244142692,-2.7766413771681537,-12.532349586486816,2.340879430806725,39.0028076171875,88.243408203125,0.3486308753490448,1,with_flow
8816,1,4.420841383377495,8816,Rickshaw,6117,203.84341093012392,-12.881154858064807,2.228965514249084,8.897512726654522,32.03104581595628,-10.741274652736509,-0.004042299917391401,1.5768211125955827,-2.7767005434878183,-12.48937702178955,2.341242043365637,39.52197265625,89.0325927734375,0.3527764081954956,1,with_flow
8816,1,4.420841383377495,8816,Rickshaw,6118,203.87673501234235,-12.590617501854547,2.2799698385021276,8.53956709140788,30.74244152906837,-10.741443018405647,-0.007230632408142339,1.4842863378230775,-2.776987094872933,-12.496341705322266,2.3200175000445773,40.8629150390625,85.21600341796875,0.3372135460376739,1,with_flow
8816,1,4.420841383377495,8816,Rickshaw,6119,203.91005909456078,-12.312008471969776,2.327890287219081,8.181613655509699,29.453809159834915,-10.74175656111423,-0.012847048928572056,1.3917343996621379,-2.7777807019190366,-12.306170463562012,2.3289884354061567,41.31243896484375,88.21914672851562,0.34102892875671387,1,with_flow
8816,1,4.420841383377495,8816,Rickshaw,6120,203.9433831767792,-12.045328124394425,2.372725950337175,7.82364618854089,28.165126278747202,-10.742299250635167,-0.020966304738104027,1.2991432864914767,-2.779390535744408,-12.306170463562012,2.337959370767736,41.761962890625,91.2222900390625,0.3448443114757538,1,with_flow
8816,1,4.420841383377495,8816,Rickshaw,6121,203.97670725899764,-11.790577069526183,2.414475011294104,7.465655657351918,26.876360366466905,-10.743153926840048,-0.031392038712631645,1.2064805992518632,-2.7821268106494115,-12.268616676330566,2.3135541263257138,41.5626220703125,89.716357421875,0.3400010585784912,1,with_flow
8816,0,4.420841383377495,8816,Rickshaw,6122,204.01003134121606,-11.547756263101236,2.4531344048840458,7.107630435657612,25.587469568367403,-10.744391472393295,-0.0436067234375715,1.1137039388568915,-2.786273979803936,-12.231062889099121,2.289148881883692,41.36328125,88.2104248046875,0.33515780568122866,1,with_flow
8816,0,4.420841383377495,8816,Rickshaw,6123,204.0433554234345,-11.316867083941151,2.488699505135208,6.749556882785145,24.298404778026523,-10.746060234914268,-0.056788327368480565,1.020762393439087,-2.792051531395804,-12.193509101867674,2.3200175000445773,41.1639404296875,86.7044921875,0.33031455278396604,1,with_flow
8816,0,4.420841383377495,8816,Rickshaw,6124,204.07667950565292,-11.097911386743434,2.521163885014502,6.391420258103844,23.00911292917384,-10.748176310173843,-0.06983170853003175,0.9275993390204983,-2.79957914541922,-12.155955314636229,2.3289884354061567,40.964599609375,85.1985595703125,0.3254712998867035,1,with_flow
8816,0,4.420841383377495,8816,Rickshaw,6125,204.11000358787135,-10.890891519108878,2.550519184266822,6.033205949847777,21.719541419451996,-10.750714390107284,-0.08136556502449344,0.8341559903607283,-2.80886533367002,-12.118401527404783,2.337959370767736,40.7652587890625,83.692626953125,0.3206280469894409,1,with_flow
8816,0,4.420841383377495,8816,Rickshaw,6134,204.4099203278372,-10.6958102926424,2.5767551012382643,5.67490099950799,20.429643598228765,-10.753599175731093,-0.08992390562549225,0.7403753053569605,-2.819794601226832,-10.775545120239258,2.397010577621808,42.22705078125,106.5361328125,0.3378621339797973,1,with_flow
8816,0,4.420841383377495,8816,Rickshaw,6135,204.44324441005563,-10.512670899163421,2.599859522053235,5.316495817171781,19.13938494181841,-10.756707653356216,-0.09461100532236057,0.6462062977977703,-2.8321196589201554,-10.485153198242188,2.471654479315912,43.3397216796875,112.72412109375,0.3720414042472839,1,with_flow
8816,0,4.420841383377495,8816,Rickshaw,6136,204.47656849227405,-10.341476778094947,2.619818793469251,4.957985194408852,17.84874669987187,-10.759904825571354,-0.09528148175870958,0.5516082020736552,-2.8454789378519454,-10.081017017364502,2.577404293964835,43.43939208984375,121.3824462890625,0.3887344896793365,1,with_flow
8816,0,4.420841383377495,8816,Rickshaw,6137,204.50989257449248,-10.182231467530483,2.6366181212182442,4.599368405586848,16.557726260112652,-10.763057989220258,-0.09215616653923048,0.456553745505186,-2.859431611014257,-9.676880836486816,2.683154108613758,43.5390625,130.040771484375,0.4054275751113891,1,with_flow
8816,0,4.420841383377495,8816,Rickshaw,6138,204.5432166567109,-10.034938457838413,2.6502420545918435,4.2406489716868485,15.266336298072655,-10.766046864912731,-0.08577599426313032,0.36103095413611364,-2.8735097489900365,-9.321894645690918,2.800839979128006,42.69921875,139.66156005859375,0.518126904964447,1,with_flow
8816,0,4.420841383377495,8816,Rickshaw,6139,204.57654073892934,-9.899601059143805,2.660675000676818,3.881834057937292,13.974602608574251,-10.768774801790642,-0.07696133011541464,0.2650430918858815,-2.887277161806164,-9.321894645690918,2.758138624844608,42.7471923828125,135.002685546875,0.3969162702560425,1,with_flow
8816,0,4.420841383377495,8816,Rickshaw,6140,204.60986482114777,-9.776222294773957,2.6679017035424892,3.522933537812447,12.68256073612481,-10.771176196297542,-0.06659617091535057,0.16860666295058602,-2.9003781482500592,-9.267648696899414,2.779166250386611,43.802490234375,134.08392333984375,0.5190698504447937,1,with_flow
8816,0,4.420841383377495,8816,Rickshaw,6141,204.6431889033662,-9.664804827992354,2.6719076410844185,3.1639589931635914,11.390252375388929,-10.773213314340673,-0.055455550576119506,0.07174881860842763,-2.912527286452418,-9.262051582336426,2.752650827928078,45.722900390625,133.50067138671875,0.4700779020786285,1,with_flow
8816,0,4.420841383377495,8816,Rickshaw,6142,204.67651298558462,-9.56535091974736,2.6726793418236365,2.8049228554874652,10.097722279754874,-10.774872206951276,-0.04419281713530502,-0.025494913337123837,-2.9235063657057507,-9.18045139312744,2.7644396389676222,47.0931396484375,135.07427978515625,0.4967340528964996,1,with_flow
8816,0,4.420841383377495,8816,Rickshaw,6143,204.70983706780305,-9.477862412772907,2.6702046285418284,2.4458376837583744,8.805015661530149,-10.776158684484034,-0.0333722545310227,-0.12308269603978772,-2.9331538974179354,-9.15783977508545,2.777505399713159,48.9820556640625,133.7119140625,0.5355381369590759,1,with_flow
8816,0,4.420841383377495,8816,Rickshaw,6144,204.74316115002148,-9.402340737903604,2.664472797175492,2.0867155404841418,7.512175945742911,-10.777096406458888,-0.02348439033011685,-0.22096828470537866,-2.9413682518333863,-9.185911178588867,2.769995913598311,50.26318359375,130.16650390625,0.5680009722709656,1,with_flow
8816,0,4.420841383377495,8816,Rickshaw,6145,204.7764852322399,-9.338786940067878,2.6554747288754856,1.7275674413433055,6.2192427888359,-10.777723875992455,-0.014901387745035952,-0.31910316112043025,-2.948115357755986,-9.262051582336426,2.775232152487181,51.0887451171875,130.326171875,0.526806116104126,1,with_flow
8816,0,4.420841383377495,8816,Rickshaw,6146,204.80980931445833,-9.287201720592853,2.6432029277497775,1.3684029369817754,4.926250573134392,-10.778089556599657,-0.007851389389022197,-0.4174388268753568,-2.953431146589149,-9.145785331726074,2.759393221721628,52.400146484375,129.8089599609375,0.4552246332168579,1,with_flow
8816,0,4.420841383377495,8816,Rickshaw,6147,204.84313339667676,-9.247585490516148,2.6276514803119793,1.009229870722371,3.6332275346005356,-10.778247156683513,-0.002478248902301476,-0.5159292304451657,-2.957427115921455,-9.33955192565918,2.6573145931265825,53.0830078125,123.2049560546875,0.4829742014408111,1,with_flow
8816,0,4.420841383377495,8816,Rickshaw,6148,204.8764574788952,-9.21993843029206,2.6088159322676283,0.6500542126581066,2.3401951655691837,-10.778254727340013,0.0012000889651614549,-0.6145332203542667,-2.9602809949870097,-9.392333030700684,2.6193836163916906,53.735595703125,118.7279052734375,0.4913278818130493,1,with_flow
8816,0,4.420841383377495,8816,Rickshaw,6149,204.90978156111362,-9.204260553432176,2.5866930954272993,0.2908800301867851,1.0471681086724265,-10.778167172956824,0.0033476651005044586,-0.7132161036319555,-2.9621969773972787,-9.409627914428713,2.581455478111272,55.02587890625,117.072265625,0.5108633041381836,1,with_flow
8816,0,4.420841383377495,8816,Rickshaw,6150,204.94310564333205,-9.200551767077824,2.561280822478147,-0.06829031664979812,-0.24584513993927323,-10.778031611605915,0.0042261316392858345,-0.8119501430658194,-2.9633864490996458,-9.43011506398519,2.526148665782691,52.684651692708336,114.83846028645833,0.4380718469619751,1,with_flow
8816,0,4.420841383377495,8816,Rickshaw,6151,204.97642972555047,-9.208811924163072,2.532577773291408,-0.42745588090664177,-1.5388411712639105,-10.777885509040397,0.004141946039678553,-0.9107146049619078,-2.964055887836912,-9.450602213541668,2.47084185345411,50.343424479166664,112.60465494791667,0.3652803897857666,1,with_flow
8816,1,4.420841383377495,8816,Rickshaw,6152,205.0097538077689,-9.229040864915627,2.5005831873159274,-0.7866167870526016,-2.8318204333893657,-10.777755558505174,0.0034270576089872203,-1.00949531422785,-2.964389394896331,-9.471089363098145,2.415535041125529,48.002197265625,110.370849609375,0.2924889326095581,1,with_flow
8816,1,4.420841383377495,8816,Rickshaw,6153,205.04307788998733,-9.261238446445976,2.4652966807276253,-1.145773860769166,-4.124785898768998,-10.777657101941339,0.002418069545659203,-1.1082836159779346,-2.9645314819372235,-9.455979347229004,2.402727579737025,48.1287841796875,110.0533447265625,0.3131897747516632,1,with_flow
8816,1,4.420841383377495,8816,Rickshaw,6154,205.07640197220576,-9.305404559798992,2.426718087091478,-1.5049282512413609,-5.4177417044689,-10.777594398608475,0.0014160636379832903,-1.2070748371896165,-2.96457657049059,-9.423093795776367,2.402727579737025,45.501220703125,109.166015625,0.3045706450939178,1,with_flow
8816,1,4.420841383377495,8816,Rickshaw,6155,205.1097260544242,-9.361539134883248,2.384847351338755,-1.8640810917266573,-6.710691930215966,-10.777562723899141,0.0006379804704458667,-1.305866750884365,-2.9645803345521893,-9.389973004659018,2.341163039716142,45.264811197916664,107.70084635416667,0.2977908651034037,1,with_flow
8816,1,4.420841383377495,8816,Rickshaw,6156,205.14305013664261,-9.429642135554223,2.3396844660767218,-2.223233255886514,-8.003639721191451,-10.777551878381173,0.00018474383479730487,-1.4046586050641774,-2.9645766417676116,-9.356852213541666,2.320045056706752,45.028401692708336,106.23567708333333,0.2910110851128896,1,with_flow
8816,1,4.420841383377495,8816,Rickshaw,6157,205.17637421886104,-9.509713548678777,2.2912294345471933,-2.5823852441222543,-9.296586878840117,-10.777550411061661,-9.668022352116168e-05,-1.5034503800707326,-2.964575811675641,-9.323731422424316,2.2989270736973624,44.7919921875,104.7705078125,0.2842313051223755,1,with_flow
8853_0,1,4.420841383377495,8853,Rickshaw,6147,204.84313339667676,-20.534754808022207,2.155260290645816,1.9066362414798994,6.863890469327638,4.398452386080233,0.001271284926218641,-0.3006894806700122,-0.752718263396047,-20.37575912475586,2.140637111948375,30.9327392578125,67.83709716796875,0.3600731790065765,1,with_flow
8853_0,1,4.420841383377495,8853,Rickshaw,6148,204.8764574788952,-20.468775670038003,2.1448221439589927,2.053211217143699,7.391560381717317,4.398486256197834,0.0007614862917909834,-0.3257732037145057,-0.7527213387223797,-20.2905216217041,2.107834158025573,30.0211181640625,67.1153564453125,0.3584999740123749,1,with_flow
8853_0,1,4.420841383377495,8853,Rickshaw,6149,204.90978156111362,-20.3979120389729,2.1335481063791915,2.1997870919521323,7.919233531027676,4.398503137743825,-9.313337474142615e-05,-0.350856731873192,-0.7527014188143594,-20.28421115875244,2.1220211082879032,31.058349609375,69.956787109375,0.4544017016887665,1,with_flow
8853_0,1,4.420841383377495,8853,Rickshaw,6150,204.94310564333205,-20.322163898225643,2.121438203840776,2.346362936044443,8.446906569759994,4.398480049029359,-0.0017160799098306688,-0.37593867413007326,-0.7526183941511486,-20.2905216217041,2.117596312571472,31.2052001953125,71.695068359375,0.5045660734176636,1,with_flow
8853_0,1,4.420841383377495,8853,Rickshaw,6151,204.97642972555047,-20.24153127607214,2.108492533152222,2.492936956700657,8.974573044122366,4.398388764167808,-0.004211742090610978,-0.4010161168689962,-0.7524227800741325,-20.264663696289062,2.123110719998685,31.765869140625,72.29217529296875,0.485813170671463,1,with_flow
8853_0,1,4.420841383377495,8853,Rickshaw,6152,205.0097538077689,-20.156014276670316,2.0947113163174453,2.6395063830610948,9.502222979019942,4.398199344149939,-0.007584187775189143,-0.4260844518962566,-0.7520637680744688,-20.27790069580078,2.091164979326698,32.5048828125,69.77789306640625,0.4853221476078033,1,with_flow
8853_0,0,4.420841383377495,8853,Rickshaw,6153,205.04307788998733,-20.065613113036033,2.0800949561368616,2.786067460511687,10.029842857842073,4.397883291973847,-0.011728927806565455,-0.4511374693937514,-0.7514960584556132,-20.254846572875977,2.06774276263,32.3057861328125,69.84686279296875,0.516660749912262,1,with_flow
8853_0,0,4.420841383377495,8853,Rickshaw,6154,205.07640197220576,-19.97032813828929,2.0646440873247407,2.932615565892271,10.557416037212176,4.397417632640819,-0.016441519432723553,-0.47616745278605244,-0.7506730661710014,-20.11865234375,2.06487166593067,31.5667724609375,69.6407470703125,0.5138154625892639,1,with_flow
8853_0,0,4.420841383377495,8853,Rickshaw,6155,205.1097260544242,-19.870159870906445,2.0483596286968915,3.079145443708927,11.084923597352137,4.396787494883103,-0.021497628767769526,-0.5011650349631298,-0.749542520183806,-19.95557403564453,2.092963849848894,31.8856201171875,72.031982421875,0.4682466089725494,1,with_flow
8853_0,0,4.420841383377495,8853,Rickshaw,6156,205.14305013664261,-19.76510901137613,2.0312428404017897,3.225651463817045,11.612345269741361,4.395984855143702,-0.026711583545204257,-0.5261191153470288,-0.7480557255918212,-19.97567367553711,2.082859306732203,31.728515625,72.06927490234375,0.4339812397956848,1,with_flow
8853_0,0,4.420841383377495,8853,Rickshaw,6157,205.17637421886104,-19.6551764512929,2.0132953757530014,3.372127816694618,12.139660140100625,4.395007216870614,-0.031846184229244005,-0.5510173382094887,-0.7461888181902403,-20.030731201171875,2.0486896369807046,32.0205078125,69.67431640625,0.4706002175807953,1,with_flow
8853_0,0,4.420841383377495,8853,Rickshaw,6158,205.20969830107947,-19.540363275646357,1.9945193072257743,3.5185687618714923,12.666847542737372,4.393862365420505,-0.03649983162668994,-0.5758470755594498,-0.7439488252918659,-19.916912078857425,2.022628367237835,30.7393798828125,67.57562255859375,0.3781119287014007,1,with_flow
8853_0,0,4.420841383377495,8853,Rickshaw,6159,205.2430223832979,-19.420670753542073,1.9749171194319413,3.6649690820636027,13.19388869542897,4.39257457009044,-0.04016763915663892,-0.6005963523373493,-0.7413666388625815,-19.71468162536621,2.054504210968426,30.5867919921875,68.70513916015625,0.3087808191776275,1,with_flow
8853_0,0,4.420841383377495,8853,Rickshaw,6160,205.27634646551633,-19.29610031121106,1.9544916749524361,3.8113246601163717,13.720768776418938,4.391185266000953,-0.042371258636184995,-0.6252545918486726,-0.7384976749480916,-19.6086540222168,2.025539202299786,31.37109375,69.58642578125,0.3510090112686157,1,with_flow
8853_0,0,4.420841383377495,8853,Rickshaw,6161,205.30967054773475,-19.166653486277,1.9332461504269802,3.9576330090541667,14.247478832595,4.389750603477459,-0.04265964646626646,-0.649813775680053,-0.7354423721657867,-19.567529678344727,2.025539202299786,31.2982177734375,69.22900390625,0.4012441635131836,1,with_flow
8853_0,0,4.420841383377495,8853,Rickshaw,6176,205.80953178101117,-19.032331865334108,1.9111839249911697,4.103893761731447,14.77401754223321,4.388342078868451,-0.04065949583632466,-0.6742700404895131,-0.7323503504790474,-18.32472801208496,1.8295093272826135,31.9290771484375,70.27142333984375,0.3203150928020477,1,with_flow
8853_0,0,4.420841383377495,8853,Rickshaw,6177,205.8428558632296,-18.89313700471877,1.888308414199437,4.250109159465045,15.300392974074162,4.38704072271304,-0.03658191179663205,-0.6986252903173209,-0.7294098943604408,-18.33088493347168,1.7917193862543437,33.2677001953125,68.85382080078125,0.323822408914566,1,with_flow
8853_0,0,4.420841383377495,8853,Rickshaw,6178,205.87617994544803,-18.749070344307903,1.8646228692315123,4.396283813854816,15.826621729877338,4.385903961595615,-0.03118692407287602,-0.7228872785747923,-0.7267735947717355,-18.277026494344074,1.7847834453464244,32.783650716145836,68.51167805989583,0.3133318026860555,1,with_flow
8853_0,0,4.420841383377495,8853,Rickshaw,6179,205.90950402766646,-18.600133143683742,1.840130209096789,4.542423783987017,16.35272562235326,4.384962171469152,-0.025215101446051446,-0.7470678575717443,-0.7245349618850967,-18.223168055216473,1.777847504438505,32.299601236979164,68.16953531901042,0.3028411964575449,1,with_flow
8853_0,0,4.420841383377495,8853,Rickshaw,6180,205.94282810988489,-18.446326447980045,1.8148329159736514,4.68853575734152,16.878728726429472,4.384223421368146,-0.019268306878318597,-0.7711811056611074,-0.7227359349428999,-18.169309616088867,1.7709115635305857,31.8155517578125,67.827392578125,0.2923505902290344,1,with_flow
8853_0,0,4.420841383377495,8853,Rickshaw,6181,205.9761521921033,-18.287651078504982,1.7887329875849582,4.834626380785658,17.40465497082837,4.383677974183906,-0.013809851004535714,-0.7952417965068063,-0.7213782415962857,-18.115729331970215,1.7455793330787375,33.1883544921875,66.11492919921875,0.3120260387659073,1,with_flow
8853_0,1,4.420841383377495,8853,Rickshaw,6182,206.00947627432174,-18.12410764311616,1.7618319342902518,4.980701745412409,17.930526283484674,4.383303020147547,-0.009157410812413341,-0.819264239043478,-0.7204332941076432,-18.06214904785156,1.7202471026268893,34.5611572265625,64.4024658203125,0.3317014873027801,1,with_flow
8853_0,1,4.420841383377495,8853,Rickshaw,6183,206.04280035654017,-17.955696561090498,1.734130810676172,5.126767033103302,18.45636131917189,4.383067649562264,-0.005482163646944072,-0.8432613236581327,-0.7198446697108487,-17.95607280731201,1.716076703392591,34.39739990234375,64.98269653320312,0.3201008439064026,1,with_flow
8853_0,1,4.420841383377495,8853,Rickshaw,6184,206.0761244387586,-17.782418096990536,1.7056302779929875,5.272826329247642,18.982174785291512,4.382937644003336,-0.0028329107904319687,-0.8672436290976941,-0.7195314075953776,-17.84999656677246,1.711906304158293,34.233642578125,65.56292724609375,0.308500200510025,1,with_flow
8853_0,1,4.420841383377495,8853,Rickshaw,6185,206.10944852097703,-17.604272398367765,1.6763306927789077,5.418882571359517,19.50797725689426,4.382878841258068,-0.0011600238490856122,-0.891218799966407,-0.7194009517288389,-17.745699564615887,1.7139915037754418,36.187093098958336,66.23604329427083,0.3170066674550374,1,with_flow
8853_0,1,4.420841383377495,8853,Rickshaw,6186,206.14277260319545,-17.421259533404402,1.64623220814879,5.564937603433021,20.03377537235888,4.3828603305430915,-0.00031369181422900546,-0.915191426805578,-0.7193655675679012,-17.64140256245931,1.711906304158293,38.140543619791664,66.90915934244792,0.3255131344000498,1,with_flow
8853_0,1,4.420841383377495,8853,Rickshaw,6187,206.17609668541388,-17.233379524916902,1.6153348694060858,5.710992341549838,20.55957242957942,4.382857934274451,0.00016987578206340004,-0.9391635230736223,-0.7193615244180009,-17.537105560302734,1.6528279545833229,40.093994140625,67.582275390625,0.3340196013450622,1,with_flow
